// ============================================================
// OpenCode logo — generated by tools/gen_oc_logo.js.
// Source: the OpenCode logo, github.com/anomalyco/opencode (MIT).
// The mark and wordmark are the pixel grids in
// design/opencode-screen/IMPL.md, each cell expanded to a square
// block — no resampling, so every size stays crisp.
// Do not edit by hand — re-run the generator to refresh.
// ============================================================
#pragma once
#include <stdint.h>
#include "lvgl.h"

#define OC_MARK_L_W 40   /* 4 cells x 10 px */
#define OC_MARK_L_H 50   /* 5 cells x 10 px */
static const uint8_t oc_mark_l_data[4000] = {
    0x7D, 0xF7, 0x7D, 0xF7, 0x7D, 0xF7, 0x7D, 0xF7, 0x7D, 0xF7, 0x7D, 0xF7, 0x7D, 0xF7, 0x7D, 0xF7,
    0x7D, 0xF7, 0x7D, 0xF7, 0x7D, 0xF7, 0x7D, 0xF7, 0x7D, 0xF7, 0x7D, 0xF7, 0x7D, 0xF7, 0x7D, 0xF7,
    0x7D, 0xF7, 0x7D, 0xF7, 0x7D, 0xF7, 0x7D, 0xF7, 0x7D, 0xF7, 0x7D, 0xF7, 0x7D, 0xF7, 0x7D, 0xF7,
    0x7D, 0xF7, 0x7D, 0xF7, 0x7D, 0xF7, 0x7D, 0xF7, 0x7D, 0xF7, 0x7D, 0xF7, 0x7D, 0xF7, 0x7D, 0xF7,
    0x7D, 0xF7, 0x7D, 0xF7, 0x7D, 0xF7, 0x7D, 0xF7, 0x7D, 0xF7, 0x7D, 0xF7, 0x7D, 0xF7, 0x7D, 0xF7,
    0x7D, 0xF7, 0x7D, 0xF7, 0x7D, 0xF7, 0x7D, 0xF7, 0x7D, 0xF7, 0x7D, 0xF7, 0x7D, 0xF7, 0x7D, 0xF7,
    0x7D, 0xF7, 0x7D, 0xF7, 0x7D, 0xF7, 0x7D, 0xF7, 0x7D, 0xF7, 0x7D, 0xF7, 0x7D, 0xF7, 0x7D, 0xF7,
    0x7D, 0xF7, 0x7D, 0xF7, 0x7D, 0xF7, 0x7D, 0xF7, 0x7D, 0xF7, 0x7D, 0xF7, 0x7D, 0xF7, 0x7D, 0xF7,
    0x7D, 0xF7, 0x7D, 0xF7, 0x7D, 0xF7, 0x7D, 0xF7, 0x7D, 0xF7, 0x7D, 0xF7, 0x7D, 0xF7, 0x7D, 0xF7,
    0x7D, 0xF7, 0x7D, 0xF7, 0x7D, 0xF7, 0x7D, 0xF7, 0x7D, 0xF7, 0x7D, 0xF7, 0x7D, 0xF7, 0x7D, 0xF7,
    0x7D, 0xF7, 0x7D, 0xF7, 0x7D, 0xF7, 0x7D, 0xF7, 0x7D, 0xF7, 0x7D, 0xF7, 0x7D, 0xF7, 0x7D, 0xF7,
    0x7D, 0xF7, 0x7D, 0xF7, 0x7D, 0xF7, 0x7D, 0xF7, 0x7D, 0xF7, 0x7D, 0xF7, 0x7D, 0xF7, 0x7D, 0xF7,
    0x7D, 0xF7, 0x7D, 0xF7, 0x7D, 0xF7, 0x7D, 0xF7, 0x7D, 0xF7, 0x7D, 0xF7, 0x7D, 0xF7, 0x7D, 0xF7,
    0x7D, 0xF7, 0x7D, 0xF7, 0x7D, 0xF7, 0x7D, 0xF7, 0x7D, 0xF7, 0x7D, 0xF7, 0x7D, 0xF7, 0x7D, 0xF7,
    0x7D, 0xF7, 0x7D, 0xF7, 0x7D, 0xF7, 0x7D, 0xF7, 0x7D, 0xF7, 0x7D, 0xF7, 0x7D, 0xF7, 0x7D, 0xF7,
    0x7D, 0xF7, 0x7D, 0xF7, 0x7D, 0xF7, 0x7D, 0xF7, 0x7D, 0xF7, 0x7D, 0xF7, 0x7D, 0xF7, 0x7D, 0xF7,
    0x7D, 0xF7, 0x7D, 0xF7, 0x7D, 0xF7, 0x7D, 0xF7, 0x7D, 0xF7, 0x7D, 0xF7, 0x7D, 0xF7, 0x7D, 0xF7,
    0x7D, 0xF7, 0x7D, 0xF7, 0x7D, 0xF7, 0x7D, 0xF7, 0x7D, 0xF7, 0x7D, 0xF7, 0x7D, 0xF7, 0x7D, 0xF7,
    0x7D, 0xF7, 0x7D, 0xF7, 0x7D, 0xF7, 0x7D, 0xF7, 0x7D, 0xF7, 0x7D, 0xF7, 0x7D, 0xF7, 0x7D, 0xF7,
    0x7D, 0xF7, 0x7D, 0xF7, 0x7D, 0xF7, 0x7D, 0xF7, 0x7D, 0xF7, 0x7D, 0xF7, 0x7D, 0xF7, 0x7D, 0xF7,
    0x7D, 0xF7, 0x7D, 0xF7, 0x7D, 0xF7, 0x7D, 0xF7, 0x7D, 0xF7, 0x7D, 0xF7, 0x7D, 0xF7, 0x7D, 0xF7,
    0x7D, 0xF7, 0x7D, 0xF7, 0x7D, 0xF7, 0x7D, 0xF7, 0x7D, 0xF7, 0x7D, 0xF7, 0x7D, 0xF7, 0x7D, 0xF7,
    0x7D, 0xF7, 0x7D, 0xF7, 0x7D, 0xF7, 0x7D, 0xF7, 0x7D, 0xF7, 0x7D, 0xF7, 0x7D, 0xF7, 0x7D, 0xF7,
    0x7D, 0xF7, 0x7D, 0xF7, 0x7D, 0xF7, 0x7D, 0xF7, 0x7D, 0xF7, 0x7D, 0xF7, 0x7D, 0xF7, 0x7D, 0xF7,
    0x7D, 0xF7, 0x7D, 0xF7, 0x7D, 0xF7, 0x7D, 0xF7, 0x7D, 0xF7, 0x7D, 0xF7, 0x7D, 0xF7, 0x7D, 0xF7,
    0x7D, 0xF7, 0x7D, 0xF7, 0x7D, 0xF7, 0x7D, 0xF7, 0x7D, 0xF7, 0x7D, 0xF7, 0x7D, 0xF7, 0x7D, 0xF7,
    0x7D, 0xF7, 0x7D, 0xF7, 0x7D, 0xF7, 0x7D, 0xF7, 0x7D, 0xF7, 0x7D, 0xF7, 0x7D, 0xF7, 0x7D, 0xF7,
    0x7D, 0xF7, 0x7D, 0xF7, 0x7D, 0xF7, 0x7D, 0xF7, 0x7D, 0xF7, 0x7D, 0xF7, 0x7D, 0xF7, 0x7D, 0xF7,
    0x7D, 0xF7, 0x7D, 0xF7, 0x7D, 0xF7, 0x7D, 0xF7, 0x7D, 0xF7, 0x7D, 0xF7, 0x7D, 0xF7, 0x7D, 0xF7,
    0x7D, 0xF7, 0x7D, 0xF7, 0x7D, 0xF7, 0x7D, 0xF7, 0x7D, 0xF7, 0x7D, 0xF7, 0x7D, 0xF7, 0x7D, 0xF7,
    0x7D, 0xF7, 0x7D, 0xF7, 0x7D, 0xF7, 0x7D, 0xF7, 0x7D, 0xF7, 0x7D, 0xF7, 0x7D, 0xF7, 0x7D, 0xF7,
    0x7D, 0xF7, 0x7D, 0xF7, 0x7D, 0xF7, 0x7D, 0xF7, 0x7D, 0xF7, 0x7D, 0xF7, 0x7D, 0xF7, 0x7D, 0xF7,
    0x7D, 0xF7, 0x7D, 0xF7, 0x7D, 0xF7, 0x7D, 0xF7, 0x7D, 0xF7, 0x7D, 0xF7, 0x7D, 0xF7, 0x7D, 0xF7,
    0x7D, 0xF7, 0x7D, 0xF7, 0x7D, 0xF7, 0x7D, 0xF7, 0x7D, 0xF7, 0x7D, 0xF7, 0x7D, 0xF7, 0x7D, 0xF7,
    0x7D, 0xF7, 0x7D, 0xF7, 0x7D, 0xF7, 0x7D, 0xF7, 0x7D, 0xF7, 0x7D, 0xF7, 0x7D, 0xF7, 0x7D, 0xF7,
    0x7D, 0xF7, 0x7D, 0xF7, 0x7D, 0xF7, 0x7D, 0xF7, 0x7D, 0xF7, 0x7D, 0xF7, 0x7D, 0xF7, 0x7D, 0xF7,
    0x7D, 0xF7, 0x7D, 0xF7, 0x7D, 0xF7, 0x7D, 0xF7, 0x7D, 0xF7, 0x7D, 0xF7, 0x7D, 0xF7, 0x7D, 0xF7,
    0x7D, 0xF7, 0x7D, 0xF7, 0x7D, 0xF7, 0x7D, 0xF7, 0x7D, 0xF7, 0x7D, 0xF7, 0x7D, 0xF7, 0x7D, 0xF7,
    0x7D, 0xF7, 0x7D, 0xF7, 0x7D, 0xF7, 0x7D, 0xF7, 0x7D, 0xF7, 0x7D, 0xF7, 0x7D, 0xF7, 0x7D, 0xF7,
    0x7D, 0xF7, 0x7D, 0xF7, 0x7D, 0xF7, 0x7D, 0xF7, 0x7D, 0xF7, 0x7D, 0xF7, 0x7D, 0xF7, 0x7D, 0xF7,
    0x7D, 0xF7, 0x7D, 0xF7, 0x7D, 0xF7, 0x7D, 0xF7, 0x7D, 0xF7, 0x7D, 0xF7, 0x7D, 0xF7, 0x7D, 0xF7,
    0x7D, 0xF7, 0x7D, 0xF7, 0x7D, 0xF7, 0x7D, 0xF7, 0x7D, 0xF7, 0x7D, 0xF7, 0x7D, 0xF7, 0x7D, 0xF7,
    0x7D, 0xF7, 0x7D, 0xF7, 0x7D, 0xF7, 0x7D, 0xF7, 0x7D, 0xF7, 0x7D, 0xF7, 0x7D, 0xF7, 0x7D, 0xF7,
    0x7D, 0xF7, 0x7D, 0xF7, 0x7D, 0xF7, 0x7D, 0xF7, 0x7D, 0xF7, 0x7D, 0xF7, 0x7D, 0xF7, 0x7D, 0xF7,
    0x7D, 0xF7, 0x7D, 0xF7, 0x7D, 0xF7, 0x7D, 0xF7, 0x7D, 0xF7, 0x7D, 0xF7, 0x7D, 0xF7, 0x7D, 0xF7,
    0x7D, 0xF7, 0x7D, 0xF7, 0x7D, 0xF7, 0x7D, 0xF7, 0x7D, 0xF7, 0x7D, 0xF7, 0x7D, 0xF7, 0x7D, 0xF7,
    0x7D, 0xF7, 0x7D, 0xF7, 0x7D, 0xF7, 0x7D, 0xF7, 0x7D, 0xF7, 0x7D, 0xF7, 0x7D, 0xF7, 0x7D, 0xF7,
    0x7D, 0xF7, 0x7D, 0xF7, 0x7D, 0xF7, 0x7D, 0xF7, 0x7D, 0xF7, 0x7D, 0xF7, 0x7D, 0xF7, 0x7D, 0xF7,
    0x7D, 0xF7, 0x7D, 0xF7, 0x7D, 0xF7, 0x7D, 0xF7, 0x7D, 0xF7, 0x7D, 0xF7, 0x7D, 0xF7, 0x7D, 0xF7,
    0x7D, 0xF7, 0x7D, 0xF7, 0x7D, 0xF7, 0x7D, 0xF7, 0x7D, 0xF7, 0x7D, 0xF7, 0x7D, 0xF7, 0x7D, 0xF7,
    0x7D, 0xF7, 0x7D, 0xF7, 0x7D, 0xF7, 0x7D, 0xF7, 0x7D, 0xF7, 0x7D, 0xF7, 0x7D, 0xF7, 0x7D, 0xF7,
    0x7D, 0xF7, 0x7D, 0xF7, 0x00, 0x00, 0x00, 0x00, 0x00, 0x00, 0x00, 0x00, 0x00, 0x00, 0x00, 0x00,
    0x00, 0x00, 0x00, 0x00, 0x00, 0x00, 0x00, 0x00, 0x00, 0x00, 0x00, 0x00, 0x00, 0x00, 0x00, 0x00,
    0x00, 0x00, 0x00, 0x00, 0x00, 0x00, 0x00, 0x00, 0x00, 0x00, 0x00, 0x00, 0x7D, 0xF7, 0x7D, 0xF7,
    0x7D, 0xF7, 0x7D, 0xF7, 0x7D, 0xF7, 0x7D, 0xF7, 0x7D, 0xF7, 0x7D, 0xF7, 0x7D, 0xF7, 0x7D, 0xF7,
    0x7D, 0xF7, 0x7D, 0xF7, 0x7D, 0xF7, 0x7D, 0xF7, 0x7D, 0xF7, 0x7D, 0xF7, 0x7D, 0xF7, 0x7D, 0xF7,
    0x7D, 0xF7, 0x7D, 0xF7, 0x00, 0x00, 0x00, 0x00, 0x00, 0x00, 0x00, 0x00, 0x00, 0x00, 0x00, 0x00,
    0x00, 0x00, 0x00, 0x00, 0x00, 0x00, 0x00, 0x00, 0x00, 0x00, 0x00, 0x00, 0x00, 0x00, 0x00, 0x00,
    0x00, 0x00, 0x00, 0x00, 0x00, 0x00, 0x00, 0x00, 0x00, 0x00, 0x00, 0x00, 0x7D, 0xF7, 0x7D, 0xF7,
    0x7D, 0xF7, 0x7D, 0xF7, 0x7D, 0xF7, 0x7D, 0xF7, 0x7D, 0xF7, 0x7D, 0xF7, 0x7D, 0xF7, 0x7D, 0xF7,
    0x7D, 0xF7, 0x7D, 0xF7, 0x7D, 0xF7, 0x7D, 0xF7, 0x7D, 0xF7, 0x7D, 0xF7, 0x7D, 0xF7, 0x7D, 0xF7,
    0x7D, 0xF7, 0x7D, 0xF7, 0x00, 0x00, 0x00, 0x00, 0x00, 0x00, 0x00, 0x00, 0x00, 0x00, 0x00, 0x00,
    0x00, 0x00, 0x00, 0x00, 0x00, 0x00, 0x00, 0x00, 0x00, 0x00, 0x00, 0x00, 0x00, 0x00, 0x00, 0x00,
    0x00, 0x00, 0x00, 0x00, 0x00, 0x00, 0x00, 0x00, 0x00, 0x00, 0x00, 0x00, 0x7D, 0xF7, 0x7D, 0xF7,
    0x7D, 0xF7, 0x7D, 0xF7, 0x7D, 0xF7, 0x7D, 0xF7, 0x7D, 0xF7, 0x7D, 0xF7, 0x7D, 0xF7, 0x7D, 0xF7,
    0x7D, 0xF7, 0x7D, 0xF7, 0x7D, 0xF7, 0x7D, 0xF7, 0x7D, 0xF7, 0x7D, 0xF7, 0x7D, 0xF7, 0x7D, 0xF7,
    0x7D, 0xF7, 0x7D, 0xF7, 0x00, 0x00, 0x00, 0x00, 0x00, 0x00, 0x00, 0x00, 0x00, 0x00, 0x00, 0x00,
    0x00, 0x00, 0x00, 0x00, 0x00, 0x00, 0x00, 0x00, 0x00, 0x00, 0x00, 0x00, 0x00, 0x00, 0x00, 0x00,
    0x00, 0x00, 0x00, 0x00, 0x00, 0x00, 0x00, 0x00, 0x00, 0x00, 0x00, 0x00, 0x7D, 0xF7, 0x7D, 0xF7,
    0x7D, 0xF7, 0x7D, 0xF7, 0x7D, 0xF7, 0x7D, 0xF7, 0x7D, 0xF7, 0x7D, 0xF7, 0x7D, 0xF7, 0x7D, 0xF7,
    0x7D, 0xF7, 0x7D, 0xF7, 0x7D, 0xF7, 0x7D, 0xF7, 0x7D, 0xF7, 0x7D, 0xF7, 0x7D, 0xF7, 0x7D, 0xF7,
    0x7D, 0xF7, 0x7D, 0xF7, 0x00, 0x00, 0x00, 0x00, 0x00, 0x00, 0x00, 0x00, 0x00, 0x00, 0x00, 0x00,
    0x00, 0x00, 0x00, 0x00, 0x00, 0x00, 0x00, 0x00, 0x00, 0x00, 0x00, 0x00, 0x00, 0x00, 0x00, 0x00,
    0x00, 0x00, 0x00, 0x00, 0x00, 0x00, 0x00, 0x00, 0x00, 0x00, 0x00, 0x00, 0x7D, 0xF7, 0x7D, 0xF7,
    0x7D, 0xF7, 0x7D, 0xF7, 0x7D, 0xF7, 0x7D, 0xF7, 0x7D, 0xF7, 0x7D, 0xF7, 0x7D, 0xF7, 0x7D, 0xF7,
    0x7D, 0xF7, 0x7D, 0xF7, 0x7D, 0xF7, 0x7D, 0xF7, 0x7D, 0xF7, 0x7D, 0xF7, 0x7D, 0xF7, 0x7D, 0xF7,
    0x7D, 0xF7, 0x7D, 0xF7, 0x00, 0x00, 0x00, 0x00, 0x00, 0x00, 0x00, 0x00, 0x00, 0x00, 0x00, 0x00,
    0x00, 0x00, 0x00, 0x00, 0x00, 0x00, 0x00, 0x00, 0x00, 0x00, 0x00, 0x00, 0x00, 0x00, 0x00, 0x00,
    0x00, 0x00, 0x00, 0x00, 0x00, 0x00, 0x00, 0x00, 0x00, 0x00, 0x00, 0x00, 0x7D, 0xF7, 0x7D, 0xF7,
    0x7D, 0xF7, 0x7D, 0xF7, 0x7D, 0xF7, 0x7D, 0xF7, 0x7D, 0xF7, 0x7D, 0xF7, 0x7D, 0xF7, 0x7D, 0xF7,
    0x7D, 0xF7, 0x7D, 0xF7, 0x7D, 0xF7, 0x7D, 0xF7, 0x7D, 0xF7, 0x7D, 0xF7, 0x7D, 0xF7, 0x7D, 0xF7,
    0x7D, 0xF7, 0x7D, 0xF7, 0x00, 0x00, 0x00, 0x00, 0x00, 0x00, 0x00, 0x00, 0x00, 0x00, 0x00, 0x00,
    0x00, 0x00, 0x00, 0x00, 0x00, 0x00, 0x00, 0x00, 0x00, 0x00, 0x00, 0x00, 0x00, 0x00, 0x00, 0x00,
    0x00, 0x00, 0x00, 0x00, 0x00, 0x00, 0x00, 0x00, 0x00, 0x00, 0x00, 0x00, 0x7D, 0xF7, 0x7D, 0xF7,
    0x7D, 0xF7, 0x7D, 0xF7, 0x7D, 0xF7, 0x7D, 0xF7, 0x7D, 0xF7, 0x7D, 0xF7, 0x7D, 0xF7, 0x7D, 0xF7,
    0x7D, 0xF7, 0x7D, 0xF7, 0x7D, 0xF7, 0x7D, 0xF7, 0x7D, 0xF7, 0x7D, 0xF7, 0x7D, 0xF7, 0x7D, 0xF7,
    0x7D, 0xF7, 0x7D, 0xF7, 0x00, 0x00, 0x00, 0x00, 0x00, 0x00, 0x00, 0x00, 0x00, 0x00, 0x00, 0x00,
    0x00, 0x00, 0x00, 0x00, 0x00, 0x00, 0x00, 0x00, 0x00, 0x00, 0x00, 0x00, 0x00, 0x00, 0x00, 0x00,
    0x00, 0x00, 0x00, 0x00, 0x00, 0x00, 0x00, 0x00, 0x00, 0x00, 0x00, 0x00, 0x7D, 0xF7, 0x7D, 0xF7,
    0x7D, 0xF7, 0x7D, 0xF7, 0x7D, 0xF7, 0x7D, 0xF7, 0x7D, 0xF7, 0x7D, 0xF7, 0x7D, 0xF7, 0x7D, 0xF7,
    0x7D, 0xF7, 0x7D, 0xF7, 0x7D, 0xF7, 0x7D, 0xF7, 0x7D, 0xF7, 0x7D, 0xF7, 0x7D, 0xF7, 0x7D, 0xF7,
    0x7D, 0xF7, 0x7D, 0xF7, 0x00, 0x00, 0x00, 0x00, 0x00, 0x00, 0x00, 0x00, 0x00, 0x00, 0x00, 0x00,
    0x00, 0x00, 0x00, 0x00, 0x00, 0x00, 0x00, 0x00, 0x00, 0x00, 0x00, 0x00, 0x00, 0x00, 0x00, 0x00,
    0x00, 0x00, 0x00, 0x00, 0x00, 0x00, 0x00, 0x00, 0x00, 0x00, 0x00, 0x00, 0x7D, 0xF7, 0x7D, 0xF7,
    0x7D, 0xF7, 0x7D, 0xF7, 0x7D, 0xF7, 0x7D, 0xF7, 0x7D, 0xF7, 0x7D, 0xF7, 0x7D, 0xF7, 0x7D, 0xF7,
    0x7D, 0xF7, 0x7D, 0xF7, 0x7D, 0xF7, 0x7D, 0xF7, 0x7D, 0xF7, 0x7D, 0xF7, 0x7D, 0xF7, 0x7D, 0xF7,
    0x7D, 0xF7, 0x7D, 0xF7, 0x00, 0x00, 0x00, 0x00, 0x00, 0x00, 0x00, 0x00, 0x00, 0x00, 0x00, 0x00,
    0x00, 0x00, 0x00, 0x00, 0x00, 0x00, 0x00, 0x00, 0x00, 0x00, 0x00, 0x00, 0x00, 0x00, 0x00, 0x00,
    0x00, 0x00, 0x00, 0x00, 0x00, 0x00, 0x00, 0x00, 0x00, 0x00, 0x00, 0x00, 0x7D, 0xF7, 0x7D, 0xF7,
    0x7D, 0xF7, 0x7D, 0xF7, 0x7D, 0xF7, 0x7D, 0xF7, 0x7D, 0xF7, 0x7D, 0xF7, 0x7D, 0xF7, 0x7D, 0xF7,
    0x7D, 0xF7, 0x7D, 0xF7, 0x7D, 0xF7, 0x7D, 0xF7, 0x7D, 0xF7, 0x7D, 0xF7, 0x7D, 0xF7, 0x7D, 0xF7,
    0x7D, 0xF7, 0x7D, 0xF7, 0x28, 0x4A, 0x28, 0x4A, 0x28, 0x4A, 0x28, 0x4A, 0x28, 0x4A, 0x28, 0x4A,
    0x28, 0x4A, 0x28, 0x4A, 0x28, 0x4A, 0x28, 0x4A, 0x28, 0x4A, 0x28, 0x4A, 0x28, 0x4A, 0x28, 0x4A,
    0x28, 0x4A, 0x28, 0x4A, 0x28, 0x4A, 0x28, 0x4A, 0x28, 0x4A, 0x28, 0x4A, 0x7D, 0xF7, 0x7D, 0xF7,
    0x7D, 0xF7, 0x7D, 0xF7, 0x7D, 0xF7, 0x7D, 0xF7, 0x7D, 0xF7, 0x7D, 0xF7, 0x7D, 0xF7, 0x7D, 0xF7,
    0x7D, 0xF7, 0x7D, 0xF7, 0x7D, 0xF7, 0x7D, 0xF7, 0x7D, 0xF7, 0x7D, 0xF7, 0x7D, 0xF7, 0x7D, 0xF7,
    0x7D, 0xF7, 0x7D, 0xF7, 0x28, 0x4A, 0x28, 0x4A, 0x28, 0x4A, 0x28, 0x4A, 0x28, 0x4A, 0x28, 0x4A,
    0x28, 0x4A, 0x28, 0x4A, 0x28, 0x4A, 0x28, 0x4A, 0x28, 0x4A, 0x28, 0x4A, 0x28, 0x4A, 0x28, 0x4A,
    0x28, 0x4A, 0x28, 0x4A, 0x28, 0x4A, 0x28, 0x4A, 0x28, 0x4A, 0x28, 0x4A, 0x7D, 0xF7, 0x7D, 0xF7,
    0x7D, 0xF7, 0x7D, 0xF7, 0x7D, 0xF7, 0x7D, 0xF7, 0x7D, 0xF7, 0x7D, 0xF7, 0x7D, 0xF7, 0x7D, 0xF7,
    0x7D, 0xF7, 0x7D, 0xF7, 0x7D, 0xF7, 0x7D, 0xF7, 0x7D, 0xF7, 0x7D, 0xF7, 0x7D, 0xF7, 0x7D, 0xF7,
    0x7D, 0xF7, 0x7D, 0xF7, 0x28, 0x4A, 0x28, 0x4A, 0x28, 0x4A, 0x28, 0x4A, 0x28, 0x4A, 0x28, 0x4A,
    0x28, 0x4A, 0x28, 0x4A, 0x28, 0x4A, 0x28, 0x4A, 0x28, 0x4A, 0x28, 0x4A, 0x28, 0x4A, 0x28, 0x4A,
    0x28, 0x4A, 0x28, 0x4A, 0x28, 0x4A, 0x28, 0x4A, 0x28, 0x4A, 0x28, 0x4A, 0x7D, 0xF7, 0x7D, 0xF7,
    0x7D, 0xF7, 0x7D, 0xF7, 0x7D, 0xF7, 0x7D, 0xF7, 0x7D, 0xF7, 0x7D, 0xF7, 0x7D, 0xF7, 0x7D, 0xF7,
    0x7D, 0xF7, 0x7D, 0xF7, 0x7D, 0xF7, 0x7D, 0xF7, 0x7D, 0xF7, 0x7D, 0xF7, 0x7D, 0xF7, 0x7D, 0xF7,
    0x7D, 0xF7, 0x7D, 0xF7, 0x28, 0x4A, 0x28, 0x4A, 0x28, 0x4A, 0x28, 0x4A, 0x28, 0x4A, 0x28, 0x4A,
    0x28, 0x4A, 0x28, 0x4A, 0x28, 0x4A, 0x28, 0x4A, 0x28, 0x4A, 0x28, 0x4A, 0x28, 0x4A, 0x28, 0x4A,
    0x28, 0x4A, 0x28, 0x4A, 0x28, 0x4A, 0x28, 0x4A, 0x28, 0x4A, 0x28, 0x4A, 0x7D, 0xF7, 0x7D, 0xF7,
    0x7D, 0xF7, 0x7D, 0xF7, 0x7D, 0xF7, 0x7D, 0xF7, 0x7D, 0xF7, 0x7D, 0xF7, 0x7D, 0xF7, 0x7D, 0xF7,
    0x7D, 0xF7, 0x7D, 0xF7, 0x7D, 0xF7, 0x7D, 0xF7, 0x7D, 0xF7, 0x7D, 0xF7, 0x7D, 0xF7, 0x7D, 0xF7,
    0x7D, 0xF7, 0x7D, 0xF7, 0x28, 0x4A, 0x28, 0x4A, 0x28, 0x4A, 0x28, 0x4A, 0x28, 0x4A, 0x28, 0x4A,
    0x28, 0x4A, 0x28, 0x4A, 0x28, 0x4A, 0x28, 0x4A, 0x28, 0x4A, 0x28, 0x4A, 0x28, 0x4A, 0x28, 0x4A,
    0x28, 0x4A, 0x28, 0x4A, 0x28, 0x4A, 0x28, 0x4A, 0x28, 0x4A, 0x28, 0x4A, 0x7D, 0xF7, 0x7D, 0xF7,
    0x7D, 0xF7, 0x7D, 0xF7, 0x7D, 0xF7, 0x7D, 0xF7, 0x7D, 0xF7, 0x7D, 0xF7, 0x7D, 0xF7, 0x7D, 0xF7,
    0x7D, 0xF7, 0x7D, 0xF7, 0x7D, 0xF7, 0x7D, 0xF7, 0x7D, 0xF7, 0x7D, 0xF7, 0x7D, 0xF7, 0x7D, 0xF7,
    0x7D, 0xF7, 0x7D, 0xF7, 0x28, 0x4A, 0x28, 0x4A, 0x28, 0x4A, 0x28, 0x4A, 0x28, 0x4A, 0x28, 0x4A,
    0x28, 0x4A, 0x28, 0x4A, 0x28, 0x4A, 0x28, 0x4A, 0x28, 0x4A, 0x28, 0x4A, 0x28, 0x4A, 0x28, 0x4A,
    0x28, 0x4A, 0x28, 0x4A, 0x28, 0x4A, 0x28, 0x4A, 0x28, 0x4A, 0x28, 0x4A, 0x7D, 0xF7, 0x7D, 0xF7,
    0x7D, 0xF7, 0x7D, 0xF7, 0x7D, 0xF7, 0x7D, 0xF7, 0x7D, 0xF7, 0x7D, 0xF7, 0x7D, 0xF7, 0x7D, 0xF7,
    0x7D, 0xF7, 0x7D, 0xF7, 0x7D, 0xF7, 0x7D, 0xF7, 0x7D, 0xF7, 0x7D, 0xF7, 0x7D, 0xF7, 0x7D, 0xF7,
    0x7D, 0xF7, 0x7D, 0xF7, 0x28, 0x4A, 0x28, 0x4A, 0x28, 0x4A, 0x28, 0x4A, 0x28, 0x4A, 0x28, 0x4A,
    0x28, 0x4A, 0x28, 0x4A, 0x28, 0x4A, 0x28, 0x4A, 0x28, 0x4A, 0x28, 0x4A, 0x28, 0x4A, 0x28, 0x4A,
    0x28, 0x4A, 0x28, 0x4A, 0x28, 0x4A, 0x28, 0x4A, 0x28, 0x4A, 0x28, 0x4A, 0x7D, 0xF7, 0x7D, 0xF7,
    0x7D, 0xF7, 0x7D, 0xF7, 0x7D, 0xF7, 0x7D, 0xF7, 0x7D, 0xF7, 0x7D, 0xF7, 0x7D, 0xF7, 0x7D, 0xF7,
    0x7D, 0xF7, 0x7D, 0xF7, 0x7D, 0xF7, 0x7D, 0xF7, 0x7D, 0xF7, 0x7D, 0xF7, 0x7D, 0xF7, 0x7D, 0xF7,
    0x7D, 0xF7, 0x7D, 0xF7, 0x28, 0x4A, 0x28, 0x4A, 0x28, 0x4A, 0x28, 0x4A, 0x28, 0x4A, 0x28, 0x4A,
    0x28, 0x4A, 0x28, 0x4A, 0x28, 0x4A, 0x28, 0x4A, 0x28, 0x4A, 0x28, 0x4A, 0x28, 0x4A, 0x28, 0x4A,
    0x28, 0x4A, 0x28, 0x4A, 0x28, 0x4A, 0x28, 0x4A, 0x28, 0x4A, 0x28, 0x4A, 0x7D, 0xF7, 0x7D, 0xF7,
    0x7D, 0xF7, 0x7D, 0xF7, 0x7D, 0xF7, 0x7D, 0xF7, 0x7D, 0xF7, 0x7D, 0xF7, 0x7D, 0xF7, 0x7D, 0xF7,
    0x7D, 0xF7, 0x7D, 0xF7, 0x7D, 0xF7, 0x7D, 0xF7, 0x7D, 0xF7, 0x7D, 0xF7, 0x7D, 0xF7, 0x7D, 0xF7,
    0x7D, 0xF7, 0x7D, 0xF7, 0x28, 0x4A, 0x28, 0x4A, 0x28, 0x4A, 0x28, 0x4A, 0x28, 0x4A, 0x28, 0x4A,
    0x28, 0x4A, 0x28, 0x4A, 0x28, 0x4A, 0x28, 0x4A, 0x28, 0x4A, 0x28, 0x4A, 0x28, 0x4A, 0x28, 0x4A,
    0x28, 0x4A, 0x28, 0x4A, 0x28, 0x4A, 0x28, 0x4A, 0x28, 0x4A, 0x28, 0x4A, 0x7D, 0xF7, 0x7D, 0xF7,
    0x7D, 0xF7, 0x7D, 0xF7, 0x7D, 0xF7, 0x7D, 0xF7, 0x7D, 0xF7, 0x7D, 0xF7, 0x7D, 0xF7, 0x7D, 0xF7,
    0x7D, 0xF7, 0x7D, 0xF7, 0x7D, 0xF7, 0x7D, 0xF7, 0x7D, 0xF7, 0x7D, 0xF7, 0x7D, 0xF7, 0x7D, 0xF7,
    0x7D, 0xF7, 0x7D, 0xF7, 0x28, 0x4A, 0x28, 0x4A, 0x28, 0x4A, 0x28, 0x4A, 0x28, 0x4A, 0x28, 0x4A,
    0x28, 0x4A, 0x28, 0x4A, 0x28, 0x4A, 0x28, 0x4A, 0x28, 0x4A, 0x28, 0x4A, 0x28, 0x4A, 0x28, 0x4A,
    0x28, 0x4A, 0x28, 0x4A, 0x28, 0x4A, 0x28, 0x4A, 0x28, 0x4A, 0x28, 0x4A, 0x7D, 0xF7, 0x7D, 0xF7,
    0x7D, 0xF7, 0x7D, 0xF7, 0x7D, 0xF7, 0x7D, 0xF7, 0x7D, 0xF7, 0x7D, 0xF7, 0x7D, 0xF7, 0x7D, 0xF7,
    0x7D, 0xF7, 0x7D, 0xF7, 0x7D, 0xF7, 0x7D, 0xF7, 0x7D, 0xF7, 0x7D, 0xF7, 0x7D, 0xF7, 0x7D, 0xF7,
    0x7D, 0xF7, 0x7D, 0xF7, 0x28, 0x4A, 0x28, 0x4A, 0x28, 0x4A, 0x28, 0x4A, 0x28, 0x4A, 0x28, 0x4A,
    0x28, 0x4A, 0x28, 0x4A, 0x28, 0x4A, 0x28, 0x4A, 0x28, 0x4A, 0x28, 0x4A, 0x28, 0x4A, 0x28, 0x4A,
    0x28, 0x4A, 0x28, 0x4A, 0x28, 0x4A, 0x28, 0x4A, 0x28, 0x4A, 0x28, 0x4A, 0x7D, 0xF7, 0x7D, 0xF7,
    0x7D, 0xF7, 0x7D, 0xF7, 0x7D, 0xF7, 0x7D, 0xF7, 0x7D, 0xF7, 0x7D, 0xF7, 0x7D, 0xF7, 0x7D, 0xF7,
    0x7D, 0xF7, 0x7D, 0xF7, 0x7D, 0xF7, 0x7D, 0xF7, 0x7D, 0xF7, 0x7D, 0xF7, 0x7D, 0xF7, 0x7D, 0xF7,
    0x7D, 0xF7, 0x7D, 0xF7, 0x28, 0x4A, 0x28, 0x4A, 0x28, 0x4A, 0x28, 0x4A, 0x28, 0x4A, 0x28, 0x4A,
    0x28, 0x4A, 0x28, 0x4A, 0x28, 0x4A, 0x28, 0x4A, 0x28, 0x4A, 0x28, 0x4A, 0x28, 0x4A, 0x28, 0x4A,
    0x28, 0x4A, 0x28, 0x4A, 0x28, 0x4A, 0x28, 0x4A, 0x28, 0x4A, 0x28, 0x4A, 0x7D, 0xF7, 0x7D, 0xF7,
    0x7D, 0xF7, 0x7D, 0xF7, 0x7D, 0xF7, 0x7D, 0xF7, 0x7D, 0xF7, 0x7D, 0xF7, 0x7D, 0xF7, 0x7D, 0xF7,
    0x7D, 0xF7, 0x7D, 0xF7, 0x7D, 0xF7, 0x7D, 0xF7, 0x7D, 0xF7, 0x7D, 0xF7, 0x7D, 0xF7, 0x7D, 0xF7,
    0x7D, 0xF7, 0x7D, 0xF7, 0x28, 0x4A, 0x28, 0x4A, 0x28, 0x4A, 0x28, 0x4A, 0x28, 0x4A, 0x28, 0x4A,
    0x28, 0x4A, 0x28, 0x4A, 0x28, 0x4A, 0x28, 0x4A, 0x28, 0x4A, 0x28, 0x4A, 0x28, 0x4A, 0x28, 0x4A,
    0x28, 0x4A, 0x28, 0x4A, 0x28, 0x4A, 0x28, 0x4A, 0x28, 0x4A, 0x28, 0x4A, 0x7D, 0xF7, 0x7D, 0xF7,
    0x7D, 0xF7, 0x7D, 0xF7, 0x7D, 0xF7, 0x7D, 0xF7, 0x7D, 0xF7, 0x7D, 0xF7, 0x7D, 0xF7, 0x7D, 0xF7,
    0x7D, 0xF7, 0x7D, 0xF7, 0x7D, 0xF7, 0x7D, 0xF7, 0x7D, 0xF7, 0x7D, 0xF7, 0x7D, 0xF7, 0x7D, 0xF7,
    0x7D, 0xF7, 0x7D, 0xF7, 0x28, 0x4A, 0x28, 0x4A, 0x28, 0x4A, 0x28, 0x4A, 0x28, 0x4A, 0x28, 0x4A,
    0x28, 0x4A, 0x28, 0x4A, 0x28, 0x4A, 0x28, 0x4A, 0x28, 0x4A, 0x28, 0x4A, 0x28, 0x4A, 0x28, 0x4A,
    0x28, 0x4A, 0x28, 0x4A, 0x28, 0x4A, 0x28, 0x4A, 0x28, 0x4A, 0x28, 0x4A, 0x7D, 0xF7, 0x7D, 0xF7,
    0x7D, 0xF7, 0x7D, 0xF7, 0x7D, 0xF7, 0x7D, 0xF7, 0x7D, 0xF7, 0x7D, 0xF7, 0x7D, 0xF7, 0x7D, 0xF7,
    0x7D, 0xF7, 0x7D, 0xF7, 0x7D, 0xF7, 0x7D, 0xF7, 0x7D, 0xF7, 0x7D, 0xF7, 0x7D, 0xF7, 0x7D, 0xF7,
    0x7D, 0xF7, 0x7D, 0xF7, 0x28, 0x4A, 0x28, 0x4A, 0x28, 0x4A, 0x28, 0x4A, 0x28, 0x4A, 0x28, 0x4A,
    0x28, 0x4A, 0x28, 0x4A, 0x28, 0x4A, 0x28, 0x4A, 0x28, 0x4A, 0x28, 0x4A, 0x28, 0x4A, 0x28, 0x4A,
    0x28, 0x4A, 0x28, 0x4A, 0x28, 0x4A, 0x28, 0x4A, 0x28, 0x4A, 0x28, 0x4A, 0x7D, 0xF7, 0x7D, 0xF7,
    0x7D, 0xF7, 0x7D, 0xF7, 0x7D, 0xF7, 0x7D, 0xF7, 0x7D, 0xF7, 0x7D, 0xF7, 0x7D, 0xF7, 0x7D, 0xF7,
    0x7D, 0xF7, 0x7D, 0xF7, 0x7D, 0xF7, 0x7D, 0xF7, 0x7D, 0xF7, 0x7D, 0xF7, 0x7D, 0xF7, 0x7D, 0xF7,
    0x7D, 0xF7, 0x7D, 0xF7, 0x28, 0x4A, 0x28, 0x4A, 0x28, 0x4A, 0x28, 0x4A, 0x28, 0x4A, 0x28, 0x4A,
    0x28, 0x4A, 0x28, 0x4A, 0x28, 0x4A, 0x28, 0x4A, 0x28, 0x4A, 0x28, 0x4A, 0x28, 0x4A, 0x28, 0x4A,
    0x28, 0x4A, 0x28, 0x4A, 0x28, 0x4A, 0x28, 0x4A, 0x28, 0x4A, 0x28, 0x4A, 0x7D, 0xF7, 0x7D, 0xF7,
    0x7D, 0xF7, 0x7D, 0xF7, 0x7D, 0xF7, 0x7D, 0xF7, 0x7D, 0xF7, 0x7D, 0xF7, 0x7D, 0xF7, 0x7D, 0xF7,
    0x7D, 0xF7, 0x7D, 0xF7, 0x7D, 0xF7, 0x7D, 0xF7, 0x7D, 0xF7, 0x7D, 0xF7, 0x7D, 0xF7, 0x7D, 0xF7,
    0x7D, 0xF7, 0x7D, 0xF7, 0x28, 0x4A, 0x28, 0x4A, 0x28, 0x4A, 0x28, 0x4A, 0x28, 0x4A, 0x28, 0x4A,
    0x28, 0x4A, 0x28, 0x4A, 0x28, 0x4A, 0x28, 0x4A, 0x28, 0x4A, 0x28, 0x4A, 0x28, 0x4A, 0x28, 0x4A,
    0x28, 0x4A, 0x28, 0x4A, 0x28, 0x4A, 0x28, 0x4A, 0x28, 0x4A, 0x28, 0x4A, 0x7D, 0xF7, 0x7D, 0xF7,
    0x7D, 0xF7, 0x7D, 0xF7, 0x7D, 0xF7, 0x7D, 0xF7, 0x7D, 0xF7, 0x7D, 0xF7, 0x7D, 0xF7, 0x7D, 0xF7,
    0x7D, 0xF7, 0x7D, 0xF7, 0x7D, 0xF7, 0x7D, 0xF7, 0x7D, 0xF7, 0x7D, 0xF7, 0x7D, 0xF7, 0x7D, 0xF7,
    0x7D, 0xF7, 0x7D, 0xF7, 0x28, 0x4A, 0x28, 0x4A, 0x28, 0x4A, 0x28, 0x4A, 0x28, 0x4A, 0x28, 0x4A,
    0x28, 0x4A, 0x28, 0x4A, 0x28, 0x4A, 0x28, 0x4A, 0x28, 0x4A, 0x28, 0x4A, 0x28, 0x4A, 0x28, 0x4A,
    0x28, 0x4A, 0x28, 0x4A, 0x28, 0x4A, 0x28, 0x4A, 0x28, 0x4A, 0x28, 0x4A, 0x7D, 0xF7, 0x7D, 0xF7,
    0x7D, 0xF7, 0x7D, 0xF7, 0x7D, 0xF7, 0x7D, 0xF7, 0x7D, 0xF7, 0x7D, 0xF7, 0x7D, 0xF7, 0x7D, 0xF7,
    0x7D, 0xF7, 0x7D, 0xF7, 0x7D, 0xF7, 0x7D, 0xF7, 0x7D, 0xF7, 0x7D, 0xF7, 0x7D, 0xF7, 0x7D, 0xF7,
    0x7D, 0xF7, 0x7D, 0xF7, 0x28, 0x4A, 0x28, 0x4A, 0x28, 0x4A, 0x28, 0x4A, 0x28, 0x4A, 0x28, 0x4A,
    0x28, 0x4A, 0x28, 0x4A, 0x28, 0x4A, 0x28, 0x4A, 0x28, 0x4A, 0x28, 0x4A, 0x28, 0x4A, 0x28, 0x4A,
    0x28, 0x4A, 0x28, 0x4A, 0x28, 0x4A, 0x28, 0x4A, 0x28, 0x4A, 0x28, 0x4A, 0x7D, 0xF7, 0x7D, 0xF7,
    0x7D, 0xF7, 0x7D, 0xF7, 0x7D, 0xF7, 0x7D, 0xF7, 0x7D, 0xF7, 0x7D, 0xF7, 0x7D, 0xF7, 0x7D, 0xF7,
    0x7D, 0xF7, 0x7D, 0xF7, 0x7D, 0xF7, 0x7D, 0xF7, 0x7D, 0xF7, 0x7D, 0xF7, 0x7D, 0xF7, 0x7D, 0xF7,
    0x7D, 0xF7, 0x7D, 0xF7, 0x28, 0x4A, 0x28, 0x4A, 0x28, 0x4A, 0x28, 0x4A, 0x28, 0x4A, 0x28, 0x4A,
    0x28, 0x4A, 0x28, 0x4A, 0x28, 0x4A, 0x28, 0x4A, 0x28, 0x4A, 0x28, 0x4A, 0x28, 0x4A, 0x28, 0x4A,
    0x28, 0x4A, 0x28, 0x4A, 0x28, 0x4A, 0x28, 0x4A, 0x28, 0x4A, 0x28, 0x4A, 0x7D, 0xF7, 0x7D, 0xF7,
    0x7D, 0xF7, 0x7D, 0xF7, 0x7D, 0xF7, 0x7D, 0xF7, 0x7D, 0xF7, 0x7D, 0xF7, 0x7D, 0xF7, 0x7D, 0xF7,
    0x7D, 0xF7, 0x7D, 0xF7, 0x7D, 0xF7, 0x7D, 0xF7, 0x7D, 0xF7, 0x7D, 0xF7, 0x7D, 0xF7, 0x7D, 0xF7,
    0x7D, 0xF7, 0x7D, 0xF7, 0x7D, 0xF7, 0x7D, 0xF7, 0x7D, 0xF7, 0x7D, 0xF7, 0x7D, 0xF7, 0x7D, 0xF7,
    0x7D, 0xF7, 0x7D, 0xF7, 0x7D, 0xF7, 0x7D, 0xF7, 0x7D, 0xF7, 0x7D, 0xF7, 0x7D, 0xF7, 0x7D, 0xF7,
    0x7D, 0xF7, 0x7D, 0xF7, 0x7D, 0xF7, 0x7D, 0xF7, 0x7D, 0xF7, 0x7D, 0xF7, 0x7D, 0xF7, 0x7D, 0xF7,
    0x7D, 0xF7, 0x7D, 0xF7, 0x7D, 0xF7, 0x7D, 0xF7, 0x7D, 0xF7, 0x7D, 0xF7, 0x7D, 0xF7, 0x7D, 0xF7,
    0x7D, 0xF7, 0x7D, 0xF7, 0x7D, 0xF7, 0x7D, 0xF7, 0x7D, 0xF7, 0x7D, 0xF7, 0x7D, 0xF7, 0x7D, 0xF7,
    0x7D, 0xF7, 0x7D, 0xF7, 0x7D, 0xF7, 0x7D, 0xF7, 0x7D, 0xF7, 0x7D, 0xF7, 0x7D, 0xF7, 0x7D, 0xF7,
    0x7D, 0xF7, 0x7D, 0xF7, 0x7D, 0xF7, 0x7D, 0xF7, 0x7D, 0xF7, 0x7D, 0xF7, 0x7D, 0xF7, 0x7D, 0xF7,
    0x7D, 0xF7, 0x7D, 0xF7, 0x7D, 0xF7, 0x7D, 0xF7, 0x7D, 0xF7, 0x7D, 0xF7, 0x7D, 0xF7, 0x7D, 0xF7,
    0x7D, 0xF7, 0x7D, 0xF7, 0x7D, 0xF7, 0x7D, 0xF7, 0x7D, 0xF7, 0x7D, 0xF7, 0x7D, 0xF7, 0x7D, 0xF7,
    0x7D, 0xF7, 0x7D, 0xF7, 0x7D, 0xF7, 0x7D, 0xF7, 0x7D, 0xF7, 0x7D, 0xF7, 0x7D, 0xF7, 0x7D, 0xF7,
    0x7D, 0xF7, 0x7D, 0xF7, 0x7D, 0xF7, 0x7D, 0xF7, 0x7D, 0xF7, 0x7D, 0xF7, 0x7D, 0xF7, 0x7D, 0xF7,
    0x7D, 0xF7, 0x7D, 0xF7, 0x7D, 0xF7, 0x7D, 0xF7, 0x7D, 0xF7, 0x7D, 0xF7, 0x7D, 0xF7, 0x7D, 0xF7,
    0x7D, 0xF7, 0x7D, 0xF7, 0x7D, 0xF7, 0x7D, 0xF7, 0x7D, 0xF7, 0x7D, 0xF7, 0x7D, 0xF7, 0x7D, 0xF7,
    0x7D, 0xF7, 0x7D, 0xF7, 0x7D, 0xF7, 0x7D, 0xF7, 0x7D, 0xF7, 0x7D, 0xF7, 0x7D, 0xF7, 0x7D, 0xF7,
    0x7D, 0xF7, 0x7D, 0xF7, 0x7D, 0xF7, 0x7D, 0xF7, 0x7D, 0xF7, 0x7D, 0xF7, 0x7D, 0xF7, 0x7D, 0xF7,
    0x7D, 0xF7, 0x7D, 0xF7, 0x7D, 0xF7, 0x7D, 0xF7, 0x7D, 0xF7, 0x7D, 0xF7, 0x7D, 0xF7, 0x7D, 0xF7,
    0x7D, 0xF7, 0x7D, 0xF7, 0x7D, 0xF7, 0x7D, 0xF7, 0x7D, 0xF7, 0x7D, 0xF7, 0x7D, 0xF7, 0x7D, 0xF7,
    0x7D, 0xF7, 0x7D, 0xF7, 0x7D, 0xF7, 0x7D, 0xF7, 0x7D, 0xF7, 0x7D, 0xF7, 0x7D, 0xF7, 0x7D, 0xF7,
    0x7D, 0xF7, 0x7D, 0xF7, 0x7D, 0xF7, 0x7D, 0xF7, 0x7D, 0xF7, 0x7D, 0xF7, 0x7D, 0xF7, 0x7D, 0xF7,
    0x7D, 0xF7, 0x7D, 0xF7, 0x7D, 0xF7, 0x7D, 0xF7, 0x7D, 0xF7, 0x7D, 0xF7, 0x7D, 0xF7, 0x7D, 0xF7,
    0x7D, 0xF7, 0x7D, 0xF7, 0x7D, 0xF7, 0x7D, 0xF7, 0x7D, 0xF7, 0x7D, 0xF7, 0x7D, 0xF7, 0x7D, 0xF7,
    0x7D, 0xF7, 0x7D, 0xF7, 0x7D, 0xF7, 0x7D, 0xF7, 0x7D, 0xF7, 0x7D, 0xF7, 0x7D, 0xF7, 0x7D, 0xF7,
    0x7D, 0xF7, 0x7D, 0xF7, 0x7D, 0xF7, 0x7D, 0xF7, 0x7D, 0xF7, 0x7D, 0xF7, 0x7D, 0xF7, 0x7D, 0xF7,
    0x7D, 0xF7, 0x7D, 0xF7, 0x7D, 0xF7, 0x7D, 0xF7, 0x7D, 0xF7, 0x7D, 0xF7, 0x7D, 0xF7, 0x7D, 0xF7,
    0x7D, 0xF7, 0x7D, 0xF7, 0x7D, 0xF7, 0x7D, 0xF7, 0x7D, 0xF7, 0x7D, 0xF7, 0x7D, 0xF7, 0x7D, 0xF7,
    0x7D, 0xF7, 0x7D, 0xF7, 0x7D, 0xF7, 0x7D, 0xF7, 0x7D, 0xF7, 0x7D, 0xF7, 0x7D, 0xF7, 0x7D, 0xF7,
    0x7D, 0xF7, 0x7D, 0xF7, 0x7D, 0xF7, 0x7D, 0xF7, 0x7D, 0xF7, 0x7D, 0xF7, 0x7D, 0xF7, 0x7D, 0xF7,
    0x7D, 0xF7, 0x7D, 0xF7, 0x7D, 0xF7, 0x7D, 0xF7, 0x7D, 0xF7, 0x7D, 0xF7, 0x7D, 0xF7, 0x7D, 0xF7,
    0x7D, 0xF7, 0x7D, 0xF7, 0x7D, 0xF7, 0x7D, 0xF7, 0x7D, 0xF7, 0x7D, 0xF7, 0x7D, 0xF7, 0x7D, 0xF7,
    0x7D, 0xF7, 0x7D, 0xF7, 0x7D, 0xF7, 0x7D, 0xF7, 0x7D, 0xF7, 0x7D, 0xF7, 0x7D, 0xF7, 0x7D, 0xF7,
    0x7D, 0xF7, 0x7D, 0xF7, 0x7D, 0xF7, 0x7D, 0xF7, 0x7D, 0xF7, 0x7D, 0xF7, 0x7D, 0xF7, 0x7D, 0xF7,
    0x7D, 0xF7, 0x7D, 0xF7, 0x7D, 0xF7, 0x7D, 0xF7, 0x7D, 0xF7, 0x7D, 0xF7, 0x7D, 0xF7, 0x7D, 0xF7,
    0x7D, 0xF7, 0x7D, 0xF7, 0x7D, 0xF7, 0x7D, 0xF7, 0x7D, 0xF7, 0x7D, 0xF7, 0x7D, 0xF7, 0x7D, 0xF7,
    0x7D, 0xF7, 0x7D, 0xF7, 0x7D, 0xF7, 0x7D, 0xF7, 0x7D, 0xF7, 0x7D, 0xF7, 0x7D, 0xF7, 0x7D, 0xF7,
    0x7D, 0xF7, 0x7D, 0xF7, 0x7D, 0xF7, 0x7D, 0xF7, 0x7D, 0xF7, 0x7D, 0xF7, 0x7D, 0xF7, 0x7D, 0xF7,
    0x7D, 0xF7, 0x7D, 0xF7, 0x7D, 0xF7, 0x7D, 0xF7, 0x7D, 0xF7, 0x7D, 0xF7, 0x7D, 0xF7, 0x7D, 0xF7,
    0x7D, 0xF7, 0x7D, 0xF7, 0x7D, 0xF7, 0x7D, 0xF7, 0x7D, 0xF7, 0x7D, 0xF7, 0x7D, 0xF7, 0x7D, 0xF7,
    0x7D, 0xF7, 0x7D, 0xF7, 0x7D, 0xF7, 0x7D, 0xF7, 0x7D, 0xF7, 0x7D, 0xF7, 0x7D, 0xF7, 0x7D, 0xF7,
    0x7D, 0xF7, 0x7D, 0xF7, 0x7D, 0xF7, 0x7D, 0xF7, 0x7D, 0xF7, 0x7D, 0xF7, 0x7D, 0xF7, 0x7D, 0xF7,
    0x7D, 0xF7, 0x7D, 0xF7, 0x7D, 0xF7, 0x7D, 0xF7, 0x7D, 0xF7, 0x7D, 0xF7, 0x7D, 0xF7, 0x7D, 0xF7,
    0x7D, 0xF7, 0x7D, 0xF7, 0x7D, 0xF7, 0x7D, 0xF7, 0x7D, 0xF7, 0x7D, 0xF7, 0x7D, 0xF7, 0x7D, 0xF7,
    0x7D, 0xF7, 0x7D, 0xF7, 0x7D, 0xF7, 0x7D, 0xF7, 0x7D, 0xF7, 0x7D, 0xF7, 0x7D, 0xF7, 0x7D, 0xF7,
    0x7D, 0xF7, 0x7D, 0xF7, 0x7D, 0xF7, 0x7D, 0xF7, 0x7D, 0xF7, 0x7D, 0xF7, 0x7D, 0xF7, 0x7D, 0xF7,
    0x7D, 0xF7, 0x7D, 0xF7, 0x7D, 0xF7, 0x7D, 0xF7, 0x7D, 0xF7, 0x7D, 0xF7, 0x7D, 0xF7, 0x7D, 0xF7,
    0x7D, 0xF7, 0x7D, 0xF7, 0x7D, 0xF7, 0x7D, 0xF7, 0x7D, 0xF7, 0x7D, 0xF7, 0x7D, 0xF7, 0x7D, 0xF7,
    0x7D, 0xF7, 0x7D, 0xF7, 0x7D, 0xF7, 0x7D, 0xF7, 0x7D, 0xF7, 0x7D, 0xF7, 0x7D, 0xF7, 0x7D, 0xF7,
    0x7D, 0xF7, 0x7D, 0xF7, 0x7D, 0xF7, 0x7D, 0xF7, 0x7D, 0xF7, 0x7D, 0xF7, 0x7D, 0xF7, 0x7D, 0xF7,
    0x7D, 0xF7, 0x7D, 0xF7, 0x7D, 0xF7, 0x7D, 0xF7, 0x7D, 0xF7, 0x7D, 0xF7, 0x7D, 0xF7, 0x7D, 0xF7,
    0x7D, 0xF7, 0x7D, 0xF7, 0x7D, 0xF7, 0x7D, 0xF7, 0x7D, 0xF7, 0x7D, 0xF7, 0x7D, 0xF7, 0x7D, 0xF7,
};

static const lv_image_dsc_t oc_mark_l = {
    .header = {
        .magic = LV_IMAGE_HEADER_MAGIC,
        .cf = LV_COLOR_FORMAT_RGB565,
        .flags = 0,
        .w = 40,
        .h = 50,
        .stride = 40 * 2,
        .reserved_2 = 0,
    },
    .data_size = sizeof(oc_mark_l_data),
    .data = oc_mark_l_data,
    .reserved = NULL,
    .reserved_2 = NULL,
};

#define OC_MARK_M_W 32   /* 4 cells x 8 px */
#define OC_MARK_M_H 40   /* 5 cells x 8 px */
static const uint8_t oc_mark_m_data[2560] = {
    0x7D, 0xF7, 0x7D, 0xF7, 0x7D, 0xF7, 0x7D, 0xF7, 0x7D, 0xF7, 0x7D, 0xF7, 0x7D, 0xF7, 0x7D, 0xF7,
    0x7D, 0xF7, 0x7D, 0xF7, 0x7D, 0xF7, 0x7D, 0xF7, 0x7D, 0xF7, 0x7D, 0xF7, 0x7D, 0xF7, 0x7D, 0xF7,
    0x7D, 0xF7, 0x7D, 0xF7, 0x7D, 0xF7, 0x7D, 0xF7, 0x7D, 0xF7, 0x7D, 0xF7, 0x7D, 0xF7, 0x7D, 0xF7,
    0x7D, 0xF7, 0x7D, 0xF7, 0x7D, 0xF7, 0x7D, 0xF7, 0x7D, 0xF7, 0x7D, 0xF7, 0x7D, 0xF7, 0x7D, 0xF7,
    0x7D, 0xF7, 0x7D, 0xF7, 0x7D, 0xF7, 0x7D, 0xF7, 0x7D, 0xF7, 0x7D, 0xF7, 0x7D, 0xF7, 0x7D, 0xF7,
    0x7D, 0xF7, 0x7D, 0xF7, 0x7D, 0xF7, 0x7D, 0xF7, 0x7D, 0xF7, 0x7D, 0xF7, 0x7D, 0xF7, 0x7D, 0xF7,
    0x7D, 0xF7, 0x7D, 0xF7, 0x7D, 0xF7, 0x7D, 0xF7, 0x7D, 0xF7, 0x7D, 0xF7, 0x7D, 0xF7, 0x7D, 0xF7,
    0x7D, 0xF7, 0x7D, 0xF7, 0x7D, 0xF7, 0x7D, 0xF7, 0x7D, 0xF7, 0x7D, 0xF7, 0x7D, 0xF7, 0x7D, 0xF7,
    0x7D, 0xF7, 0x7D, 0xF7, 0x7D, 0xF7, 0x7D, 0xF7, 0x7D, 0xF7, 0x7D, 0xF7, 0x7D, 0xF7, 0x7D, 0xF7,
    0x7D, 0xF7, 0x7D, 0xF7, 0x7D, 0xF7, 0x7D, 0xF7, 0x7D, 0xF7, 0x7D, 0xF7, 0x7D, 0xF7, 0x7D, 0xF7,
    0x7D, 0xF7, 0x7D, 0xF7, 0x7D, 0xF7, 0x7D, 0xF7, 0x7D, 0xF7, 0x7D, 0xF7, 0x7D, 0xF7, 0x7D, 0xF7,
    0x7D, 0xF7, 0x7D, 0xF7, 0x7D, 0xF7, 0x7D, 0xF7, 0x7D, 0xF7, 0x7D, 0xF7, 0x7D, 0xF7, 0x7D, 0xF7,
    0x7D, 0xF7, 0x7D, 0xF7, 0x7D, 0xF7, 0x7D, 0xF7, 0x7D, 0xF7, 0x7D, 0xF7, 0x7D, 0xF7, 0x7D, 0xF7,
    0x7D, 0xF7, 0x7D, 0xF7, 0x7D, 0xF7, 0x7D, 0xF7, 0x7D, 0xF7, 0x7D, 0xF7, 0x7D, 0xF7, 0x7D, 0xF7,
    0x7D, 0xF7, 0x7D, 0xF7, 0x7D, 0xF7, 0x7D, 0xF7, 0x7D, 0xF7, 0x7D, 0xF7, 0x7D, 0xF7, 0x7D, 0xF7,
    0x7D, 0xF7, 0x7D, 0xF7, 0x7D, 0xF7, 0x7D, 0xF7, 0x7D, 0xF7, 0x7D, 0xF7, 0x7D, 0xF7, 0x7D, 0xF7,
    0x7D, 0xF7, 0x7D, 0xF7, 0x7D, 0xF7, 0x7D, 0xF7, 0x7D, 0xF7, 0x7D, 0xF7, 0x7D, 0xF7, 0x7D, 0xF7,
    0x7D, 0xF7, 0x7D, 0xF7, 0x7D, 0xF7, 0x7D, 0xF7, 0x7D, 0xF7, 0x7D, 0xF7, 0x7D, 0xF7, 0x7D, 0xF7,
    0x7D, 0xF7, 0x7D, 0xF7, 0x7D, 0xF7, 0x7D, 0xF7, 0x7D, 0xF7, 0x7D, 0xF7, 0x7D, 0xF7, 0x7D, 0xF7,
    0x7D, 0xF7, 0x7D, 0xF7, 0x7D, 0xF7, 0x7D, 0xF7, 0x7D, 0xF7, 0x7D, 0xF7, 0x7D, 0xF7, 0x7D, 0xF7,
    0x7D, 0xF7, 0x7D, 0xF7, 0x7D, 0xF7, 0x7D, 0xF7, 0x7D, 0xF7, 0x7D, 0xF7, 0x7D, 0xF7, 0x7D, 0xF7,
    0x7D, 0xF7, 0x7D, 0xF7, 0x7D, 0xF7, 0x7D, 0xF7, 0x7D, 0xF7, 0x7D, 0xF7, 0x7D, 0xF7, 0x7D, 0xF7,
    0x7D, 0xF7, 0x7D, 0xF7, 0x7D, 0xF7, 0x7D, 0xF7, 0x7D, 0xF7, 0x7D, 0xF7, 0x7D, 0xF7, 0x7D, 0xF7,
    0x7D, 0xF7, 0x7D, 0xF7, 0x7D, 0xF7, 0x7D, 0xF7, 0x7D, 0xF7, 0x7D, 0xF7, 0x7D, 0xF7, 0x7D, 0xF7,
    0x7D, 0xF7, 0x7D, 0xF7, 0x7D, 0xF7, 0x7D, 0xF7, 0x7D, 0xF7, 0x7D, 0xF7, 0x7D, 0xF7, 0x7D, 0xF7,
    0x7D, 0xF7, 0x7D, 0xF7, 0x7D, 0xF7, 0x7D, 0xF7, 0x7D, 0xF7, 0x7D, 0xF7, 0x7D, 0xF7, 0x7D, 0xF7,
    0x7D, 0xF7, 0x7D, 0xF7, 0x7D, 0xF7, 0x7D, 0xF7, 0x7D, 0xF7, 0x7D, 0xF7, 0x7D, 0xF7, 0x7D, 0xF7,
    0x7D, 0xF7, 0x7D, 0xF7, 0x7D, 0xF7, 0x7D, 0xF7, 0x7D, 0xF7, 0x7D, 0xF7, 0x7D, 0xF7, 0x7D, 0xF7,
    0x7D, 0xF7, 0x7D, 0xF7, 0x7D, 0xF7, 0x7D, 0xF7, 0x7D, 0xF7, 0x7D, 0xF7, 0x7D, 0xF7, 0x7D, 0xF7,
    0x7D, 0xF7, 0x7D, 0xF7, 0x7D, 0xF7, 0x7D, 0xF7, 0x7D, 0xF7, 0x7D, 0xF7, 0x7D, 0xF7, 0x7D, 0xF7,
    0x7D, 0xF7, 0x7D, 0xF7, 0x7D, 0xF7, 0x7D, 0xF7, 0x7D, 0xF7, 0x7D, 0xF7, 0x7D, 0xF7, 0x7D, 0xF7,
    0x7D, 0xF7, 0x7D, 0xF7, 0x7D, 0xF7, 0x7D, 0xF7, 0x7D, 0xF7, 0x7D, 0xF7, 0x7D, 0xF7, 0x7D, 0xF7,
    0x7D, 0xF7, 0x7D, 0xF7, 0x7D, 0xF7, 0x7D, 0xF7, 0x7D, 0xF7, 0x7D, 0xF7, 0x7D, 0xF7, 0x7D, 0xF7,
    0x00, 0x00, 0x00, 0x00, 0x00, 0x00, 0x00, 0x00, 0x00, 0x00, 0x00, 0x00, 0x00, 0x00, 0x00, 0x00,
    0x00, 0x00, 0x00, 0x00, 0x00, 0x00, 0x00, 0x00, 0x00, 0x00, 0x00, 0x00, 0x00, 0x00, 0x00, 0x00,
    0x7D, 0xF7, 0x7D, 0xF7, 0x7D, 0xF7, 0x7D, 0xF7, 0x7D, 0xF7, 0x7D, 0xF7, 0x7D, 0xF7, 0x7D, 0xF7,
    0x7D, 0xF7, 0x7D, 0xF7, 0x7D, 0xF7, 0x7D, 0xF7, 0x7D, 0xF7, 0x7D, 0xF7, 0x7D, 0xF7, 0x7D, 0xF7,
    0x00, 0x00, 0x00, 0x00, 0x00, 0x00, 0x00, 0x00, 0x00, 0x00, 0x00, 0x00, 0x00, 0x00, 0x00, 0x00,
    0x00, 0x00, 0x00, 0x00, 0x00, 0x00, 0x00, 0x00, 0x00, 0x00, 0x00, 0x00, 0x00, 0x00, 0x00, 0x00,
    0x7D, 0xF7, 0x7D, 0xF7, 0x7D, 0xF7, 0x7D, 0xF7, 0x7D, 0xF7, 0x7D, 0xF7, 0x7D, 0xF7, 0x7D, 0xF7,
    0x7D, 0xF7, 0x7D, 0xF7, 0x7D, 0xF7, 0x7D, 0xF7, 0x7D, 0xF7, 0x7D, 0xF7, 0x7D, 0xF7, 0x7D, 0xF7,
    0x00, 0x00, 0x00, 0x00, 0x00, 0x00, 0x00, 0x00, 0x00, 0x00, 0x00, 0x00, 0x00, 0x00, 0x00, 0x00,
    0x00, 0x00, 0x00, 0x00, 0x00, 0x00, 0x00, 0x00, 0x00, 0x00, 0x00, 0x00, 0x00, 0x00, 0x00, 0x00,
    0x7D, 0xF7, 0x7D, 0xF7, 0x7D, 0xF7, 0x7D, 0xF7, 0x7D, 0xF7, 0x7D, 0xF7, 0x7D, 0xF7, 0x7D, 0xF7,
    0x7D, 0xF7, 0x7D, 0xF7, 0x7D, 0xF7, 0x7D, 0xF7, 0x7D, 0xF7, 0x7D, 0xF7, 0x7D, 0xF7, 0x7D, 0xF7,
    0x00, 0x00, 0x00, 0x00, 0x00, 0x00, 0x00, 0x00, 0x00, 0x00, 0x00, 0x00, 0x00, 0x00, 0x00, 0x00,
    0x00, 0x00, 0x00, 0x00, 0x00, 0x00, 0x00, 0x00, 0x00, 0x00, 0x00, 0x00, 0x00, 0x00, 0x00, 0x00,
    0x7D, 0xF7, 0x7D, 0xF7, 0x7D, 0xF7, 0x7D, 0xF7, 0x7D, 0xF7, 0x7D, 0xF7, 0x7D, 0xF7, 0x7D, 0xF7,
    0x7D, 0xF7, 0x7D, 0xF7, 0x7D, 0xF7, 0x7D, 0xF7, 0x7D, 0xF7, 0x7D, 0xF7, 0x7D, 0xF7, 0x7D, 0xF7,
    0x00, 0x00, 0x00, 0x00, 0x00, 0x00, 0x00, 0x00, 0x00, 0x00, 0x00, 0x00, 0x00, 0x00, 0x00, 0x00,
    0x00, 0x00, 0x00, 0x00, 0x00, 0x00, 0x00, 0x00, 0x00, 0x00, 0x00, 0x00, 0x00, 0x00, 0x00, 0x00,
    0x7D, 0xF7, 0x7D, 0xF7, 0x7D, 0xF7, 0x7D, 0xF7, 0x7D, 0xF7, 0x7D, 0xF7, 0x7D, 0xF7, 0x7D, 0xF7,
    0x7D, 0xF7, 0x7D, 0xF7, 0x7D, 0xF7, 0x7D, 0xF7, 0x7D, 0xF7, 0x7D, 0xF7, 0x7D, 0xF7, 0x7D, 0xF7,
    0x00, 0x00, 0x00, 0x00, 0x00, 0x00, 0x00, 0x00, 0x00, 0x00, 0x00, 0x00, 0x00, 0x00, 0x00, 0x00,
    0x00, 0x00, 0x00, 0x00, 0x00, 0x00, 0x00, 0x00, 0x00, 0x00, 0x00, 0x00, 0x00, 0x00, 0x00, 0x00,
    0x7D, 0xF7, 0x7D, 0xF7, 0x7D, 0xF7, 0x7D, 0xF7, 0x7D, 0xF7, 0x7D, 0xF7, 0x7D, 0xF7, 0x7D, 0xF7,
    0x7D, 0xF7, 0x7D, 0xF7, 0x7D, 0xF7, 0x7D, 0xF7, 0x7D, 0xF7, 0x7D, 0xF7, 0x7D, 0xF7, 0x7D, 0xF7,
    0x00, 0x00, 0x00, 0x00, 0x00, 0x00, 0x00, 0x00, 0x00, 0x00, 0x00, 0x00, 0x00, 0x00, 0x00, 0x00,
    0x00, 0x00, 0x00, 0x00, 0x00, 0x00, 0x00, 0x00, 0x00, 0x00, 0x00, 0x00, 0x00, 0x00, 0x00, 0x00,
    0x7D, 0xF7, 0x7D, 0xF7, 0x7D, 0xF7, 0x7D, 0xF7, 0x7D, 0xF7, 0x7D, 0xF7, 0x7D, 0xF7, 0x7D, 0xF7,
    0x7D, 0xF7, 0x7D, 0xF7, 0x7D, 0xF7, 0x7D, 0xF7, 0x7D, 0xF7, 0x7D, 0xF7, 0x7D, 0xF7, 0x7D, 0xF7,
    0x00, 0x00, 0x00, 0x00, 0x00, 0x00, 0x00, 0x00, 0x00, 0x00, 0x00, 0x00, 0x00, 0x00, 0x00, 0x00,
    0x00, 0x00, 0x00, 0x00, 0x00, 0x00, 0x00, 0x00, 0x00, 0x00, 0x00, 0x00, 0x00, 0x00, 0x00, 0x00,
    0x7D, 0xF7, 0x7D, 0xF7, 0x7D, 0xF7, 0x7D, 0xF7, 0x7D, 0xF7, 0x7D, 0xF7, 0x7D, 0xF7, 0x7D, 0xF7,
    0x7D, 0xF7, 0x7D, 0xF7, 0x7D, 0xF7, 0x7D, 0xF7, 0x7D, 0xF7, 0x7D, 0xF7, 0x7D, 0xF7, 0x7D, 0xF7,
    0x28, 0x4A, 0x28, 0x4A, 0x28, 0x4A, 0x28, 0x4A, 0x28, 0x4A, 0x28, 0x4A, 0x28, 0x4A, 0x28, 0x4A,
    0x28, 0x4A, 0x28, 0x4A, 0x28, 0x4A, 0x28, 0x4A, 0x28, 0x4A, 0x28, 0x4A, 0x28, 0x4A, 0x28, 0x4A,
    0x7D, 0xF7, 0x7D, 0xF7, 0x7D, 0xF7, 0x7D, 0xF7, 0x7D, 0xF7, 0x7D, 0xF7, 0x7D, 0xF7, 0x7D, 0xF7,
    0x7D, 0xF7, 0x7D, 0xF7, 0x7D, 0xF7, 0x7D, 0xF7, 0x7D, 0xF7, 0x7D, 0xF7, 0x7D, 0xF7, 0x7D, 0xF7,
    0x28, 0x4A, 0x28, 0x4A, 0x28, 0x4A, 0x28, 0x4A, 0x28, 0x4A, 0x28, 0x4A, 0x28, 0x4A, 0x28, 0x4A,
    0x28, 0x4A, 0x28, 0x4A, 0x28, 0x4A, 0x28, 0x4A, 0x28, 0x4A, 0x28, 0x4A, 0x28, 0x4A, 0x28, 0x4A,
    0x7D, 0xF7, 0x7D, 0xF7, 0x7D, 0xF7, 0x7D, 0xF7, 0x7D, 0xF7, 0x7D, 0xF7, 0x7D, 0xF7, 0x7D, 0xF7,
    0x7D, 0xF7, 0x7D, 0xF7, 0x7D, 0xF7, 0x7D, 0xF7, 0x7D, 0xF7, 0x7D, 0xF7, 0x7D, 0xF7, 0x7D, 0xF7,
    0x28, 0x4A, 0x28, 0x4A, 0x28, 0x4A, 0x28, 0x4A, 0x28, 0x4A, 0x28, 0x4A, 0x28, 0x4A, 0x28, 0x4A,
    0x28, 0x4A, 0x28, 0x4A, 0x28, 0x4A, 0x28, 0x4A, 0x28, 0x4A, 0x28, 0x4A, 0x28, 0x4A, 0x28, 0x4A,
    0x7D, 0xF7, 0x7D, 0xF7, 0x7D, 0xF7, 0x7D, 0xF7, 0x7D, 0xF7, 0x7D, 0xF7, 0x7D, 0xF7, 0x7D, 0xF7,
    0x7D, 0xF7, 0x7D, 0xF7, 0x7D, 0xF7, 0x7D, 0xF7, 0x7D, 0xF7, 0x7D, 0xF7, 0x7D, 0xF7, 0x7D, 0xF7,
    0x28, 0x4A, 0x28, 0x4A, 0x28, 0x4A, 0x28, 0x4A, 0x28, 0x4A, 0x28, 0x4A, 0x28, 0x4A, 0x28, 0x4A,
    0x28, 0x4A, 0x28, 0x4A, 0x28, 0x4A, 0x28, 0x4A, 0x28, 0x4A, 0x28, 0x4A, 0x28, 0x4A, 0x28, 0x4A,
    0x7D, 0xF7, 0x7D, 0xF7, 0x7D, 0xF7, 0x7D, 0xF7, 0x7D, 0xF7, 0x7D, 0xF7, 0x7D, 0xF7, 0x7D, 0xF7,
    0x7D, 0xF7, 0x7D, 0xF7, 0x7D, 0xF7, 0x7D, 0xF7, 0x7D, 0xF7, 0x7D, 0xF7, 0x7D, 0xF7, 0x7D, 0xF7,
    0x28, 0x4A, 0x28, 0x4A, 0x28, 0x4A, 0x28, 0x4A, 0x28, 0x4A, 0x28, 0x4A, 0x28, 0x4A, 0x28, 0x4A,
    0x28, 0x4A, 0x28, 0x4A, 0x28, 0x4A, 0x28, 0x4A, 0x28, 0x4A, 0x28, 0x4A, 0x28, 0x4A, 0x28, 0x4A,
    0x7D, 0xF7, 0x7D, 0xF7, 0x7D, 0xF7, 0x7D, 0xF7, 0x7D, 0xF7, 0x7D, 0xF7, 0x7D, 0xF7, 0x7D, 0xF7,
    0x7D, 0xF7, 0x7D, 0xF7, 0x7D, 0xF7, 0x7D, 0xF7, 0x7D, 0xF7, 0x7D, 0xF7, 0x7D, 0xF7, 0x7D, 0xF7,
    0x28, 0x4A, 0x28, 0x4A, 0x28, 0x4A, 0x28, 0x4A, 0x28, 0x4A, 0x28, 0x4A, 0x28, 0x4A, 0x28, 0x4A,
    0x28, 0x4A, 0x28, 0x4A, 0x28, 0x4A, 0x28, 0x4A, 0x28, 0x4A, 0x28, 0x4A, 0x28, 0x4A, 0x28, 0x4A,
    0x7D, 0xF7, 0x7D, 0xF7, 0x7D, 0xF7, 0x7D, 0xF7, 0x7D, 0xF7, 0x7D, 0xF7, 0x7D, 0xF7, 0x7D, 0xF7,
    0x7D, 0xF7, 0x7D, 0xF7, 0x7D, 0xF7, 0x7D, 0xF7, 0x7D, 0xF7, 0x7D, 0xF7, 0x7D, 0xF7, 0x7D, 0xF7,
    0x28, 0x4A, 0x28, 0x4A, 0x28, 0x4A, 0x28, 0x4A, 0x28, 0x4A, 0x28, 0x4A, 0x28, 0x4A, 0x28, 0x4A,
    0x28, 0x4A, 0x28, 0x4A, 0x28, 0x4A, 0x28, 0x4A, 0x28, 0x4A, 0x28, 0x4A, 0x28, 0x4A, 0x28, 0x4A,
    0x7D, 0xF7, 0x7D, 0xF7, 0x7D, 0xF7, 0x7D, 0xF7, 0x7D, 0xF7, 0x7D, 0xF7, 0x7D, 0xF7, 0x7D, 0xF7,
    0x7D, 0xF7, 0x7D, 0xF7, 0x7D, 0xF7, 0x7D, 0xF7, 0x7D, 0xF7, 0x7D, 0xF7, 0x7D, 0xF7, 0x7D, 0xF7,
    0x28, 0x4A, 0x28, 0x4A, 0x28, 0x4A, 0x28, 0x4A, 0x28, 0x4A, 0x28, 0x4A, 0x28, 0x4A, 0x28, 0x4A,
    0x28, 0x4A, 0x28, 0x4A, 0x28, 0x4A, 0x28, 0x4A, 0x28, 0x4A, 0x28, 0x4A, 0x28, 0x4A, 0x28, 0x4A,
    0x7D, 0xF7, 0x7D, 0xF7, 0x7D, 0xF7, 0x7D, 0xF7, 0x7D, 0xF7, 0x7D, 0xF7, 0x7D, 0xF7, 0x7D, 0xF7,
    0x7D, 0xF7, 0x7D, 0xF7, 0x7D, 0xF7, 0x7D, 0xF7, 0x7D, 0xF7, 0x7D, 0xF7, 0x7D, 0xF7, 0x7D, 0xF7,
    0x28, 0x4A, 0x28, 0x4A, 0x28, 0x4A, 0x28, 0x4A, 0x28, 0x4A, 0x28, 0x4A, 0x28, 0x4A, 0x28, 0x4A,
    0x28, 0x4A, 0x28, 0x4A, 0x28, 0x4A, 0x28, 0x4A, 0x28, 0x4A, 0x28, 0x4A, 0x28, 0x4A, 0x28, 0x4A,
    0x7D, 0xF7, 0x7D, 0xF7, 0x7D, 0xF7, 0x7D, 0xF7, 0x7D, 0xF7, 0x7D, 0xF7, 0x7D, 0xF7, 0x7D, 0xF7,
    0x7D, 0xF7, 0x7D, 0xF7, 0x7D, 0xF7, 0x7D, 0xF7, 0x7D, 0xF7, 0x7D, 0xF7, 0x7D, 0xF7, 0x7D, 0xF7,
    0x28, 0x4A, 0x28, 0x4A, 0x28, 0x4A, 0x28, 0x4A, 0x28, 0x4A, 0x28, 0x4A, 0x28, 0x4A, 0x28, 0x4A,
    0x28, 0x4A, 0x28, 0x4A, 0x28, 0x4A, 0x28, 0x4A, 0x28, 0x4A, 0x28, 0x4A, 0x28, 0x4A, 0x28, 0x4A,
    0x7D, 0xF7, 0x7D, 0xF7, 0x7D, 0xF7, 0x7D, 0xF7, 0x7D, 0xF7, 0x7D, 0xF7, 0x7D, 0xF7, 0x7D, 0xF7,
    0x7D, 0xF7, 0x7D, 0xF7, 0x7D, 0xF7, 0x7D, 0xF7, 0x7D, 0xF7, 0x7D, 0xF7, 0x7D, 0xF7, 0x7D, 0xF7,
    0x28, 0x4A, 0x28, 0x4A, 0x28, 0x4A, 0x28, 0x4A, 0x28, 0x4A, 0x28, 0x4A, 0x28, 0x4A, 0x28, 0x4A,
    0x28, 0x4A, 0x28, 0x4A, 0x28, 0x4A, 0x28, 0x4A, 0x28, 0x4A, 0x28, 0x4A, 0x28, 0x4A, 0x28, 0x4A,
    0x7D, 0xF7, 0x7D, 0xF7, 0x7D, 0xF7, 0x7D, 0xF7, 0x7D, 0xF7, 0x7D, 0xF7, 0x7D, 0xF7, 0x7D, 0xF7,
    0x7D, 0xF7, 0x7D, 0xF7, 0x7D, 0xF7, 0x7D, 0xF7, 0x7D, 0xF7, 0x7D, 0xF7, 0x7D, 0xF7, 0x7D, 0xF7,
    0x28, 0x4A, 0x28, 0x4A, 0x28, 0x4A, 0x28, 0x4A, 0x28, 0x4A, 0x28, 0x4A, 0x28, 0x4A, 0x28, 0x4A,
    0x28, 0x4A, 0x28, 0x4A, 0x28, 0x4A, 0x28, 0x4A, 0x28, 0x4A, 0x28, 0x4A, 0x28, 0x4A, 0x28, 0x4A,
    0x7D, 0xF7, 0x7D, 0xF7, 0x7D, 0xF7, 0x7D, 0xF7, 0x7D, 0xF7, 0x7D, 0xF7, 0x7D, 0xF7, 0x7D, 0xF7,
    0x7D, 0xF7, 0x7D, 0xF7, 0x7D, 0xF7, 0x7D, 0xF7, 0x7D, 0xF7, 0x7D, 0xF7, 0x7D, 0xF7, 0x7D, 0xF7,
    0x28, 0x4A, 0x28, 0x4A, 0x28, 0x4A, 0x28, 0x4A, 0x28, 0x4A, 0x28, 0x4A, 0x28, 0x4A, 0x28, 0x4A,
    0x28, 0x4A, 0x28, 0x4A, 0x28, 0x4A, 0x28, 0x4A, 0x28, 0x4A, 0x28, 0x4A, 0x28, 0x4A, 0x28, 0x4A,
    0x7D, 0xF7, 0x7D, 0xF7, 0x7D, 0xF7, 0x7D, 0xF7, 0x7D, 0xF7, 0x7D, 0xF7, 0x7D, 0xF7, 0x7D, 0xF7,
    0x7D, 0xF7, 0x7D, 0xF7, 0x7D, 0xF7, 0x7D, 0xF7, 0x7D, 0xF7, 0x7D, 0xF7, 0x7D, 0xF7, 0x7D, 0xF7,
    0x28, 0x4A, 0x28, 0x4A, 0x28, 0x4A, 0x28, 0x4A, 0x28, 0x4A, 0x28, 0x4A, 0x28, 0x4A, 0x28, 0x4A,
    0x28, 0x4A, 0x28, 0x4A, 0x28, 0x4A, 0x28, 0x4A, 0x28, 0x4A, 0x28, 0x4A, 0x28, 0x4A, 0x28, 0x4A,
    0x7D, 0xF7, 0x7D, 0xF7, 0x7D, 0xF7, 0x7D, 0xF7, 0x7D, 0xF7, 0x7D, 0xF7, 0x7D, 0xF7, 0x7D, 0xF7,
    0x7D, 0xF7, 0x7D, 0xF7, 0x7D, 0xF7, 0x7D, 0xF7, 0x7D, 0xF7, 0x7D, 0xF7, 0x7D, 0xF7, 0x7D, 0xF7,
    0x28, 0x4A, 0x28, 0x4A, 0x28, 0x4A, 0x28, 0x4A, 0x28, 0x4A, 0x28, 0x4A, 0x28, 0x4A, 0x28, 0x4A,
    0x28, 0x4A, 0x28, 0x4A, 0x28, 0x4A, 0x28, 0x4A, 0x28, 0x4A, 0x28, 0x4A, 0x28, 0x4A, 0x28, 0x4A,
    0x7D, 0xF7, 0x7D, 0xF7, 0x7D, 0xF7, 0x7D, 0xF7, 0x7D, 0xF7, 0x7D, 0xF7, 0x7D, 0xF7, 0x7D, 0xF7,
    0x7D, 0xF7, 0x7D, 0xF7, 0x7D, 0xF7, 0x7D, 0xF7, 0x7D, 0xF7, 0x7D, 0xF7, 0x7D, 0xF7, 0x7D, 0xF7,
    0x28, 0x4A, 0x28, 0x4A, 0x28, 0x4A, 0x28, 0x4A, 0x28, 0x4A, 0x28, 0x4A, 0x28, 0x4A, 0x28, 0x4A,
    0x28, 0x4A, 0x28, 0x4A, 0x28, 0x4A, 0x28, 0x4A, 0x28, 0x4A, 0x28, 0x4A, 0x28, 0x4A, 0x28, 0x4A,
    0x7D, 0xF7, 0x7D, 0xF7, 0x7D, 0xF7, 0x7D, 0xF7, 0x7D, 0xF7, 0x7D, 0xF7, 0x7D, 0xF7, 0x7D, 0xF7,
    0x7D, 0xF7, 0x7D, 0xF7, 0x7D, 0xF7, 0x7D, 0xF7, 0x7D, 0xF7, 0x7D, 0xF7, 0x7D, 0xF7, 0x7D, 0xF7,
    0x7D, 0xF7, 0x7D, 0xF7, 0x7D, 0xF7, 0x7D, 0xF7, 0x7D, 0xF7, 0x7D, 0xF7, 0x7D, 0xF7, 0x7D, 0xF7,
    0x7D, 0xF7, 0x7D, 0xF7, 0x7D, 0xF7, 0x7D, 0xF7, 0x7D, 0xF7, 0x7D, 0xF7, 0x7D, 0xF7, 0x7D, 0xF7,
    0x7D, 0xF7, 0x7D, 0xF7, 0x7D, 0xF7, 0x7D, 0xF7, 0x7D, 0xF7, 0x7D, 0xF7, 0x7D, 0xF7, 0x7D, 0xF7,
    0x7D, 0xF7, 0x7D, 0xF7, 0x7D, 0xF7, 0x7D, 0xF7, 0x7D, 0xF7, 0x7D, 0xF7, 0x7D, 0xF7, 0x7D, 0xF7,
    0x7D, 0xF7, 0x7D, 0xF7, 0x7D, 0xF7, 0x7D, 0xF7, 0x7D, 0xF7, 0x7D, 0xF7, 0x7D, 0xF7, 0x7D, 0xF7,
    0x7D, 0xF7, 0x7D, 0xF7, 0x7D, 0xF7, 0x7D, 0xF7, 0x7D, 0xF7, 0x7D, 0xF7, 0x7D, 0xF7, 0x7D, 0xF7,
    0x7D, 0xF7, 0x7D, 0xF7, 0x7D, 0xF7, 0x7D, 0xF7, 0x7D, 0xF7, 0x7D, 0xF7, 0x7D, 0xF7, 0x7D, 0xF7,
    0x7D, 0xF7, 0x7D, 0xF7, 0x7D, 0xF7, 0x7D, 0xF7, 0x7D, 0xF7, 0x7D, 0xF7, 0x7D, 0xF7, 0x7D, 0xF7,
    0x7D, 0xF7, 0x7D, 0xF7, 0x7D, 0xF7, 0x7D, 0xF7, 0x7D, 0xF7, 0x7D, 0xF7, 0x7D, 0xF7, 0x7D, 0xF7,
    0x7D, 0xF7, 0x7D, 0xF7, 0x7D, 0xF7, 0x7D, 0xF7, 0x7D, 0xF7, 0x7D, 0xF7, 0x7D, 0xF7, 0x7D, 0xF7,
    0x7D, 0xF7, 0x7D, 0xF7, 0x7D, 0xF7, 0x7D, 0xF7, 0x7D, 0xF7, 0x7D, 0xF7, 0x7D, 0xF7, 0x7D, 0xF7,
    0x7D, 0xF7, 0x7D, 0xF7, 0x7D, 0xF7, 0x7D, 0xF7, 0x7D, 0xF7, 0x7D, 0xF7, 0x7D, 0xF7, 0x7D, 0xF7,
    0x7D, 0xF7, 0x7D, 0xF7, 0x7D, 0xF7, 0x7D, 0xF7, 0x7D, 0xF7, 0x7D, 0xF7, 0x7D, 0xF7, 0x7D, 0xF7,
    0x7D, 0xF7, 0x7D, 0xF7, 0x7D, 0xF7, 0x7D, 0xF7, 0x7D, 0xF7, 0x7D, 0xF7, 0x7D, 0xF7, 0x7D, 0xF7,
    0x7D, 0xF7, 0x7D, 0xF7, 0x7D, 0xF7, 0x7D, 0xF7, 0x7D, 0xF7, 0x7D, 0xF7, 0x7D, 0xF7, 0x7D, 0xF7,
    0x7D, 0xF7, 0x7D, 0xF7, 0x7D, 0xF7, 0x7D, 0xF7, 0x7D, 0xF7, 0x7D, 0xF7, 0x7D, 0xF7, 0x7D, 0xF7,
    0x7D, 0xF7, 0x7D, 0xF7, 0x7D, 0xF7, 0x7D, 0xF7, 0x7D, 0xF7, 0x7D, 0xF7, 0x7D, 0xF7, 0x7D, 0xF7,
    0x7D, 0xF7, 0x7D, 0xF7, 0x7D, 0xF7, 0x7D, 0xF7, 0x7D, 0xF7, 0x7D, 0xF7, 0x7D, 0xF7, 0x7D, 0xF7,
    0x7D, 0xF7, 0x7D, 0xF7, 0x7D, 0xF7, 0x7D, 0xF7, 0x7D, 0xF7, 0x7D, 0xF7, 0x7D, 0xF7, 0x7D, 0xF7,
    0x7D, 0xF7, 0x7D, 0xF7, 0x7D, 0xF7, 0x7D, 0xF7, 0x7D, 0xF7, 0x7D, 0xF7, 0x7D, 0xF7, 0x7D, 0xF7,
    0x7D, 0xF7, 0x7D, 0xF7, 0x7D, 0xF7, 0x7D, 0xF7, 0x7D, 0xF7, 0x7D, 0xF7, 0x7D, 0xF7, 0x7D, 0xF7,
    0x7D, 0xF7, 0x7D, 0xF7, 0x7D, 0xF7, 0x7D, 0xF7, 0x7D, 0xF7, 0x7D, 0xF7, 0x7D, 0xF7, 0x7D, 0xF7,
    0x7D, 0xF7, 0x7D, 0xF7, 0x7D, 0xF7, 0x7D, 0xF7, 0x7D, 0xF7, 0x7D, 0xF7, 0x7D, 0xF7, 0x7D, 0xF7,
    0x7D, 0xF7, 0x7D, 0xF7, 0x7D, 0xF7, 0x7D, 0xF7, 0x7D, 0xF7, 0x7D, 0xF7, 0x7D, 0xF7, 0x7D, 0xF7,
    0x7D, 0xF7, 0x7D, 0xF7, 0x7D, 0xF7, 0x7D, 0xF7, 0x7D, 0xF7, 0x7D, 0xF7, 0x7D, 0xF7, 0x7D, 0xF7,
    0x7D, 0xF7, 0x7D, 0xF7, 0x7D, 0xF7, 0x7D, 0xF7, 0x7D, 0xF7, 0x7D, 0xF7, 0x7D, 0xF7, 0x7D, 0xF7,
    0x7D, 0xF7, 0x7D, 0xF7, 0x7D, 0xF7, 0x7D, 0xF7, 0x7D, 0xF7, 0x7D, 0xF7, 0x7D, 0xF7, 0x7D, 0xF7,
    0x7D, 0xF7, 0x7D, 0xF7, 0x7D, 0xF7, 0x7D, 0xF7, 0x7D, 0xF7, 0x7D, 0xF7, 0x7D, 0xF7, 0x7D, 0xF7,
    0x7D, 0xF7, 0x7D, 0xF7, 0x7D, 0xF7, 0x7D, 0xF7, 0x7D, 0xF7, 0x7D, 0xF7, 0x7D, 0xF7, 0x7D, 0xF7,
    0x7D, 0xF7, 0x7D, 0xF7, 0x7D, 0xF7, 0x7D, 0xF7, 0x7D, 0xF7, 0x7D, 0xF7, 0x7D, 0xF7, 0x7D, 0xF7,
    0x7D, 0xF7, 0x7D, 0xF7, 0x7D, 0xF7, 0x7D, 0xF7, 0x7D, 0xF7, 0x7D, 0xF7, 0x7D, 0xF7, 0x7D, 0xF7,
};

static const lv_image_dsc_t oc_mark_m = {
    .header = {
        .magic = LV_IMAGE_HEADER_MAGIC,
        .cf = LV_COLOR_FORMAT_RGB565,
        .flags = 0,
        .w = 32,
        .h = 40,
        .stride = 32 * 2,
        .reserved_2 = 0,
    },
    .data_size = sizeof(oc_mark_m_data),
    .data = oc_mark_m_data,
    .reserved = NULL,
    .reserved_2 = NULL,
};

#define OC_MARK_S_W 16   /* 4 cells x 4 px */
#define OC_MARK_S_H 20   /* 5 cells x 4 px */
static const uint8_t oc_mark_s_data[640] = {
    0x7D, 0xF7, 0x7D, 0xF7, 0x7D, 0xF7, 0x7D, 0xF7, 0x7D, 0xF7, 0x7D, 0xF7, 0x7D, 0xF7, 0x7D, 0xF7,
    0x7D, 0xF7, 0x7D, 0xF7, 0x7D, 0xF7, 0x7D, 0xF7, 0x7D, 0xF7, 0x7D, 0xF7, 0x7D, 0xF7, 0x7D, 0xF7,
    0x7D, 0xF7, 0x7D, 0xF7, 0x7D, 0xF7, 0x7D, 0xF7, 0x7D, 0xF7, 0x7D, 0xF7, 0x7D, 0xF7, 0x7D, 0xF7,
    0x7D, 0xF7, 0x7D, 0xF7, 0x7D, 0xF7, 0x7D, 0xF7, 0x7D, 0xF7, 0x7D, 0xF7, 0x7D, 0xF7, 0x7D, 0xF7,
    0x7D, 0xF7, 0x7D, 0xF7, 0x7D, 0xF7, 0x7D, 0xF7, 0x7D, 0xF7, 0x7D, 0xF7, 0x7D, 0xF7, 0x7D, 0xF7,
    0x7D, 0xF7, 0x7D, 0xF7, 0x7D, 0xF7, 0x7D, 0xF7, 0x7D, 0xF7, 0x7D, 0xF7, 0x7D, 0xF7, 0x7D, 0xF7,
    0x7D, 0xF7, 0x7D, 0xF7, 0x7D, 0xF7, 0x7D, 0xF7, 0x7D, 0xF7, 0x7D, 0xF7, 0x7D, 0xF7, 0x7D, 0xF7,
    0x7D, 0xF7, 0x7D, 0xF7, 0x7D, 0xF7, 0x7D, 0xF7, 0x7D, 0xF7, 0x7D, 0xF7, 0x7D, 0xF7, 0x7D, 0xF7,
    0x7D, 0xF7, 0x7D, 0xF7, 0x7D, 0xF7, 0x7D, 0xF7, 0x00, 0x00, 0x00, 0x00, 0x00, 0x00, 0x00, 0x00,
    0x00, 0x00, 0x00, 0x00, 0x00, 0x00, 0x00, 0x00, 0x7D, 0xF7, 0x7D, 0xF7, 0x7D, 0xF7, 0x7D, 0xF7,
    0x7D, 0xF7, 0x7D, 0xF7, 0x7D, 0xF7, 0x7D, 0xF7, 0x00, 0x00, 0x00, 0x00, 0x00, 0x00, 0x00, 0x00,
    0x00, 0x00, 0x00, 0x00, 0x00, 0x00, 0x00, 0x00, 0x7D, 0xF7, 0x7D, 0xF7, 0x7D, 0xF7, 0x7D, 0xF7,
    0x7D, 0xF7, 0x7D, 0xF7, 0x7D, 0xF7, 0x7D, 0xF7, 0x00, 0x00, 0x00, 0x00, 0x00, 0x00, 0x00, 0x00,
    0x00, 0x00, 0x00, 0x00, 0x00, 0x00, 0x00, 0x00, 0x7D, 0xF7, 0x7D, 0xF7, 0x7D, 0xF7, 0x7D, 0xF7,
    0x7D, 0xF7, 0x7D, 0xF7, 0x7D, 0xF7, 0x7D, 0xF7, 0x00, 0x00, 0x00, 0x00, 0x00, 0x00, 0x00, 0x00,
    0x00, 0x00, 0x00, 0x00, 0x00, 0x00, 0x00, 0x00, 0x7D, 0xF7, 0x7D, 0xF7, 0x7D, 0xF7, 0x7D, 0xF7,
    0x7D, 0xF7, 0x7D, 0xF7, 0x7D, 0xF7, 0x7D, 0xF7, 0x28, 0x4A, 0x28, 0x4A, 0x28, 0x4A, 0x28, 0x4A,
    0x28, 0x4A, 0x28, 0x4A, 0x28, 0x4A, 0x28, 0x4A, 0x7D, 0xF7, 0x7D, 0xF7, 0x7D, 0xF7, 0x7D, 0xF7,
    0x7D, 0xF7, 0x7D, 0xF7, 0x7D, 0xF7, 0x7D, 0xF7, 0x28, 0x4A, 0x28, 0x4A, 0x28, 0x4A, 0x28, 0x4A,
    0x28, 0x4A, 0x28, 0x4A, 0x28, 0x4A, 0x28, 0x4A, 0x7D, 0xF7, 0x7D, 0xF7, 0x7D, 0xF7, 0x7D, 0xF7,
    0x7D, 0xF7, 0x7D, 0xF7, 0x7D, 0xF7, 0x7D, 0xF7, 0x28, 0x4A, 0x28, 0x4A, 0x28, 0x4A, 0x28, 0x4A,
    0x28, 0x4A, 0x28, 0x4A, 0x28, 0x4A, 0x28, 0x4A, 0x7D, 0xF7, 0x7D, 0xF7, 0x7D, 0xF7, 0x7D, 0xF7,
    0x7D, 0xF7, 0x7D, 0xF7, 0x7D, 0xF7, 0x7D, 0xF7, 0x28, 0x4A, 0x28, 0x4A, 0x28, 0x4A, 0x28, 0x4A,
    0x28, 0x4A, 0x28, 0x4A, 0x28, 0x4A, 0x28, 0x4A, 0x7D, 0xF7, 0x7D, 0xF7, 0x7D, 0xF7, 0x7D, 0xF7,
    0x7D, 0xF7, 0x7D, 0xF7, 0x7D, 0xF7, 0x7D, 0xF7, 0x28, 0x4A, 0x28, 0x4A, 0x28, 0x4A, 0x28, 0x4A,
    0x28, 0x4A, 0x28, 0x4A, 0x28, 0x4A, 0x28, 0x4A, 0x7D, 0xF7, 0x7D, 0xF7, 0x7D, 0xF7, 0x7D, 0xF7,
    0x7D, 0xF7, 0x7D, 0xF7, 0x7D, 0xF7, 0x7D, 0xF7, 0x28, 0x4A, 0x28, 0x4A, 0x28, 0x4A, 0x28, 0x4A,
    0x28, 0x4A, 0x28, 0x4A, 0x28, 0x4A, 0x28, 0x4A, 0x7D, 0xF7, 0x7D, 0xF7, 0x7D, 0xF7, 0x7D, 0xF7,
    0x7D, 0xF7, 0x7D, 0xF7, 0x7D, 0xF7, 0x7D, 0xF7, 0x28, 0x4A, 0x28, 0x4A, 0x28, 0x4A, 0x28, 0x4A,
    0x28, 0x4A, 0x28, 0x4A, 0x28, 0x4A, 0x28, 0x4A, 0x7D, 0xF7, 0x7D, 0xF7, 0x7D, 0xF7, 0x7D, 0xF7,
    0x7D, 0xF7, 0x7D, 0xF7, 0x7D, 0xF7, 0x7D, 0xF7, 0x28, 0x4A, 0x28, 0x4A, 0x28, 0x4A, 0x28, 0x4A,
    0x28, 0x4A, 0x28, 0x4A, 0x28, 0x4A, 0x28, 0x4A, 0x7D, 0xF7, 0x7D, 0xF7, 0x7D, 0xF7, 0x7D, 0xF7,
    0x7D, 0xF7, 0x7D, 0xF7, 0x7D, 0xF7, 0x7D, 0xF7, 0x7D, 0xF7, 0x7D, 0xF7, 0x7D, 0xF7, 0x7D, 0xF7,
    0x7D, 0xF7, 0x7D, 0xF7, 0x7D, 0xF7, 0x7D, 0xF7, 0x7D, 0xF7, 0x7D, 0xF7, 0x7D, 0xF7, 0x7D, 0xF7,
    0x7D, 0xF7, 0x7D, 0xF7, 0x7D, 0xF7, 0x7D, 0xF7, 0x7D, 0xF7, 0x7D, 0xF7, 0x7D, 0xF7, 0x7D, 0xF7,
    0x7D, 0xF7, 0x7D, 0xF7, 0x7D, 0xF7, 0x7D, 0xF7, 0x7D, 0xF7, 0x7D, 0xF7, 0x7D, 0xF7, 0x7D, 0xF7,
    0x7D, 0xF7, 0x7D, 0xF7, 0x7D, 0xF7, 0x7D, 0xF7, 0x7D, 0xF7, 0x7D, 0xF7, 0x7D, 0xF7, 0x7D, 0xF7,
    0x7D, 0xF7, 0x7D, 0xF7, 0x7D, 0xF7, 0x7D, 0xF7, 0x7D, 0xF7, 0x7D, 0xF7, 0x7D, 0xF7, 0x7D, 0xF7,
    0x7D, 0xF7, 0x7D, 0xF7, 0x7D, 0xF7, 0x7D, 0xF7, 0x7D, 0xF7, 0x7D, 0xF7, 0x7D, 0xF7, 0x7D, 0xF7,
    0x7D, 0xF7, 0x7D, 0xF7, 0x7D, 0xF7, 0x7D, 0xF7, 0x7D, 0xF7, 0x7D, 0xF7, 0x7D, 0xF7, 0x7D, 0xF7,
};

static const lv_image_dsc_t oc_mark_s = {
    .header = {
        .magic = LV_IMAGE_HEADER_MAGIC,
        .cf = LV_COLOR_FORMAT_RGB565,
        .flags = 0,
        .w = 16,
        .h = 20,
        .stride = 16 * 2,
        .reserved_2 = 0,
    },
    .data_size = sizeof(oc_mark_s_data),
    .data = oc_mark_s_data,
    .reserved = NULL,
    .reserved_2 = NULL,
};

#define OC_WORDMARK_L_W 195   /* 39 cells x 5 px */
#define OC_WORDMARK_L_H 35   /* 7 cells x 5 px */
static const uint8_t oc_wordmark_l_data[13650] = {
    0x00, 0x00, 0x00, 0x00, 0x00, 0x00, 0x00, 0x00, 0x00, 0x00, 0x00, 0x00, 0x00, 0x00, 0x00, 0x00,
    0x00, 0x00, 0x00, 0x00, 0x00, 0x00, 0x00, 0x00, 0x00, 0x00, 0x00, 0x00, 0x00, 0x00, 0x00, 0x00,
    0x00, 0x00, 0x00, 0x00, 0x00, 0x00, 0x00, 0x00, 0x00, 0x00, 0x00, 0x00, 0x00, 0x00, 0x00, 0x00,
    0x00, 0x00, 0x00, 0x00, 0x00, 0x00, 0x00, 0x00, 0x00, 0x00, 0x00, 0x00, 0x00, 0x00, 0x00, 0x00,
    0x00, 0x00, 0x00, 0x00, 0x00, 0x00, 0x00, 0x00, 0x00, 0x00, 0x00, 0x00, 0x00, 0x00, 0x00, 0x00,
    0x00, 0x00, 0x00, 0x00, 0x00, 0x00, 0x00, 0x00, 0x00, 0x00, 0x00, 0x00, 0x00, 0x00, 0x00, 0x00,
    0x00, 0x00, 0x00, 0x00, 0x00, 0x00, 0x00, 0x00, 0x00, 0x00, 0x00, 0x00, 0x00, 0x00, 0x00, 0x00,
    0x00, 0x00, 0x00, 0x00, 0x00, 0x00, 0x00, 0x00, 0x00, 0x00, 0x00, 0x00, 0x00, 0x00, 0x00, 0x00,
    0x00, 0x00, 0x00, 0x00, 0x00, 0x00, 0x00, 0x00, 0x00, 0x00, 0x00, 0x00, 0x00, 0x00, 0x00, 0x00,
    0x00, 0x00, 0x00, 0x00, 0x00, 0x00, 0x00, 0x00, 0x00, 0x00, 0x00, 0x00, 0x00, 0x00, 0x00, 0x00,
    0x00, 0x00, 0x00, 0x00, 0x00, 0x00, 0x00, 0x00, 0x00, 0x00, 0x00, 0x00, 0x00, 0x00, 0x00, 0x00,
    0x00, 0x00, 0x00, 0x00, 0x00, 0x00, 0x00, 0x00, 0x00, 0x00, 0x00, 0x00, 0x00, 0x00, 0x00, 0x00,
    0x00, 0x00, 0x00, 0x00, 0x00, 0x00, 0x00, 0x00, 0x00, 0x00, 0x00, 0x00, 0x00, 0x00, 0x00, 0x00,
    0x00, 0x00, 0x00, 0x00, 0x00, 0x00, 0x00, 0x00, 0x00, 0x00, 0x00, 0x00, 0x00, 0x00, 0x00, 0x00,
    0x00, 0x00, 0x00, 0x00, 0x00, 0x00, 0x00, 0x00, 0x00, 0x00, 0x00, 0x00, 0x00, 0x00, 0x00, 0x00,
    0x00, 0x00, 0x00, 0x00, 0x00, 0x00, 0x00, 0x00, 0x00, 0x00, 0x00, 0x00, 0x00, 0x00, 0x00, 0x00,
    0x00, 0x00, 0x00, 0x00, 0x00, 0x00, 0x00, 0x00, 0x00, 0x00, 0x00, 0x00, 0x00, 0x00, 0x00, 0x00,
    0x00, 0x00, 0x00, 0x00, 0x00, 0x00, 0x00, 0x00, 0x00, 0x00, 0x00, 0x00, 0x00, 0x00, 0x00, 0x00,
    0x00, 0x00, 0x00, 0x00, 0x00, 0x00, 0x00, 0x00, 0x00, 0x00, 0x00, 0x00, 0x00, 0x00, 0x00, 0x00,
    0x00, 0x00, 0x00, 0x00, 0x00, 0x00, 0x00, 0x00, 0x00, 0x00, 0x00, 0x00, 0x00, 0x00, 0x00, 0x00,
    0x00, 0x00, 0x00, 0x00, 0x00, 0x00, 0x00, 0x00, 0x00, 0x00, 0x7D, 0xF7, 0x7D, 0xF7, 0x7D, 0xF7,
    0x7D, 0xF7, 0x7D, 0xF7, 0x00, 0x00, 0x00, 0x00, 0x00, 0x00, 0x00, 0x00, 0x00, 0x00, 0x00, 0x00,
    0x00, 0x00, 0x00, 0x00, 0x00, 0x00, 0x00, 0x00, 0x00, 0x00, 0x00, 0x00, 0x00, 0x00, 0x00, 0x00,
    0x00, 0x00, 0x00, 0x00, 0x00, 0x00, 0x00, 0x00, 0x00, 0x00, 0x00, 0x00, 0x00, 0x00, 0x00, 0x00,
    0x00, 0x00, 0x00, 0x00, 0x00, 0x00, 0x00, 0x00, 0x00, 0x00, 0x00, 0x00, 0x00, 0x00, 0x00, 0x00,
    0x00, 0x00, 0x00, 0x00, 0x00, 0x00, 0x00, 0x00, 0x00, 0x00, 0x00, 0x00, 0x00, 0x00, 0x00, 0x00,
    0x00, 0x00, 0x00, 0x00, 0x00, 0x00, 0x00, 0x00, 0x00, 0x00, 0x00, 0x00, 0x00, 0x00, 0x00, 0x00,
    0x00, 0x00, 0x00, 0x00, 0x00, 0x00, 0x00, 0x00, 0x00, 0x00, 0x00, 0x00, 0x00, 0x00, 0x00, 0x00,
    0x00, 0x00, 0x00, 0x00, 0x00, 0x00, 0x00, 0x00, 0x00, 0x00, 0x00, 0x00, 0x00, 0x00, 0x00, 0x00,
    0x00, 0x00, 0x00, 0x00, 0x00, 0x00, 0x00, 0x00, 0x00, 0x00, 0x00, 0x00, 0x00, 0x00, 0x00, 0x00,
    0x00, 0x00, 0x00, 0x00, 0x00, 0x00, 0x00, 0x00, 0x00, 0x00, 0x00, 0x00, 0x00, 0x00, 0x00, 0x00,
    0x00, 0x00, 0x00, 0x00, 0x00, 0x00, 0x00, 0x00, 0x00, 0x00, 0x00, 0x00, 0x00, 0x00, 0x00, 0x00,
    0x00, 0x00, 0x00, 0x00, 0x00, 0x00, 0x00, 0x00, 0x00, 0x00, 0x00, 0x00, 0x00, 0x00, 0x00, 0x00,
    0x00, 0x00, 0x00, 0x00, 0x00, 0x00, 0x00, 0x00, 0x00, 0x00, 0x00, 0x00, 0x00, 0x00, 0x00, 0x00,
    0x00, 0x00, 0x00, 0x00, 0x00, 0x00, 0x00, 0x00, 0x00, 0x00, 0x00, 0x00, 0x00, 0x00, 0x00, 0x00,
    0x00, 0x00, 0x00, 0x00, 0x00, 0x00, 0x00, 0x00, 0x00, 0x00, 0x00, 0x00, 0x00, 0x00, 0x00, 0x00,
    0x00, 0x00, 0x00, 0x00, 0x00, 0x00, 0x00, 0x00, 0x00, 0x00, 0x00, 0x00, 0x00, 0x00, 0x00, 0x00,
    0x00, 0x00, 0x00, 0x00, 0x00, 0x00, 0x00, 0x00, 0x00, 0x00, 0x00, 0x00, 0x00, 0x00, 0x00, 0x00,
    0x00, 0x00, 0x00, 0x00, 0x00, 0x00, 0x00, 0x00, 0x00, 0x00, 0x00, 0x00, 0x00, 0x00, 0x00, 0x00,
    0x00, 0x00, 0x00, 0x00, 0x00, 0x00, 0x00, 0x00, 0x00, 0x00, 0x00, 0x00, 0x00, 0x00, 0x00, 0x00,
    0x00, 0x00, 0x00, 0x00, 0x00, 0x00, 0x00, 0x00, 0x00, 0x00, 0x00, 0x00, 0x00, 0x00, 0x00, 0x00,
    0x00, 0x00, 0x00, 0x00, 0x00, 0x00, 0x00, 0x00, 0x00, 0x00, 0x00, 0x00, 0x00, 0x00, 0x00, 0x00,
    0x00, 0x00, 0x00, 0x00, 0x00, 0x00, 0x00, 0x00, 0x00, 0x00, 0x00, 0x00, 0x00, 0x00, 0x00, 0x00,
    0x00, 0x00, 0x00, 0x00, 0x00, 0x00, 0x00, 0x00, 0x00, 0x00, 0x00, 0x00, 0x00, 0x00, 0x00, 0x00,
    0x00, 0x00, 0x00, 0x00, 0x00, 0x00, 0x00, 0x00, 0x00, 0x00, 0x00, 0x00, 0x00, 0x00, 0x00, 0x00,
    0x7D, 0xF7, 0x7D, 0xF7, 0x7D, 0xF7, 0x7D, 0xF7, 0x7D, 0xF7, 0x00, 0x00, 0x00, 0x00, 0x00, 0x00,
    0x00, 0x00, 0x00, 0x00, 0x00, 0x00, 0x00, 0x00, 0x00, 0x00, 0x00, 0x00, 0x00, 0x00, 0x00, 0x00,
    0x00, 0x00, 0x00, 0x00, 0x00, 0x00, 0x00, 0x00, 0x00, 0x00, 0x00, 0x00, 0x00, 0x00, 0x00, 0x00,
    0x00, 0x00, 0x00, 0x00, 0x00, 0x00, 0x00, 0x00, 0x00, 0x00, 0x00, 0x00, 0x00, 0x00, 0x00, 0x00,
    0x00, 0x00, 0x00, 0x00, 0x00, 0x00, 0x00, 0x00, 0x00, 0x00, 0x00, 0x00, 0x00, 0x00, 0x00, 0x00,
    0x00, 0x00, 0x00, 0x00, 0x00, 0x00, 0x00, 0x00, 0x00, 0x00, 0x00, 0x00, 0x00, 0x00, 0x00, 0x00,
    0x00, 0x00, 0x00, 0x00, 0x00, 0x00, 0x00, 0x00, 0x00, 0x00, 0x00, 0x00, 0x00, 0x00, 0x00, 0x00,
    0x00, 0x00, 0x00, 0x00, 0x00, 0x00, 0x00, 0x00, 0x00, 0x00, 0x00, 0x00, 0x00, 0x00, 0x00, 0x00,
    0x00, 0x00, 0x00, 0x00, 0x00, 0x00, 0x00, 0x00, 0x00, 0x00, 0x00, 0x00, 0x00, 0x00, 0x00, 0x00,
    0x00, 0x00, 0x00, 0x00, 0x00, 0x00, 0x00, 0x00, 0x00, 0x00, 0x00, 0x00, 0x00, 0x00, 0x00, 0x00,
    0x00, 0x00, 0x00, 0x00, 0x00, 0x00, 0x00, 0x00, 0x00, 0x00, 0x00, 0x00, 0x00, 0x00, 0x00, 0x00,
    0x00, 0x00, 0x00, 0x00, 0x00, 0x00, 0x00, 0x00, 0x00, 0x00, 0x00, 0x00, 0x00, 0x00, 0x00, 0x00,
    0x00, 0x00, 0x00, 0x00, 0x00, 0x00, 0x00, 0x00, 0x00, 0x00, 0x00, 0x00, 0x00, 0x00, 0x00, 0x00,
    0x00, 0x00, 0x00, 0x00, 0x00, 0x00, 0x00, 0x00, 0x00, 0x00, 0x00, 0x00, 0x00, 0x00, 0x00, 0x00,
    0x00, 0x00, 0x00, 0x00, 0x00, 0x00, 0x00, 0x00, 0x00, 0x00, 0x00, 0x00, 0x00, 0x00, 0x00, 0x00,
    0x00, 0x00, 0x00, 0x00, 0x00, 0x00, 0x00, 0x00, 0x00, 0x00, 0x00, 0x00, 0x00, 0x00, 0x00, 0x00,
    0x00, 0x00, 0x00, 0x00, 0x00, 0x00, 0x00, 0x00, 0x00, 0x00, 0x00, 0x00, 0x00, 0x00, 0x00, 0x00,
    0x00, 0x00, 0x00, 0x00, 0x00, 0x00, 0x00, 0x00, 0x00, 0x00, 0x00, 0x00, 0x00, 0x00, 0x00, 0x00,
    0x00, 0x00, 0x00, 0x00, 0x00, 0x00, 0x00, 0x00, 0x00, 0x00, 0x00, 0x00, 0x00, 0x00, 0x00, 0x00,
    0x00, 0x00, 0x00, 0x00, 0x00, 0x00, 0x00, 0x00, 0x00, 0x00, 0x00, 0x00, 0x00, 0x00, 0x00, 0x00,
    0x00, 0x00, 0x00, 0x00, 0x00, 0x00, 0x00, 0x00, 0x00, 0x00, 0x00, 0x00, 0x00, 0x00, 0x00, 0x00,
    0x00, 0x00, 0x00, 0x00, 0x00, 0x00, 0x00, 0x00, 0x00, 0x00, 0x00, 0x00, 0x00, 0x00, 0x00, 0x00,
    0x00, 0x00, 0x00, 0x00, 0x00, 0x00, 0x00, 0x00, 0x00, 0x00, 0x00, 0x00, 0x00, 0x00, 0x00, 0x00,
    0x00, 0x00, 0x00, 0x00, 0x00, 0x00, 0x00, 0x00, 0x00, 0x00, 0x00, 0x00, 0x00, 0x00, 0x00, 0x00,
    0x00, 0x00, 0x00, 0x00, 0x00, 0x00, 0x7D, 0xF7, 0x7D, 0xF7, 0x7D, 0xF7, 0x7D, 0xF7, 0x7D, 0xF7,
    0x00, 0x00, 0x00, 0x00, 0x00, 0x00, 0x00, 0x00, 0x00, 0x00, 0x00, 0x00, 0x00, 0x00, 0x00, 0x00,
    0x00, 0x00, 0x00, 0x00, 0x00, 0x00, 0x00, 0x00, 0x00, 0x00, 0x00, 0x00, 0x00, 0x00, 0x00, 0x00,
    0x00, 0x00, 0x00, 0x00, 0x00, 0x00, 0x00, 0x00, 0x00, 0x00, 0x00, 0x00, 0x00, 0x00, 0x00, 0x00,
    0x00, 0x00, 0x00, 0x00, 0x00, 0x00, 0x00, 0x00, 0x00, 0x00, 0x00, 0x00, 0x00, 0x00, 0x00, 0x00,
    0x00, 0x00, 0x00, 0x00, 0x00, 0x00, 0x00, 0x00, 0x00, 0x00, 0x00, 0x00, 0x00, 0x00, 0x00, 0x00,
    0x00, 0x00, 0x00, 0x00, 0x00, 0x00, 0x00, 0x00, 0x00, 0x00, 0x00, 0x00, 0x00, 0x00, 0x00, 0x00,
    0x00, 0x00, 0x00, 0x00, 0x00, 0x00, 0x00, 0x00, 0x00, 0x00, 0x00, 0x00, 0x00, 0x00, 0x00, 0x00,
    0x00, 0x00, 0x00, 0x00, 0x00, 0x00, 0x00, 0x00, 0x00, 0x00, 0x00, 0x00, 0x00, 0x00, 0x00, 0x00,
    0x00, 0x00, 0x00, 0x00, 0x00, 0x00, 0x00, 0x00, 0x00, 0x00, 0x00, 0x00, 0x00, 0x00, 0x00, 0x00,
    0x00, 0x00, 0x00, 0x00, 0x00, 0x00, 0x00, 0x00, 0x00, 0x00, 0x00, 0x00, 0x00, 0x00, 0x00, 0x00,
    0x00, 0x00, 0x00, 0x00, 0x00, 0x00, 0x00, 0x00, 0x00, 0x00, 0x00, 0x00, 0x00, 0x00, 0x00, 0x00,
    0x00, 0x00, 0x00, 0x00, 0x00, 0x00, 0x00, 0x00, 0x00, 0x00, 0x00, 0x00, 0x00, 0x00, 0x00, 0x00,
    0x00, 0x00, 0x00, 0x00, 0x00, 0x00, 0x00, 0x00, 0x00, 0x00, 0x00, 0x00, 0x00, 0x00, 0x00, 0x00,
    0x00, 0x00, 0x00, 0x00, 0x00, 0x00, 0x00, 0x00, 0x00, 0x00, 0x00, 0x00, 0x00, 0x00, 0x00, 0x00,
    0x00, 0x00, 0x00, 0x00, 0x00, 0x00, 0x00, 0x00, 0x00, 0x00, 0x00, 0x00, 0x00, 0x00, 0x00, 0x00,
    0x00, 0x00, 0x00, 0x00, 0x00, 0x00, 0x00, 0x00, 0x00, 0x00, 0x00, 0x00, 0x00, 0x00, 0x00, 0x00,
    0x00, 0x00, 0x00, 0x00, 0x00, 0x00, 0x00, 0x00, 0x00, 0x00, 0x00, 0x00, 0x00, 0x00, 0x00, 0x00,
    0x00, 0x00, 0x00, 0x00, 0x00, 0x00, 0x00, 0x00, 0x00, 0x00, 0x00, 0x00, 0x00, 0x00, 0x00, 0x00,
    0x00, 0x00, 0x00, 0x00, 0x00, 0x00, 0x00, 0x00, 0x00, 0x00, 0x00, 0x00, 0x00, 0x00, 0x00, 0x00,
    0x00, 0x00, 0x00, 0x00, 0x00, 0x00, 0x00, 0x00, 0x00, 0x00, 0x00, 0x00, 0x00, 0x00, 0x00, 0x00,
    0x00, 0x00, 0x00, 0x00, 0x00, 0x00, 0x00, 0x00, 0x00, 0x00, 0x00, 0x00, 0x00, 0x00, 0x00, 0x00,
    0x00, 0x00, 0x00, 0x00, 0x00, 0x00, 0x00, 0x00, 0x00, 0x00, 0x00, 0x00, 0x00, 0x00, 0x00, 0x00,
    0x00, 0x00, 0x00, 0x00, 0x00, 0x00, 0x00, 0x00, 0x00, 0x00, 0x00, 0x00, 0x00, 0x00, 0x00, 0x00,
    0x00, 0x00, 0x00, 0x00, 0x00, 0x00, 0x00, 0x00, 0x00, 0x00, 0x00, 0x00, 0x7D, 0xF7, 0x7D, 0xF7,
    0x7D, 0xF7, 0x7D, 0xF7, 0x7D, 0xF7, 0x00, 0x00, 0x00, 0x00, 0x00, 0x00, 0x00, 0x00, 0x00, 0x00,
    0x00, 0x00, 0x00, 0x00, 0x00, 0x00, 0x00, 0x00, 0x00, 0x00, 0x00, 0x00, 0x00, 0x00, 0x00, 0x00,
    0x00, 0x00, 0x00, 0x00, 0x00, 0x00, 0x00, 0x00, 0x00, 0x00, 0x00, 0x00, 0x00, 0x00, 0x00, 0x00,
    0x00, 0x00, 0x00, 0x00, 0x00, 0x00, 0x00, 0x00, 0x00, 0x00, 0x00, 0x00, 0x00, 0x00, 0x00, 0x00,
    0x00, 0x00, 0x00, 0x00, 0x00, 0x00, 0x00, 0x00, 0x00, 0x00, 0x00, 0x00, 0x00, 0x00, 0x00, 0x00,
    0x00, 0x00, 0x00, 0x00, 0x00, 0x00, 0x00, 0x00, 0x00, 0x00, 0x00, 0x00, 0x00, 0x00, 0x00, 0x00,
    0x00, 0x00, 0x00, 0x00, 0x00, 0x00, 0x00, 0x00, 0x00, 0x00, 0x00, 0x00, 0x00, 0x00, 0x00, 0x00,
    0x00, 0x00, 0x00, 0x00, 0x00, 0x00, 0x00, 0x00, 0x00, 0x00, 0x00, 0x00, 0x00, 0x00, 0x00, 0x00,
    0x00, 0x00, 0x00, 0x00, 0x00, 0x00, 0x00, 0x00, 0x00, 0x00, 0x00, 0x00, 0x00, 0x00, 0x00, 0x00,
    0x00, 0x00, 0x00, 0x00, 0x00, 0x00, 0x00, 0x00, 0x00, 0x00, 0x00, 0x00, 0x00, 0x00, 0x00, 0x00,
    0x00, 0x00, 0x00, 0x00, 0x00, 0x00, 0x00, 0x00, 0x00, 0x00, 0x00, 0x00, 0x00, 0x00, 0x00, 0x00,
    0x00, 0x00, 0x00, 0x00, 0x00, 0x00, 0x00, 0x00, 0x00, 0x00, 0x00, 0x00, 0x00, 0x00, 0x00, 0x00,
    0x00, 0x00, 0x00, 0x00, 0x00, 0x00, 0x00, 0x00, 0x00, 0x00, 0x00, 0x00, 0x00, 0x00, 0x00, 0x00,
    0x00, 0x00, 0x00, 0x00, 0x00, 0x00, 0x00, 0x00, 0x00, 0x00, 0x00, 0x00, 0x00, 0x00, 0x00, 0x00,
    0x00, 0x00, 0x00, 0x00, 0x00, 0x00, 0x00, 0x00, 0x00, 0x00, 0x00, 0x00, 0x00, 0x00, 0x00, 0x00,
    0x00, 0x00, 0x00, 0x00, 0x00, 0x00, 0x00, 0x00, 0x00, 0x00, 0x00, 0x00, 0x00, 0x00, 0x00, 0x00,
    0x00, 0x00, 0x00, 0x00, 0x00, 0x00, 0x00, 0x00, 0x00, 0x00, 0x00, 0x00, 0x00, 0x00, 0x00, 0x00,
    0x00, 0x00, 0x00, 0x00, 0x00, 0x00, 0x00, 0x00, 0x00, 0x00, 0x00, 0x00, 0x00, 0x00, 0x00, 0x00,
    0x00, 0x00, 0x00, 0x00, 0x00, 0x00, 0x00, 0x00, 0x00, 0x00, 0x00, 0x00, 0x00, 0x00, 0x00, 0x00,
    0x00, 0x00, 0x00, 0x00, 0x00, 0x00, 0x00, 0x00, 0x00, 0x00, 0x00, 0x00, 0x00, 0x00, 0x00, 0x00,
    0x00, 0x00, 0x00, 0x00, 0x00, 0x00, 0x00, 0x00, 0x00, 0x00, 0x00, 0x00, 0x00, 0x00, 0x00, 0x00,
    0x00, 0x00, 0x00, 0x00, 0x00, 0x00, 0x00, 0x00, 0x00, 0x00, 0x00, 0x00, 0x00, 0x00, 0x00, 0x00,
    0x00, 0x00, 0x00, 0x00, 0x00, 0x00, 0x00, 0x00, 0x00, 0x00, 0x00, 0x00, 0x00, 0x00, 0x00, 0x00,
    0x00, 0x00, 0x00, 0x00, 0x00, 0x00, 0x00, 0x00, 0x00, 0x00, 0x00, 0x00, 0x00, 0x00, 0x00, 0x00,
    0x00, 0x00, 0x7D, 0xF7, 0x7D, 0xF7, 0x7D, 0xF7, 0x7D, 0xF7, 0x7D, 0xF7, 0x00, 0x00, 0x00, 0x00,
    0x00, 0x00, 0x00, 0x00, 0x00, 0x00, 0x00, 0x00, 0x00, 0x00, 0x00, 0x00, 0x00, 0x00, 0x00, 0x00,
    0x00, 0x00, 0x00, 0x00, 0x00, 0x00, 0x00, 0x00, 0x00, 0x00, 0x00, 0x00, 0x00, 0x00, 0x00, 0x00,
    0x00, 0x00, 0x00, 0x00, 0x00, 0x00, 0x00, 0x00, 0x00, 0x00, 0x00, 0x00, 0x00, 0x00, 0x96, 0xB5,
    0x96, 0xB5, 0x96, 0xB5, 0x96, 0xB5, 0x96, 0xB5, 0x96, 0xB5, 0x96, 0xB5, 0x96, 0xB5, 0x96, 0xB5,
    0x96, 0xB5, 0x96, 0xB5, 0x96, 0xB5, 0x96, 0xB5, 0x96, 0xB5, 0x96, 0xB5, 0x96, 0xB5, 0x96, 0xB5,
    0x96, 0xB5, 0x96, 0xB5, 0x96, 0xB5, 0x00, 0x00, 0x00, 0x00, 0x00, 0x00, 0x00, 0x00, 0x00, 0x00,
    0x96, 0xB5, 0x96, 0xB5, 0x96, 0xB5, 0x96, 0xB5, 0x96, 0xB5, 0x96, 0xB5, 0x96, 0xB5, 0x96, 0xB5,
    0x96, 0xB5, 0x96, 0xB5, 0x96, 0xB5, 0x96, 0xB5, 0x96, 0xB5, 0x96, 0xB5, 0x96, 0xB5, 0x96, 0xB5,
    0x96, 0xB5, 0x96, 0xB5, 0x96, 0xB5, 0x96, 0xB5, 0x00, 0x00, 0x00, 0x00, 0x00, 0x00, 0x00, 0x00,
    0x00, 0x00, 0x96, 0xB5, 0x96, 0xB5, 0x96, 0xB5, 0x96, 0xB5, 0x96, 0xB5, 0x96, 0xB5, 0x96, 0xB5,
    0x96, 0xB5, 0x96, 0xB5, 0x96, 0xB5, 0x96, 0xB5, 0x96, 0xB5, 0x96, 0xB5, 0x96, 0xB5, 0x96, 0xB5,
    0x96, 0xB5, 0x96, 0xB5, 0x96, 0xB5, 0x96, 0xB5, 0x96, 0xB5, 0x00, 0x00, 0x00, 0x00, 0x00, 0x00,
    0x00, 0x00, 0x00, 0x00, 0x96, 0xB5, 0x96, 0xB5, 0x96, 0xB5, 0x96, 0xB5, 0x96, 0xB5, 0x96, 0xB5,
    0x96, 0xB5, 0x96, 0xB5, 0x96, 0xB5, 0x96, 0xB5, 0x96, 0xB5, 0x96, 0xB5, 0x96, 0xB5, 0x96, 0xB5,
    0x96, 0xB5, 0x00, 0x00, 0x00, 0x00, 0x00, 0x00, 0x00, 0x00, 0x00, 0x00, 0x00, 0x00, 0x00, 0x00,
    0x00, 0x00, 0x00, 0x00, 0x00, 0x00, 0x7D, 0xF7, 0x7D, 0xF7, 0x7D, 0xF7, 0x7D, 0xF7, 0x7D, 0xF7,
    0x7D, 0xF7, 0x7D, 0xF7, 0x7D, 0xF7, 0x7D, 0xF7, 0x7D, 0xF7, 0x7D, 0xF7, 0x7D, 0xF7, 0x7D, 0xF7,
    0x7D, 0xF7, 0x7D, 0xF7, 0x7D, 0xF7, 0x7D, 0xF7, 0x7D, 0xF7, 0x7D, 0xF7, 0x7D, 0xF7, 0x00, 0x00,
    0x00, 0x00, 0x00, 0x00, 0x00, 0x00, 0x00, 0x00, 0x7D, 0xF7, 0x7D, 0xF7, 0x7D, 0xF7, 0x7D, 0xF7,
    0x7D, 0xF7, 0x7D, 0xF7, 0x7D, 0xF7, 0x7D, 0xF7, 0x7D, 0xF7, 0x7D, 0xF7, 0x7D, 0xF7, 0x7D, 0xF7,
    0x7D, 0xF7, 0x7D, 0xF7, 0x7D, 0xF7, 0x7D, 0xF7, 0x7D, 0xF7, 0x7D, 0xF7, 0x7D, 0xF7, 0x7D, 0xF7,
    0x00, 0x00, 0x00, 0x00, 0x00, 0x00, 0x00, 0x00, 0x00, 0x00, 0x7D, 0xF7, 0x7D, 0xF7, 0x7D, 0xF7,
    0x7D, 0xF7, 0x7D, 0xF7, 0x7D, 0xF7, 0x7D, 0xF7, 0x7D, 0xF7, 0x7D, 0xF7, 0x7D, 0xF7, 0x7D, 0xF7,
    0x7D, 0xF7, 0x7D, 0xF7, 0x7D, 0xF7, 0x7D, 0xF7, 0x7D, 0xF7, 0x7D, 0xF7, 0x7D, 0xF7, 0x7D, 0xF7,
    0x7D, 0xF7, 0x00, 0x00, 0x00, 0x00, 0x00, 0x00, 0x00, 0x00, 0x00, 0x00, 0x7D, 0xF7, 0x7D, 0xF7,
    0x7D, 0xF7, 0x7D, 0xF7, 0x7D, 0xF7, 0x7D, 0xF7, 0x7D, 0xF7, 0x7D, 0xF7, 0x7D, 0xF7, 0x7D, 0xF7,
    0x7D, 0xF7, 0x7D, 0xF7, 0x7D, 0xF7, 0x7D, 0xF7, 0x7D, 0xF7, 0x7D, 0xF7, 0x7D, 0xF7, 0x7D, 0xF7,
    0x7D, 0xF7, 0x7D, 0xF7, 0x96, 0xB5, 0x96, 0xB5, 0x96, 0xB5, 0x96, 0xB5, 0x96, 0xB5, 0x96, 0xB5,
    0x96, 0xB5, 0x96, 0xB5, 0x96, 0xB5, 0x96, 0xB5, 0x96, 0xB5, 0x96, 0xB5, 0x96, 0xB5, 0x96, 0xB5,
    0x96, 0xB5, 0x96, 0xB5, 0x96, 0xB5, 0x96, 0xB5, 0x96, 0xB5, 0x96, 0xB5, 0x00, 0x00, 0x00, 0x00,
    0x00, 0x00, 0x00, 0x00, 0x00, 0x00, 0x96, 0xB5, 0x96, 0xB5, 0x96, 0xB5, 0x96, 0xB5, 0x96, 0xB5,
    0x96, 0xB5, 0x96, 0xB5, 0x96, 0xB5, 0x96, 0xB5, 0x96, 0xB5, 0x96, 0xB5, 0x96, 0xB5, 0x96, 0xB5,
    0x96, 0xB5, 0x96, 0xB5, 0x96, 0xB5, 0x96, 0xB5, 0x96, 0xB5, 0x96, 0xB5, 0x96, 0xB5, 0x00, 0x00,
    0x00, 0x00, 0x00, 0x00, 0x00, 0x00, 0x00, 0x00, 0x96, 0xB5, 0x96, 0xB5, 0x96, 0xB5, 0x96, 0xB5,
    0x96, 0xB5, 0x96, 0xB5, 0x96, 0xB5, 0x96, 0xB5, 0x96, 0xB5, 0x96, 0xB5, 0x96, 0xB5, 0x96, 0xB5,
    0x96, 0xB5, 0x96, 0xB5, 0x96, 0xB5, 0x96, 0xB5, 0x96, 0xB5, 0x96, 0xB5, 0x96, 0xB5, 0x96, 0xB5,
    0x00, 0x00, 0x00, 0x00, 0x00, 0x00, 0x00, 0x00, 0x00, 0x00, 0x96, 0xB5, 0x96, 0xB5, 0x96, 0xB5,
    0x96, 0xB5, 0x96, 0xB5, 0x96, 0xB5, 0x96, 0xB5, 0x96, 0xB5, 0x96, 0xB5, 0x96, 0xB5, 0x96, 0xB5,
    0x96, 0xB5, 0x96, 0xB5, 0x96, 0xB5, 0x96, 0xB5, 0x00, 0x00, 0x00, 0x00, 0x00, 0x00, 0x00, 0x00,
    0x00, 0x00, 0x00, 0x00, 0x00, 0x00, 0x00, 0x00, 0x00, 0x00, 0x00, 0x00, 0x7D, 0xF7, 0x7D, 0xF7,
    0x7D, 0xF7, 0x7D, 0xF7, 0x7D, 0xF7, 0x7D, 0xF7, 0x7D, 0xF7, 0x7D, 0xF7, 0x7D, 0xF7, 0x7D, 0xF7,
    0x7D, 0xF7, 0x7D, 0xF7, 0x7D, 0xF7, 0x7D, 0xF7, 0x7D, 0xF7, 0x7D, 0xF7, 0x7D, 0xF7, 0x7D, 0xF7,
    0x7D, 0xF7, 0x7D, 0xF7, 0x00, 0x00, 0x00, 0x00, 0x00, 0x00, 0x00, 0x00, 0x00, 0x00, 0x7D, 0xF7,
    0x7D, 0xF7, 0x7D, 0xF7, 0x7D, 0xF7, 0x7D, 0xF7, 0x7D, 0xF7, 0x7D, 0xF7, 0x7D, 0xF7, 0x7D, 0xF7,
    0x7D, 0xF7, 0x7D, 0xF7, 0x7D, 0xF7, 0x7D, 0xF7, 0x7D, 0xF7, 0x7D, 0xF7, 0x7D, 0xF7, 0x7D, 0xF7,
    0x7D, 0xF7, 0x7D, 0xF7, 0x7D, 0xF7, 0x00, 0x00, 0x00, 0x00, 0x00, 0x00, 0x00, 0x00, 0x00, 0x00,
    0x7D, 0xF7, 0x7D, 0xF7, 0x7D, 0xF7, 0x7D, 0xF7, 0x7D, 0xF7, 0x7D, 0xF7, 0x7D, 0xF7, 0x7D, 0xF7,
    0x7D, 0xF7, 0x7D, 0xF7, 0x7D, 0xF7, 0x7D, 0xF7, 0x7D, 0xF7, 0x7D, 0xF7, 0x7D, 0xF7, 0x7D, 0xF7,
    0x7D, 0xF7, 0x7D, 0xF7, 0x7D, 0xF7, 0x7D, 0xF7, 0x00, 0x00, 0x00, 0x00, 0x00, 0x00, 0x00, 0x00,
    0x00, 0x00, 0x7D, 0xF7, 0x7D, 0xF7, 0x7D, 0xF7, 0x7D, 0xF7, 0x7D, 0xF7, 0x7D, 0xF7, 0x7D, 0xF7,
    0x7D, 0xF7, 0x7D, 0xF7, 0x7D, 0xF7, 0x7D, 0xF7, 0x7D, 0xF7, 0x7D, 0xF7, 0x7D, 0xF7, 0x7D, 0xF7,
    0x7D, 0xF7, 0x7D, 0xF7, 0x7D, 0xF7, 0x7D, 0xF7, 0x7D, 0xF7, 0x96, 0xB5, 0x96, 0xB5, 0x96, 0xB5,
    0x96, 0xB5, 0x96, 0xB5, 0x96, 0xB5, 0x96, 0xB5, 0x96, 0xB5, 0x96, 0xB5, 0x96, 0xB5, 0x96, 0xB5,
    0x96, 0xB5, 0x96, 0xB5, 0x96, 0xB5, 0x96, 0xB5, 0x96, 0xB5, 0x96, 0xB5, 0x96, 0xB5, 0x96, 0xB5,
    0x96, 0xB5, 0x00, 0x00, 0x00, 0x00, 0x00, 0x00, 0x00, 0x00, 0x00, 0x00, 0x96, 0xB5, 0x96, 0xB5,
    0x96, 0xB5, 0x96, 0xB5, 0x96, 0xB5, 0x96, 0xB5, 0x96, 0xB5, 0x96, 0xB5, 0x96, 0xB5, 0x96, 0xB5,
    0x96, 0xB5, 0x96, 0xB5, 0x96, 0xB5, 0x96, 0xB5, 0x96, 0xB5, 0x96, 0xB5, 0x96, 0xB5, 0x96, 0xB5,
    0x96, 0xB5, 0x96, 0xB5, 0x00, 0x00, 0x00, 0x00, 0x00, 0x00, 0x00, 0x00, 0x00, 0x00, 0x96, 0xB5,
    0x96, 0xB5, 0x96, 0xB5, 0x96, 0xB5, 0x96, 0xB5, 0x96, 0xB5, 0x96, 0xB5, 0x96, 0xB5, 0x96, 0xB5,
    0x96, 0xB5, 0x96, 0xB5, 0x96, 0xB5, 0x96, 0xB5, 0x96, 0xB5, 0x96, 0xB5, 0x96, 0xB5, 0x96, 0xB5,
    0x96, 0xB5, 0x96, 0xB5, 0x96, 0xB5, 0x00, 0x00, 0x00, 0x00, 0x00, 0x00, 0x00, 0x00, 0x00, 0x00,
    0x96, 0xB5, 0x96, 0xB5, 0x96, 0xB5, 0x96, 0xB5, 0x96, 0xB5, 0x96, 0xB5, 0x96, 0xB5, 0x96, 0xB5,
    0x96, 0xB5, 0x96, 0xB5, 0x96, 0xB5, 0x96, 0xB5, 0x96, 0xB5, 0x96, 0xB5, 0x96, 0xB5, 0x00, 0x00,
    0x00, 0x00, 0x00, 0x00, 0x00, 0x00, 0x00, 0x00, 0x00, 0x00, 0x00, 0x00, 0x00, 0x00, 0x00, 0x00,
    0x00, 0x00, 0x7D, 0xF7, 0x7D, 0xF7, 0x7D, 0xF7, 0x7D, 0xF7, 0x7D, 0xF7, 0x7D, 0xF7, 0x7D, 0xF7,
    0x7D, 0xF7, 0x7D, 0xF7, 0x7D, 0xF7, 0x7D, 0xF7, 0x7D, 0xF7, 0x7D, 0xF7, 0x7D, 0xF7, 0x7D, 0xF7,
    0x7D, 0xF7, 0x7D, 0xF7, 0x7D, 0xF7, 0x7D, 0xF7, 0x7D, 0xF7, 0x00, 0x00, 0x00, 0x00, 0x00, 0x00,
    0x00, 0x00, 0x00, 0x00, 0x7D, 0xF7, 0x7D, 0xF7, 0x7D, 0xF7, 0x7D, 0xF7, 0x7D, 0xF7, 0x7D, 0xF7,
    0x7D, 0xF7, 0x7D, 0xF7, 0x7D, 0xF7, 0x7D, 0xF7, 0x7D, 0xF7, 0x7D, 0xF7, 0x7D, 0xF7, 0x7D, 0xF7,
    0x7D, 0xF7, 0x7D, 0xF7, 0x7D, 0xF7, 0x7D, 0xF7, 0x7D, 0xF7, 0x7D, 0xF7, 0x00, 0x00, 0x00, 0x00,
    0x00, 0x00, 0x00, 0x00, 0x00, 0x00, 0x7D, 0xF7, 0x7D, 0xF7, 0x7D, 0xF7, 0x7D, 0xF7, 0x7D, 0xF7,
    0x7D, 0xF7, 0x7D, 0xF7, 0x7D, 0xF7, 0x7D, 0xF7, 0x7D, 0xF7, 0x7D, 0xF7, 0x7D, 0xF7, 0x7D, 0xF7,
    0x7D, 0xF7, 0x7D, 0xF7, 0x7D, 0xF7, 0x7D, 0xF7, 0x7D, 0xF7, 0x7D, 0xF7, 0x7D, 0xF7, 0x00, 0x00,
    0x00, 0x00, 0x00, 0x00, 0x00, 0x00, 0x00, 0x00, 0x7D, 0xF7, 0x7D, 0xF7, 0x7D, 0xF7, 0x7D, 0xF7,
    0x7D, 0xF7, 0x7D, 0xF7, 0x7D, 0xF7, 0x7D, 0xF7, 0x7D, 0xF7, 0x7D, 0xF7, 0x7D, 0xF7, 0x7D, 0xF7,
    0x7D, 0xF7, 0x7D, 0xF7, 0x7D, 0xF7, 0x7D, 0xF7, 0x7D, 0xF7, 0x7D, 0xF7, 0x7D, 0xF7, 0x7D, 0xF7,
    0x96, 0xB5, 0x96, 0xB5, 0x96, 0xB5, 0x96, 0xB5, 0x96, 0xB5, 0x96, 0xB5, 0x96, 0xB5, 0x96, 0xB5,
    0x96, 0xB5, 0x96, 0xB5, 0x96, 0xB5, 0x96, 0xB5, 0x96, 0xB5, 0x96, 0xB5, 0x96, 0xB5, 0x96, 0xB5,
    0x96, 0xB5, 0x96, 0xB5, 0x96, 0xB5, 0x96, 0xB5, 0x00, 0x00, 0x00, 0x00, 0x00, 0x00, 0x00, 0x00,
    0x00, 0x00, 0x96, 0xB5, 0x96, 0xB5, 0x96, 0xB5, 0x96, 0xB5, 0x96, 0xB5, 0x96, 0xB5, 0x96, 0xB5,
    0x96, 0xB5, 0x96, 0xB5, 0x96, 0xB5, 0x96, 0xB5, 0x96, 0xB5, 0x96, 0xB5, 0x96, 0xB5, 0x96, 0xB5,
    0x96, 0xB5, 0x96, 0xB5, 0x96, 0xB5, 0x96, 0xB5, 0x96, 0xB5, 0x00, 0x00, 0x00, 0x00, 0x00, 0x00,
    0x00, 0x00, 0x00, 0x00, 0x96, 0xB5, 0x96, 0xB5, 0x96, 0xB5, 0x96, 0xB5, 0x96, 0xB5, 0x96, 0xB5,
    0x96, 0xB5, 0x96, 0xB5, 0x96, 0xB5, 0x96, 0xB5, 0x96, 0xB5, 0x96, 0xB5, 0x96, 0xB5, 0x96, 0xB5,
    0x96, 0xB5, 0x96, 0xB5, 0x96, 0xB5, 0x96, 0xB5, 0x96, 0xB5, 0x96, 0xB5, 0x00, 0x00, 0x00, 0x00,
    0x00, 0x00, 0x00, 0x00, 0x00, 0x00, 0x96, 0xB5, 0x96, 0xB5, 0x96, 0xB5, 0x96, 0xB5, 0x96, 0xB5,
    0x96, 0xB5, 0x96, 0xB5, 0x96, 0xB5, 0x96, 0xB5, 0x96, 0xB5, 0x96, 0xB5, 0x96, 0xB5, 0x96, 0xB5,
    0x96, 0xB5, 0x96, 0xB5, 0x00, 0x00, 0x00, 0x00, 0x00, 0x00, 0x00, 0x00, 0x00, 0x00, 0x00, 0x00,
    0x00, 0x00, 0x00, 0x00, 0x00, 0x00, 0x00, 0x00, 0x7D, 0xF7, 0x7D, 0xF7, 0x7D, 0xF7, 0x7D, 0xF7,
    0x7D, 0xF7, 0x7D, 0xF7, 0x7D, 0xF7, 0x7D, 0xF7, 0x7D, 0xF7, 0x7D, 0xF7, 0x7D, 0xF7, 0x7D, 0xF7,
    0x7D, 0xF7, 0x7D, 0xF7, 0x7D, 0xF7, 0x7D, 0xF7, 0x7D, 0xF7, 0x7D, 0xF7, 0x7D, 0xF7, 0x7D, 0xF7,
    0x00, 0x00, 0x00, 0x00, 0x00, 0x00, 0x00, 0x00, 0x00, 0x00, 0x7D, 0xF7, 0x7D, 0xF7, 0x7D, 0xF7,
    0x7D, 0xF7, 0x7D, 0xF7, 0x7D, 0xF7, 0x7D, 0xF7, 0x7D, 0xF7, 0x7D, 0xF7, 0x7D, 0xF7, 0x7D, 0xF7,
    0x7D, 0xF7, 0x7D, 0xF7, 0x7D, 0xF7, 0x7D, 0xF7, 0x7D, 0xF7, 0x7D, 0xF7, 0x7D, 0xF7, 0x7D, 0xF7,
    0x7D, 0xF7, 0x00, 0x00, 0x00, 0x00, 0x00, 0x00, 0x00, 0x00, 0x00, 0x00, 0x7D, 0xF7, 0x7D, 0xF7,
    0x7D, 0xF7, 0x7D, 0xF7, 0x7D, 0xF7, 0x7D, 0xF7, 0x7D, 0xF7, 0x7D, 0xF7, 0x7D, 0xF7, 0x7D, 0xF7,
    0x7D, 0xF7, 0x7D, 0xF7, 0x7D, 0xF7, 0x7D, 0xF7, 0x7D, 0xF7, 0x7D, 0xF7, 0x7D, 0xF7, 0x7D, 0xF7,
    0x7D, 0xF7, 0x7D, 0xF7, 0x00, 0x00, 0x00, 0x00, 0x00, 0x00, 0x00, 0x00, 0x00, 0x00, 0x7D, 0xF7,
    0x7D, 0xF7, 0x7D, 0xF7, 0x7D, 0xF7, 0x7D, 0xF7, 0x7D, 0xF7, 0x7D, 0xF7, 0x7D, 0xF7, 0x7D, 0xF7,
    0x7D, 0xF7, 0x7D, 0xF7, 0x7D, 0xF7, 0x7D, 0xF7, 0x7D, 0xF7, 0x7D, 0xF7, 0x7D, 0xF7, 0x7D, 0xF7,
    0x7D, 0xF7, 0x7D, 0xF7, 0x7D, 0xF7, 0x96, 0xB5, 0x96, 0xB5, 0x96, 0xB5, 0x96, 0xB5, 0x96, 0xB5,
    0x96, 0xB5, 0x96, 0xB5, 0x96, 0xB5, 0x96, 0xB5, 0x96, 0xB5, 0x96, 0xB5, 0x96, 0xB5, 0x96, 0xB5,
    0x96, 0xB5, 0x96, 0xB5, 0x96, 0xB5, 0x96, 0xB5, 0x96, 0xB5, 0x96, 0xB5, 0x96, 0xB5, 0x00, 0x00,
    0x00, 0x00, 0x00, 0x00, 0x00, 0x00, 0x00, 0x00, 0x96, 0xB5, 0x96, 0xB5, 0x96, 0xB5, 0x96, 0xB5,
    0x96, 0xB5, 0x96, 0xB5, 0x96, 0xB5, 0x96, 0xB5, 0x96, 0xB5, 0x96, 0xB5, 0x96, 0xB5, 0x96, 0xB5,
    0x96, 0xB5, 0x96, 0xB5, 0x96, 0xB5, 0x96, 0xB5, 0x96, 0xB5, 0x96, 0xB5, 0x96, 0xB5, 0x96, 0xB5,
    0x00, 0x00, 0x00, 0x00, 0x00, 0x00, 0x00, 0x00, 0x00, 0x00, 0x96, 0xB5, 0x96, 0xB5, 0x96, 0xB5,
    0x96, 0xB5, 0x96, 0xB5, 0x96, 0xB5, 0x96, 0xB5, 0x96, 0xB5, 0x96, 0xB5, 0x96, 0xB5, 0x96, 0xB5,
    0x96, 0xB5, 0x96, 0xB5, 0x96, 0xB5, 0x96, 0xB5, 0x96, 0xB5, 0x96, 0xB5, 0x96, 0xB5, 0x96, 0xB5,
    0x96, 0xB5, 0x00, 0x00, 0x00, 0x00, 0x00, 0x00, 0x00, 0x00, 0x00, 0x00, 0x96, 0xB5, 0x96, 0xB5,
    0x96, 0xB5, 0x96, 0xB5, 0x96, 0xB5, 0x96, 0xB5, 0x96, 0xB5, 0x96, 0xB5, 0x96, 0xB5, 0x96, 0xB5,
    0x96, 0xB5, 0x96, 0xB5, 0x96, 0xB5, 0x96, 0xB5, 0x96, 0xB5, 0x00, 0x00, 0x00, 0x00, 0x00, 0x00,
    0x00, 0x00, 0x00, 0x00, 0x00, 0x00, 0x00, 0x00, 0x00, 0x00, 0x00, 0x00, 0x00, 0x00, 0x7D, 0xF7,
    0x7D, 0xF7, 0x7D, 0xF7, 0x7D, 0xF7, 0x7D, 0xF7, 0x7D, 0xF7, 0x7D, 0xF7, 0x7D, 0xF7, 0x7D, 0xF7,
    0x7D, 0xF7, 0x7D, 0xF7, 0x7D, 0xF7, 0x7D, 0xF7, 0x7D, 0xF7, 0x7D, 0xF7, 0x7D, 0xF7, 0x7D, 0xF7,
    0x7D, 0xF7, 0x7D, 0xF7, 0x7D, 0xF7, 0x00, 0x00, 0x00, 0x00, 0x00, 0x00, 0x00, 0x00, 0x00, 0x00,
    0x7D, 0xF7, 0x7D, 0xF7, 0x7D, 0xF7, 0x7D, 0xF7, 0x7D, 0xF7, 0x7D, 0xF7, 0x7D, 0xF7, 0x7D, 0xF7,
    0x7D, 0xF7, 0x7D, 0xF7, 0x7D, 0xF7, 0x7D, 0xF7, 0x7D, 0xF7, 0x7D, 0xF7, 0x7D, 0xF7, 0x7D, 0xF7,
    0x7D, 0xF7, 0x7D, 0xF7, 0x7D, 0xF7, 0x7D, 0xF7, 0x00, 0x00, 0x00, 0x00, 0x00, 0x00, 0x00, 0x00,
    0x00, 0x00, 0x7D, 0xF7, 0x7D, 0xF7, 0x7D, 0xF7, 0x7D, 0xF7, 0x7D, 0xF7, 0x7D, 0xF7, 0x7D, 0xF7,
    0x7D, 0xF7, 0x7D, 0xF7, 0x7D, 0xF7, 0x7D, 0xF7, 0x7D, 0xF7, 0x7D, 0xF7, 0x7D, 0xF7, 0x7D, 0xF7,
    0x7D, 0xF7, 0x7D, 0xF7, 0x7D, 0xF7, 0x7D, 0xF7, 0x7D, 0xF7, 0x00, 0x00, 0x00, 0x00, 0x00, 0x00,
    0x00, 0x00, 0x00, 0x00, 0x7D, 0xF7, 0x7D, 0xF7, 0x7D, 0xF7, 0x7D, 0xF7, 0x7D, 0xF7, 0x7D, 0xF7,
    0x7D, 0xF7, 0x7D, 0xF7, 0x7D, 0xF7, 0x7D, 0xF7, 0x7D, 0xF7, 0x7D, 0xF7, 0x7D, 0xF7, 0x7D, 0xF7,
    0x7D, 0xF7, 0x7D, 0xF7, 0x7D, 0xF7, 0x7D, 0xF7, 0x7D, 0xF7, 0x7D, 0xF7, 0x96, 0xB5, 0x96, 0xB5,
    0x96, 0xB5, 0x96, 0xB5, 0x96, 0xB5, 0x00, 0x00, 0x00, 0x00, 0x00, 0x00, 0x00, 0x00, 0x00, 0x00,
    0x00, 0x00, 0x00, 0x00, 0x00, 0x00, 0x00, 0x00, 0x00, 0x00, 0x96, 0xB5, 0x96, 0xB5, 0x96, 0xB5,
    0x96, 0xB5, 0x96, 0xB5, 0x00, 0x00, 0x00, 0x00, 0x00, 0x00, 0x00, 0x00, 0x00, 0x00, 0x96, 0xB5,
    0x96, 0xB5, 0x96, 0xB5, 0x96, 0xB5, 0x96, 0xB5, 0x00, 0x00, 0x00, 0x00, 0x00, 0x00, 0x00, 0x00,
    0x00, 0x00, 0x00, 0x00, 0x00, 0x00, 0x00, 0x00, 0x00, 0x00, 0x00, 0x00, 0x96, 0xB5, 0x96, 0xB5,
    0x96, 0xB5, 0x96, 0xB5, 0x96, 0xB5, 0x00, 0x00, 0x00, 0x00, 0x00, 0x00, 0x00, 0x00, 0x00, 0x00,
    0x96, 0xB5, 0x96, 0xB5, 0x96, 0xB5, 0x96, 0xB5, 0x96, 0xB5, 0x00, 0x00, 0x00, 0x00, 0x00, 0x00,
    0x00, 0x00, 0x00, 0x00, 0x00, 0x00, 0x00, 0x00, 0x00, 0x00, 0x00, 0x00, 0x00, 0x00, 0x96, 0xB5,
    0x96, 0xB5, 0x96, 0xB5, 0x96, 0xB5, 0x96, 0xB5, 0x00, 0x00, 0x00, 0x00, 0x00, 0x00, 0x00, 0x00,
    0x00, 0x00, 0x96, 0xB5, 0x96, 0xB5, 0x96, 0xB5, 0x96, 0xB5, 0x96, 0xB5, 0x00, 0x00, 0x00, 0x00,
    0x00, 0x00, 0x00, 0x00, 0x00, 0x00, 0x00, 0x00, 0x00, 0x00, 0x00, 0x00, 0x00, 0x00, 0x00, 0x00,
    0x96, 0xB5, 0x96, 0xB5, 0x96, 0xB5, 0x96, 0xB5, 0x96, 0xB5, 0x00, 0x00, 0x00, 0x00, 0x00, 0x00,
    0x00, 0x00, 0x00, 0x00, 0x7D, 0xF7, 0x7D, 0xF7, 0x7D, 0xF7, 0x7D, 0xF7, 0x7D, 0xF7, 0x00, 0x00,
    0x00, 0x00, 0x00, 0x00, 0x00, 0x00, 0x00, 0x00, 0x00, 0x00, 0x00, 0x00, 0x00, 0x00, 0x00, 0x00,
    0x00, 0x00, 0x00, 0x00, 0x00, 0x00, 0x00, 0x00, 0x00, 0x00, 0x00, 0x00, 0x00, 0x00, 0x00, 0x00,
    0x00, 0x00, 0x00, 0x00, 0x00, 0x00, 0x7D, 0xF7, 0x7D, 0xF7, 0x7D, 0xF7, 0x7D, 0xF7, 0x7D, 0xF7,
    0x00, 0x00, 0x00, 0x00, 0x00, 0x00, 0x00, 0x00, 0x00, 0x00, 0x00, 0x00, 0x00, 0x00, 0x00, 0x00,
    0x00, 0x00, 0x00, 0x00, 0x7D, 0xF7, 0x7D, 0xF7, 0x7D, 0xF7, 0x7D, 0xF7, 0x7D, 0xF7, 0x00, 0x00,
    0x00, 0x00, 0x00, 0x00, 0x00, 0x00, 0x00, 0x00, 0x7D, 0xF7, 0x7D, 0xF7, 0x7D, 0xF7, 0x7D, 0xF7,
    0x7D, 0xF7, 0x00, 0x00, 0x00, 0x00, 0x00, 0x00, 0x00, 0x00, 0x00, 0x00, 0x00, 0x00, 0x00, 0x00,
    0x00, 0x00, 0x00, 0x00, 0x00, 0x00, 0x7D, 0xF7, 0x7D, 0xF7, 0x7D, 0xF7, 0x7D, 0xF7, 0x7D, 0xF7,
    0x00, 0x00, 0x00, 0x00, 0x00, 0x00, 0x00, 0x00, 0x00, 0x00, 0x7D, 0xF7, 0x7D, 0xF7, 0x7D, 0xF7,
    0x7D, 0xF7, 0x7D, 0xF7, 0x00, 0x00, 0x00, 0x00, 0x00, 0x00, 0x00, 0x00, 0x00, 0x00, 0x00, 0x00,
    0x00, 0x00, 0x00, 0x00, 0x00, 0x00, 0x00, 0x00, 0x7D, 0xF7, 0x7D, 0xF7, 0x7D, 0xF7, 0x7D, 0xF7,
    0x7D, 0xF7, 0x96, 0xB5, 0x96, 0xB5, 0x96, 0xB5, 0x96, 0xB5, 0x96, 0xB5, 0x00, 0x00, 0x00, 0x00,
    0x00, 0x00, 0x00, 0x00, 0x00, 0x00, 0x00, 0x00, 0x00, 0x00, 0x00, 0x00, 0x00, 0x00, 0x00, 0x00,
    0x96, 0xB5, 0x96, 0xB5, 0x96, 0xB5, 0x96, 0xB5, 0x96, 0xB5, 0x00, 0x00, 0x00, 0x00, 0x00, 0x00,
    0x00, 0x00, 0x00, 0x00, 0x96, 0xB5, 0x96, 0xB5, 0x96, 0xB5, 0x96, 0xB5, 0x96, 0xB5, 0x00, 0x00,
    0x00, 0x00, 0x00, 0x00, 0x00, 0x00, 0x00, 0x00, 0x00, 0x00, 0x00, 0x00, 0x00, 0x00, 0x00, 0x00,
    0x00, 0x00, 0x96, 0xB5, 0x96, 0xB5, 0x96, 0xB5, 0x96, 0xB5, 0x96, 0xB5, 0x00, 0x00, 0x00, 0x00,
    0x00, 0x00, 0x00, 0x00, 0x00, 0x00, 0x96, 0xB5, 0x96, 0xB5, 0x96, 0xB5, 0x96, 0xB5, 0x96, 0xB5,
    0x00, 0x00, 0x00, 0x00, 0x00, 0x00, 0x00, 0x00, 0x00, 0x00, 0x00, 0x00, 0x00, 0x00, 0x00, 0x00,
    0x00, 0x00, 0x00, 0x00, 0x96, 0xB5, 0x96, 0xB5, 0x96, 0xB5, 0x96, 0xB5, 0x96, 0xB5, 0x00, 0x00,
    0x00, 0x00, 0x00, 0x00, 0x00, 0x00, 0x00, 0x00, 0x96, 0xB5, 0x96, 0xB5, 0x96, 0xB5, 0x96, 0xB5,
    0x96, 0xB5, 0x00, 0x00, 0x00, 0x00, 0x00, 0x00, 0x00, 0x00, 0x00, 0x00, 0x00, 0x00, 0x00, 0x00,
    0x00, 0x00, 0x00, 0x00, 0x00, 0x00, 0x96, 0xB5, 0x96, 0xB5, 0x96, 0xB5, 0x96, 0xB5, 0x96, 0xB5,
    0x00, 0x00, 0x00, 0x00, 0x00, 0x00, 0x00, 0x00, 0x00, 0x00, 0x7D, 0xF7, 0x7D, 0xF7, 0x7D, 0xF7,
    0x7D, 0xF7, 0x7D, 0xF7, 0x00, 0x00, 0x00, 0x00, 0x00, 0x00, 0x00, 0x00, 0x00, 0x00, 0x00, 0x00,
    0x00, 0x00, 0x00, 0x00, 0x00, 0x00, 0x00, 0x00, 0x00, 0x00, 0x00, 0x00, 0x00, 0x00, 0x00, 0x00,
    0x00, 0x00, 0x00, 0x00, 0x00, 0x00, 0x00, 0x00, 0x00, 0x00, 0x00, 0x00, 0x7D, 0xF7, 0x7D, 0xF7,
    0x7D, 0xF7, 0x7D, 0xF7, 0x7D, 0xF7, 0x00, 0x00, 0x00, 0x00, 0x00, 0x00, 0x00, 0x00, 0x00, 0x00,
    0x00, 0x00, 0x00, 0x00, 0x00, 0x00, 0x00, 0x00, 0x00, 0x00, 0x7D, 0xF7, 0x7D, 0xF7, 0x7D, 0xF7,
    0x7D, 0xF7, 0x7D, 0xF7, 0x00, 0x00, 0x00, 0x00, 0x00, 0x00, 0x00, 0x00, 0x00, 0x00, 0x7D, 0xF7,
    0x7D, 0xF7, 0x7D, 0xF7, 0x7D, 0xF7, 0x7D, 0xF7, 0x00, 0x00, 0x00, 0x00, 0x00, 0x00, 0x00, 0x00,
    0x00, 0x00, 0x00, 0x00, 0x00, 0x00, 0x00, 0x00, 0x00, 0x00, 0x00, 0x00, 0x7D, 0xF7, 0x7D, 0xF7,
    0x7D, 0xF7, 0x7D, 0xF7, 0x7D, 0xF7, 0x00, 0x00, 0x00, 0x00, 0x00, 0x00, 0x00, 0x00, 0x00, 0x00,
    0x7D, 0xF7, 0x7D, 0xF7, 0x7D, 0xF7, 0x7D, 0xF7, 0x7D, 0xF7, 0x00, 0x00, 0x00, 0x00, 0x00, 0x00,
    0x00, 0x00, 0x00, 0x00, 0x00, 0x00, 0x00, 0x00, 0x00, 0x00, 0x00, 0x00, 0x00, 0x00, 0x7D, 0xF7,
    0x7D, 0xF7, 0x7D, 0xF7, 0x7D, 0xF7, 0x7D, 0xF7, 0x96, 0xB5, 0x96, 0xB5, 0x96, 0xB5, 0x96, 0xB5,
    0x96, 0xB5, 0x00, 0x00, 0x00, 0x00, 0x00, 0x00, 0x00, 0x00, 0x00, 0x00, 0x00, 0x00, 0x00, 0x00,
    0x00, 0x00, 0x00, 0x00, 0x00, 0x00, 0x96, 0xB5, 0x96, 0xB5, 0x96, 0xB5, 0x96, 0xB5, 0x96, 0xB5,
    0x00, 0x00, 0x00, 0x00, 0x00, 0x00, 0x00, 0x00, 0x00, 0x00, 0x96, 0xB5, 0x96, 0xB5, 0x96, 0xB5,
    0x96, 0xB5, 0x96, 0xB5, 0x00, 0x00, 0x00, 0x00, 0x00, 0x00, 0x00, 0x00, 0x00, 0x00, 0x00, 0x00,
    0x00, 0x00, 0x00, 0x00, 0x00, 0x00, 0x00, 0x00, 0x96, 0xB5, 0x96, 0xB5, 0x96, 0xB5, 0x96, 0xB5,
    0x96, 0xB5, 0x00, 0x00, 0x00, 0x00, 0x00, 0x00, 0x00, 0x00, 0x00, 0x00, 0x96, 0xB5, 0x96, 0xB5,
    0x96, 0xB5, 0x96, 0xB5, 0x96, 0xB5, 0x00, 0x00, 0x00, 0x00, 0x00, 0x00, 0x00, 0x00, 0x00, 0x00,
    0x00, 0x00, 0x00, 0x00, 0x00, 0x00, 0x00, 0x00, 0x00, 0x00, 0x96, 0xB5, 0x96, 0xB5, 0x96, 0xB5,
    0x96, 0xB5, 0x96, 0xB5, 0x00, 0x00, 0x00, 0x00, 0x00, 0x00, 0x00, 0x00, 0x00, 0x00, 0x96, 0xB5,
    0x96, 0xB5, 0x96, 0xB5, 0x96, 0xB5, 0x96, 0xB5, 0x00, 0x00, 0x00, 0x00, 0x00, 0x00, 0x00, 0x00,
    0x00, 0x00, 0x00, 0x00, 0x00, 0x00, 0x00, 0x00, 0x00, 0x00, 0x00, 0x00, 0x96, 0xB5, 0x96, 0xB5,
    0x96, 0xB5, 0x96, 0xB5, 0x96, 0xB5, 0x00, 0x00, 0x00, 0x00, 0x00, 0x00, 0x00, 0x00, 0x00, 0x00,
    0x7D, 0xF7, 0x7D, 0xF7, 0x7D, 0xF7, 0x7D, 0xF7, 0x7D, 0xF7, 0x00, 0x00, 0x00, 0x00, 0x00, 0x00,
    0x00, 0x00, 0x00, 0x00, 0x00, 0x00, 0x00, 0x00, 0x00, 0x00, 0x00, 0x00, 0x00, 0x00, 0x00, 0x00,
    0x00, 0x00, 0x00, 0x00, 0x00, 0x00, 0x00, 0x00, 0x00, 0x00, 0x00, 0x00, 0x00, 0x00, 0x00, 0x00,
    0x00, 0x00, 0x7D, 0xF7, 0x7D, 0xF7, 0x7D, 0xF7, 0x7D, 0xF7, 0x7D, 0xF7, 0x00, 0x00, 0x00, 0x00,
    0x00, 0x00, 0x00, 0x00, 0x00, 0x00, 0x00, 0x00, 0x00, 0x00, 0x00, 0x00, 0x00, 0x00, 0x00, 0x00,
    0x7D, 0xF7, 0x7D, 0xF7, 0x7D, 0xF7, 0x7D, 0xF7, 0x7D, 0xF7, 0x00, 0x00, 0x00, 0x00, 0x00, 0x00,
    0x00, 0x00, 0x00, 0x00, 0x7D, 0xF7, 0x7D, 0xF7, 0x7D, 0xF7, 0x7D, 0xF7, 0x7D, 0xF7, 0x00, 0x00,
    0x00, 0x00, 0x00, 0x00, 0x00, 0x00, 0x00, 0x00, 0x00, 0x00, 0x00, 0x00, 0x00, 0x00, 0x00, 0x00,
    0x00, 0x00, 0x7D, 0xF7, 0x7D, 0xF7, 0x7D, 0xF7, 0x7D, 0xF7, 0x7D, 0xF7, 0x00, 0x00, 0x00, 0x00,
    0x00, 0x00, 0x00, 0x00, 0x00, 0x00, 0x7D, 0xF7, 0x7D, 0xF7, 0x7D, 0xF7, 0x7D, 0xF7, 0x7D, 0xF7,
    0x00, 0x00, 0x00, 0x00, 0x00, 0x00, 0x00, 0x00, 0x00, 0x00, 0x00, 0x00, 0x00, 0x00, 0x00, 0x00,
    0x00, 0x00, 0x00, 0x00, 0x7D, 0xF7, 0x7D, 0xF7, 0x7D, 0xF7, 0x7D, 0xF7, 0x7D, 0xF7, 0x96, 0xB5,
    0x96, 0xB5, 0x96, 0xB5, 0x96, 0xB5, 0x96, 0xB5, 0x00, 0x00, 0x00, 0x00, 0x00, 0x00, 0x00, 0x00,
    0x00, 0x00, 0x00, 0x00, 0x00, 0x00, 0x00, 0x00, 0x00, 0x00, 0x00, 0x00, 0x96, 0xB5, 0x96, 0xB5,
    0x96, 0xB5, 0x96, 0xB5, 0x96, 0xB5, 0x00, 0x00, 0x00, 0x00, 0x00, 0x00, 0x00, 0x00, 0x00, 0x00,
    0x96, 0xB5, 0x96, 0xB5, 0x96, 0xB5, 0x96, 0xB5, 0x96, 0xB5, 0x00, 0x00, 0x00, 0x00, 0x00, 0x00,
    0x00, 0x00, 0x00, 0x00, 0x00, 0x00, 0x00, 0x00, 0x00, 0x00, 0x00, 0x00, 0x00, 0x00, 0x96, 0xB5,
    0x96, 0xB5, 0x96, 0xB5, 0x96, 0xB5, 0x96, 0xB5, 0x00, 0x00, 0x00, 0x00, 0x00, 0x00, 0x00, 0x00,
    0x00, 0x00, 0x96, 0xB5, 0x96, 0xB5, 0x96, 0xB5, 0x96, 0xB5, 0x96, 0xB5, 0x00, 0x00, 0x00, 0x00,
    0x00, 0x00, 0x00, 0x00, 0x00, 0x00, 0x00, 0x00, 0x00, 0x00, 0x00, 0x00, 0x00, 0x00, 0x00, 0x00,
    0x96, 0xB5, 0x96, 0xB5, 0x96, 0xB5, 0x96, 0xB5, 0x96, 0xB5, 0x00, 0x00, 0x00, 0x00, 0x00, 0x00,
    0x00, 0x00, 0x00, 0x00, 0x96, 0xB5, 0x96, 0xB5, 0x96, 0xB5, 0x96, 0xB5, 0x96, 0xB5, 0x00, 0x00,
    0x00, 0x00, 0x00, 0x00, 0x00, 0x00, 0x00, 0x00, 0x00, 0x00, 0x00, 0x00, 0x00, 0x00, 0x00, 0x00,
    0x00, 0x00, 0x96, 0xB5, 0x96, 0xB5, 0x96, 0xB5, 0x96, 0xB5, 0x96, 0xB5, 0x00, 0x00, 0x00, 0x00,
    0x00, 0x00, 0x00, 0x00, 0x00, 0x00, 0x7D, 0xF7, 0x7D, 0xF7, 0x7D, 0xF7, 0x7D, 0xF7, 0x7D, 0xF7,
    0x00, 0x00, 0x00, 0x00, 0x00, 0x00, 0x00, 0x00, 0x00, 0x00, 0x00, 0x00, 0x00, 0x00, 0x00, 0x00,
    0x00, 0x00, 0x00, 0x00, 0x00, 0x00, 0x00, 0x00, 0x00, 0x00, 0x00, 0x00, 0x00, 0x00, 0x00, 0x00,
    0x00, 0x00, 0x00, 0x00, 0x00, 0x00, 0x00, 0x00, 0x7D, 0xF7, 0x7D, 0xF7, 0x7D, 0xF7, 0x7D, 0xF7,
    0x7D, 0xF7, 0x00, 0x00, 0x00, 0x00, 0x00, 0x00, 0x00, 0x00, 0x00, 0x00, 0x00, 0x00, 0x00, 0x00,
    0x00, 0x00, 0x00, 0x00, 0x00, 0x00, 0x7D, 0xF7, 0x7D, 0xF7, 0x7D, 0xF7, 0x7D, 0xF7, 0x7D, 0xF7,
    0x00, 0x00, 0x00, 0x00, 0x00, 0x00, 0x00, 0x00, 0x00, 0x00, 0x7D, 0xF7, 0x7D, 0xF7, 0x7D, 0xF7,
    0x7D, 0xF7, 0x7D, 0xF7, 0x00, 0x00, 0x00, 0x00, 0x00, 0x00, 0x00, 0x00, 0x00, 0x00, 0x00, 0x00,
    0x00, 0x00, 0x00, 0x00, 0x00, 0x00, 0x00, 0x00, 0x7D, 0xF7, 0x7D, 0xF7, 0x7D, 0xF7, 0x7D, 0xF7,
    0x7D, 0xF7, 0x00, 0x00, 0x00, 0x00, 0x00, 0x00, 0x00, 0x00, 0x00, 0x00, 0x7D, 0xF7, 0x7D, 0xF7,
    0x7D, 0xF7, 0x7D, 0xF7, 0x7D, 0xF7, 0x00, 0x00, 0x00, 0x00, 0x00, 0x00, 0x00, 0x00, 0x00, 0x00,
    0x00, 0x00, 0x00, 0x00, 0x00, 0x00, 0x00, 0x00, 0x00, 0x00, 0x7D, 0xF7, 0x7D, 0xF7, 0x7D, 0xF7,
    0x7D, 0xF7, 0x7D, 0xF7, 0x96, 0xB5, 0x96, 0xB5, 0x96, 0xB5, 0x96, 0xB5, 0x96, 0xB5, 0x00, 0x00,
    0x00, 0x00, 0x00, 0x00, 0x00, 0x00, 0x00, 0x00, 0x00, 0x00, 0x00, 0x00, 0x00, 0x00, 0x00, 0x00,
    0x00, 0x00, 0x96, 0xB5, 0x96, 0xB5, 0x96, 0xB5, 0x96, 0xB5, 0x96, 0xB5, 0x00, 0x00, 0x00, 0x00,
    0x00, 0x00, 0x00, 0x00, 0x00, 0x00, 0x96, 0xB5, 0x96, 0xB5, 0x96, 0xB5, 0x96, 0xB5, 0x96, 0xB5,
    0x00, 0x00, 0x00, 0x00, 0x00, 0x00, 0x00, 0x00, 0x00, 0x00, 0x00, 0x00, 0x00, 0x00, 0x00, 0x00,
    0x00, 0x00, 0x00, 0x00, 0x96, 0xB5, 0x96, 0xB5, 0x96, 0xB5, 0x96, 0xB5, 0x96, 0xB5, 0x00, 0x00,
    0x00, 0x00, 0x00, 0x00, 0x00, 0x00, 0x00, 0x00, 0x96, 0xB5, 0x96, 0xB5, 0x96, 0xB5, 0x96, 0xB5,
    0x96, 0xB5, 0x00, 0x00, 0x00, 0x00, 0x00, 0x00, 0x00, 0x00, 0x00, 0x00, 0x00, 0x00, 0x00, 0x00,
    0x00, 0x00, 0x00, 0x00, 0x00, 0x00, 0x96, 0xB5, 0x96, 0xB5, 0x96, 0xB5, 0x96, 0xB5, 0x96, 0xB5,
    0x00, 0x00, 0x00, 0x00, 0x00, 0x00, 0x00, 0x00, 0x00, 0x00, 0x96, 0xB5, 0x96, 0xB5, 0x96, 0xB5,
    0x96, 0xB5, 0x96, 0xB5, 0x00, 0x00, 0x00, 0x00, 0x00, 0x00, 0x00, 0x00, 0x00, 0x00, 0x00, 0x00,
    0x00, 0x00, 0x00, 0x00, 0x00, 0x00, 0x00, 0x00, 0x96, 0xB5, 0x96, 0xB5, 0x96, 0xB5, 0x96, 0xB5,
    0x96, 0xB5, 0x00, 0x00, 0x00, 0x00, 0x00, 0x00, 0x00, 0x00, 0x00, 0x00, 0x7D, 0xF7, 0x7D, 0xF7,
    0x7D, 0xF7, 0x7D, 0xF7, 0x7D, 0xF7, 0x00, 0x00, 0x00, 0x00, 0x00, 0x00, 0x00, 0x00, 0x00, 0x00,
    0x00, 0x00, 0x00, 0x00, 0x00, 0x00, 0x00, 0x00, 0x00, 0x00, 0x00, 0x00, 0x00, 0x00, 0x00, 0x00,
    0x00, 0x00, 0x00, 0x00, 0x00, 0x00, 0x00, 0x00, 0x00, 0x00, 0x00, 0x00, 0x00, 0x00, 0x7D, 0xF7,
    0x7D, 0xF7, 0x7D, 0xF7, 0x7D, 0xF7, 0x7D, 0xF7, 0x00, 0x00, 0x00, 0x00, 0x00, 0x00, 0x00, 0x00,
    0x00, 0x00, 0x00, 0x00, 0x00, 0x00, 0x00, 0x00, 0x00, 0x00, 0x00, 0x00, 0x7D, 0xF7, 0x7D, 0xF7,
    0x7D, 0xF7, 0x7D, 0xF7, 0x7D, 0xF7, 0x00, 0x00, 0x00, 0x00, 0x00, 0x00, 0x00, 0x00, 0x00, 0x00,
    0x7D, 0xF7, 0x7D, 0xF7, 0x7D, 0xF7, 0x7D, 0xF7, 0x7D, 0xF7, 0x00, 0x00, 0x00, 0x00, 0x00, 0x00,
    0x00, 0x00, 0x00, 0x00, 0x00, 0x00, 0x00, 0x00, 0x00, 0x00, 0x00, 0x00, 0x00, 0x00, 0x7D, 0xF7,
    0x7D, 0xF7, 0x7D, 0xF7, 0x7D, 0xF7, 0x7D, 0xF7, 0x00, 0x00, 0x00, 0x00, 0x00, 0x00, 0x00, 0x00,
    0x00, 0x00, 0x7D, 0xF7, 0x7D, 0xF7, 0x7D, 0xF7, 0x7D, 0xF7, 0x7D, 0xF7, 0x00, 0x00, 0x00, 0x00,
    0x00, 0x00, 0x00, 0x00, 0x00, 0x00, 0x00, 0x00, 0x00, 0x00, 0x00, 0x00, 0x00, 0x00, 0x00, 0x00,
    0x7D, 0xF7, 0x7D, 0xF7, 0x7D, 0xF7, 0x7D, 0xF7, 0x7D, 0xF7, 0x96, 0xB5, 0x96, 0xB5, 0x96, 0xB5,
    0x96, 0xB5, 0x96, 0xB5, 0x28, 0x4A, 0x28, 0x4A, 0x28, 0x4A, 0x28, 0x4A, 0x28, 0x4A, 0x28, 0x4A,
    0x28, 0x4A, 0x28, 0x4A, 0x28, 0x4A, 0x28, 0x4A, 0x96, 0xB5, 0x96, 0xB5, 0x96, 0xB5, 0x96, 0xB5,
    0x96, 0xB5, 0x00, 0x00, 0x00, 0x00, 0x00, 0x00, 0x00, 0x00, 0x00, 0x00, 0x96, 0xB5, 0x96, 0xB5,
    0x96, 0xB5, 0x96, 0xB5, 0x96, 0xB5, 0x28, 0x4A, 0x28, 0x4A, 0x28, 0x4A, 0x28, 0x4A, 0x28, 0x4A,
    0x28, 0x4A, 0x28, 0x4A, 0x28, 0x4A, 0x28, 0x4A, 0x28, 0x4A, 0x96, 0xB5, 0x96, 0xB5, 0x96, 0xB5,
    0x96, 0xB5, 0x96, 0xB5, 0x00, 0x00, 0x00, 0x00, 0x00, 0x00, 0x00, 0x00, 0x00, 0x00, 0x96, 0xB5,
    0x96, 0xB5, 0x96, 0xB5, 0x96, 0xB5, 0x96, 0xB5, 0x96, 0xB5, 0x96, 0xB5, 0x96, 0xB5, 0x96, 0xB5,
    0x96, 0xB5, 0x96, 0xB5, 0x96, 0xB5, 0x96, 0xB5, 0x96, 0xB5, 0x96, 0xB5, 0x96, 0xB5, 0x96, 0xB5,
    0x96, 0xB5, 0x96, 0xB5, 0x96, 0xB5, 0x00, 0x00, 0x00, 0x00, 0x00, 0x00, 0x00, 0x00, 0x00, 0x00,
    0x96, 0xB5, 0x96, 0xB5, 0x96, 0xB5, 0x96, 0xB5, 0x96, 0xB5, 0x28, 0x4A, 0x28, 0x4A, 0x28, 0x4A,
    0x28, 0x4A, 0x28, 0x4A, 0x28, 0x4A, 0x28, 0x4A, 0x28, 0x4A, 0x28, 0x4A, 0x28, 0x4A, 0x96, 0xB5,
    0x96, 0xB5, 0x96, 0xB5, 0x96, 0xB5, 0x96, 0xB5, 0x00, 0x00, 0x00, 0x00, 0x00, 0x00, 0x00, 0x00,
    0x00, 0x00, 0x7D, 0xF7, 0x7D, 0xF7, 0x7D, 0xF7, 0x7D, 0xF7, 0x7D, 0xF7, 0x28, 0x4A, 0x28, 0x4A,
    0x28, 0x4A, 0x28, 0x4A, 0x28, 0x4A, 0x28, 0x4A, 0x28, 0x4A, 0x28, 0x4A, 0x28, 0x4A, 0x28, 0x4A,
    0x28, 0x4A, 0x28, 0x4A, 0x28, 0x4A, 0x28, 0x4A, 0x28, 0x4A, 0x00, 0x00, 0x00, 0x00, 0x00, 0x00,
    0x00, 0x00, 0x00, 0x00, 0x7D, 0xF7, 0x7D, 0xF7, 0x7D, 0xF7, 0x7D, 0xF7, 0x7D, 0xF7, 0x28, 0x4A,
    0x28, 0x4A, 0x28, 0x4A, 0x28, 0x4A, 0x28, 0x4A, 0x28, 0x4A, 0x28, 0x4A, 0x28, 0x4A, 0x28, 0x4A,
    0x28, 0x4A, 0x7D, 0xF7, 0x7D, 0xF7, 0x7D, 0xF7, 0x7D, 0xF7, 0x7D, 0xF7, 0x00, 0x00, 0x00, 0x00,
    0x00, 0x00, 0x00, 0x00, 0x00, 0x00, 0x7D, 0xF7, 0x7D, 0xF7, 0x7D, 0xF7, 0x7D, 0xF7, 0x7D, 0xF7,
    0x28, 0x4A, 0x28, 0x4A, 0x28, 0x4A, 0x28, 0x4A, 0x28, 0x4A, 0x28, 0x4A, 0x28, 0x4A, 0x28, 0x4A,
    0x28, 0x4A, 0x28, 0x4A, 0x7D, 0xF7, 0x7D, 0xF7, 0x7D, 0xF7, 0x7D, 0xF7, 0x7D, 0xF7, 0x00, 0x00,
    0x00, 0x00, 0x00, 0x00, 0x00, 0x00, 0x00, 0x00, 0x7D, 0xF7, 0x7D, 0xF7, 0x7D, 0xF7, 0x7D, 0xF7,
    0x7D, 0xF7, 0x7D, 0xF7, 0x7D, 0xF7, 0x7D, 0xF7, 0x7D, 0xF7, 0x7D, 0xF7, 0x7D, 0xF7, 0x7D, 0xF7,
    0x7D, 0xF7, 0x7D, 0xF7, 0x7D, 0xF7, 0x7D, 0xF7, 0x7D, 0xF7, 0x7D, 0xF7, 0x7D, 0xF7, 0x7D, 0xF7,
    0x96, 0xB5, 0x96, 0xB5, 0x96, 0xB5, 0x96, 0xB5, 0x96, 0xB5, 0x28, 0x4A, 0x28, 0x4A, 0x28, 0x4A,
    0x28, 0x4A, 0x28, 0x4A, 0x28, 0x4A, 0x28, 0x4A, 0x28, 0x4A, 0x28, 0x4A, 0x28, 0x4A, 0x96, 0xB5,
    0x96, 0xB5, 0x96, 0xB5, 0x96, 0xB5, 0x96, 0xB5, 0x00, 0x00, 0x00, 0x00, 0x00, 0x00, 0x00, 0x00,
    0x00, 0x00, 0x96, 0xB5, 0x96, 0xB5, 0x96, 0xB5, 0x96, 0xB5, 0x96, 0xB5, 0x28, 0x4A, 0x28, 0x4A,
    0x28, 0x4A, 0x28, 0x4A, 0x28, 0x4A, 0x28, 0x4A, 0x28, 0x4A, 0x28, 0x4A, 0x28, 0x4A, 0x28, 0x4A,
    0x96, 0xB5, 0x96, 0xB5, 0x96, 0xB5, 0x96, 0xB5, 0x96, 0xB5, 0x00, 0x00, 0x00, 0x00, 0x00, 0x00,
    0x00, 0x00, 0x00, 0x00, 0x96, 0xB5, 0x96, 0xB5, 0x96, 0xB5, 0x96, 0xB5, 0x96, 0xB5, 0x96, 0xB5,
    0x96, 0xB5, 0x96, 0xB5, 0x96, 0xB5, 0x96, 0xB5, 0x96, 0xB5, 0x96, 0xB5, 0x96, 0xB5, 0x96, 0xB5,
    0x96, 0xB5, 0x96, 0xB5, 0x96, 0xB5, 0x96, 0xB5, 0x96, 0xB5, 0x96, 0xB5, 0x00, 0x00, 0x00, 0x00,
    0x00, 0x00, 0x00, 0x00, 0x00, 0x00, 0x96, 0xB5, 0x96, 0xB5, 0x96, 0xB5, 0x96, 0xB5, 0x96, 0xB5,
    0x28, 0x4A, 0x28, 0x4A, 0x28, 0x4A, 0x28, 0x4A, 0x28, 0x4A, 0x28, 0x4A, 0x28, 0x4A, 0x28, 0x4A,
    0x28, 0x4A, 0x28, 0x4A, 0x96, 0xB5, 0x96, 0xB5, 0x96, 0xB5, 0x96, 0xB5, 0x96, 0xB5, 0x00, 0x00,
    0x00, 0x00, 0x00, 0x00, 0x00, 0x00, 0x00, 0x00, 0x7D, 0xF7, 0x7D, 0xF7, 0x7D, 0xF7, 0x7D, 0xF7,
    0x7D, 0xF7, 0x28, 0x4A, 0x28, 0x4A, 0x28, 0x4A, 0x28, 0x4A, 0x28, 0x4A, 0x28, 0x4A, 0x28, 0x4A,
    0x28, 0x4A, 0x28, 0x4A, 0x28, 0x4A, 0x28, 0x4A, 0x28, 0x4A, 0x28, 0x4A, 0x28, 0x4A, 0x28, 0x4A,
    0x00, 0x00, 0x00, 0x00, 0x00, 0x00, 0x00, 0x00, 0x00, 0x00, 0x7D, 0xF7, 0x7D, 0xF7, 0x7D, 0xF7,
    0x7D, 0xF7, 0x7D, 0xF7, 0x28, 0x4A, 0x28, 0x4A, 0x28, 0x4A, 0x28, 0x4A, 0x28, 0x4A, 0x28, 0x4A,
    0x28, 0x4A, 0x28, 0x4A, 0x28, 0x4A, 0x28, 0x4A, 0x7D, 0xF7, 0x7D, 0xF7, 0x7D, 0xF7, 0x7D, 0xF7,
    0x7D, 0xF7, 0x00, 0x00, 0x00, 0x00, 0x00, 0x00, 0x00, 0x00, 0x00, 0x00, 0x7D, 0xF7, 0x7D, 0xF7,
    0x7D, 0xF7, 0x7D, 0xF7, 0x7D, 0xF7, 0x28, 0x4A, 0x28, 0x4A, 0x28, 0x4A, 0x28, 0x4A, 0x28, 0x4A,
    0x28, 0x4A, 0x28, 0x4A, 0x28, 0x4A, 0x28, 0x4A, 0x28, 0x4A, 0x7D, 0xF7, 0x7D, 0xF7, 0x7D, 0xF7,
    0x7D, 0xF7, 0x7D, 0xF7, 0x00, 0x00, 0x00, 0x00, 0x00, 0x00, 0x00, 0x00, 0x00, 0x00, 0x7D, 0xF7,
    0x7D, 0xF7, 0x7D, 0xF7, 0x7D, 0xF7, 0x7D, 0xF7, 0x7D, 0xF7, 0x7D, 0xF7, 0x7D, 0xF7, 0x7D, 0xF7,
    0x7D, 0xF7, 0x7D, 0xF7, 0x7D, 0xF7, 0x7D, 0xF7, 0x7D, 0xF7, 0x7D, 0xF7, 0x7D, 0xF7, 0x7D, 0xF7,
    0x7D, 0xF7, 0x7D, 0xF7, 0x7D, 0xF7, 0x96, 0xB5, 0x96, 0xB5, 0x96, 0xB5, 0x96, 0xB5, 0x96, 0xB5,
    0x28, 0x4A, 0x28, 0x4A, 0x28, 0x4A, 0x28, 0x4A, 0x28, 0x4A, 0x28, 0x4A, 0x28, 0x4A, 0x28, 0x4A,
    0x28, 0x4A, 0x28, 0x4A, 0x96, 0xB5, 0x96, 0xB5, 0x96, 0xB5, 0x96, 0xB5, 0x96, 0xB5, 0x00, 0x00,
    0x00, 0x00, 0x00, 0x00, 0x00, 0x00, 0x00, 0x00, 0x96, 0xB5, 0x96, 0xB5, 0x96, 0xB5, 0x96, 0xB5,
    0x96, 0xB5, 0x28, 0x4A, 0x28, 0x4A, 0x28, 0x4A, 0x28, 0x4A, 0x28, 0x4A, 0x28, 0x4A, 0x28, 0x4A,
    0x28, 0x4A, 0x28, 0x4A, 0x28, 0x4A, 0x96, 0xB5, 0x96, 0xB5, 0x96, 0xB5, 0x96, 0xB5, 0x96, 0xB5,
    0x00, 0x00, 0x00, 0x00, 0x00, 0x00, 0x00, 0x00, 0x00, 0x00, 0x96, 0xB5, 0x96, 0xB5, 0x96, 0xB5,
    0x96, 0xB5, 0x96, 0xB5, 0x96, 0xB5, 0x96, 0xB5, 0x96, 0xB5, 0x96, 0xB5, 0x96, 0xB5, 0x96, 0xB5,
    0x96, 0xB5, 0x96, 0xB5, 0x96, 0xB5, 0x96, 0xB5, 0x96, 0xB5, 0x96, 0xB5, 0x96, 0xB5, 0x96, 0xB5,
    0x96, 0xB5, 0x00, 0x00, 0x00, 0x00, 0x00, 0x00, 0x00, 0x00, 0x00, 0x00, 0x96, 0xB5, 0x96, 0xB5,
    0x96, 0xB5, 0x96, 0xB5, 0x96, 0xB5, 0x28, 0x4A, 0x28, 0x4A, 0x28, 0x4A, 0x28, 0x4A, 0x28, 0x4A,
    0x28, 0x4A, 0x28, 0x4A, 0x28, 0x4A, 0x28, 0x4A, 0x28, 0x4A, 0x96, 0xB5, 0x96, 0xB5, 0x96, 0xB5,
    0x96, 0xB5, 0x96, 0xB5, 0x00, 0x00, 0x00, 0x00, 0x00, 0x00, 0x00, 0x00, 0x00, 0x00, 0x7D, 0xF7,
    0x7D, 0xF7, 0x7D, 0xF7, 0x7D, 0xF7, 0x7D, 0xF7, 0x28, 0x4A, 0x28, 0x4A, 0x28, 0x4A, 0x28, 0x4A,
    0x28, 0x4A, 0x28, 0x4A, 0x28, 0x4A, 0x28, 0x4A, 0x28, 0x4A, 0x28, 0x4A, 0x28, 0x4A, 0x28, 0x4A,
    0x28, 0x4A, 0x28, 0x4A, 0x28, 0x4A, 0x00, 0x00, 0x00, 0x00, 0x00, 0x00, 0x00, 0x00, 0x00, 0x00,
    0x7D, 0xF7, 0x7D, 0xF7, 0x7D, 0xF7, 0x7D, 0xF7, 0x7D, 0xF7, 0x28, 0x4A, 0x28, 0x4A, 0x28, 0x4A,
    0x28, 0x4A, 0x28, 0x4A, 0x28, 0x4A, 0x28, 0x4A, 0x28, 0x4A, 0x28, 0x4A, 0x28, 0x4A, 0x7D, 0xF7,
    0x7D, 0xF7, 0x7D, 0xF7, 0x7D, 0xF7, 0x7D, 0xF7, 0x00, 0x00, 0x00, 0x00, 0x00, 0x00, 0x00, 0x00,
    0x00, 0x00, 0x7D, 0xF7, 0x7D, 0xF7, 0x7D, 0xF7, 0x7D, 0xF7, 0x7D, 0xF7, 0x28, 0x4A, 0x28, 0x4A,
    0x28, 0x4A, 0x28, 0x4A, 0x28, 0x4A, 0x28, 0x4A, 0x28, 0x4A, 0x28, 0x4A, 0x28, 0x4A, 0x28, 0x4A,
    0x7D, 0xF7, 0x7D, 0xF7, 0x7D, 0xF7, 0x7D, 0xF7, 0x7D, 0xF7, 0x00, 0x00, 0x00, 0x00, 0x00, 0x00,
    0x00, 0x00, 0x00, 0x00, 0x7D, 0xF7, 0x7D, 0xF7, 0x7D, 0xF7, 0x7D, 0xF7, 0x7D, 0xF7, 0x7D, 0xF7,
    0x7D, 0xF7, 0x7D, 0xF7, 0x7D, 0xF7, 0x7D, 0xF7, 0x7D, 0xF7, 0x7D, 0xF7, 0x7D, 0xF7, 0x7D, 0xF7,
    0x7D, 0xF7, 0x7D, 0xF7, 0x7D, 0xF7, 0x7D, 0xF7, 0x7D, 0xF7, 0x7D, 0xF7, 0x96, 0xB5, 0x96, 0xB5,
    0x96, 0xB5, 0x96, 0xB5, 0x96, 0xB5, 0x28, 0x4A, 0x28, 0x4A, 0x28, 0x4A, 0x28, 0x4A, 0x28, 0x4A,
    0x28, 0x4A, 0x28, 0x4A, 0x28, 0x4A, 0x28, 0x4A, 0x28, 0x4A, 0x96, 0xB5, 0x96, 0xB5, 0x96, 0xB5,
    0x96, 0xB5, 0x96, 0xB5, 0x00, 0x00, 0x00, 0x00, 0x00, 0x00, 0x00, 0x00, 0x00, 0x00, 0x96, 0xB5,
    0x96, 0xB5, 0x96, 0xB5, 0x96, 0xB5, 0x96, 0xB5, 0x28, 0x4A, 0x28, 0x4A, 0x28, 0x4A, 0x28, 0x4A,
    0x28, 0x4A, 0x28, 0x4A, 0x28, 0x4A, 0x28, 0x4A, 0x28, 0x4A, 0x28, 0x4A, 0x96, 0xB5, 0x96, 0xB5,
    0x96, 0xB5, 0x96, 0xB5, 0x96, 0xB5, 0x00, 0x00, 0x00, 0x00, 0x00, 0x00, 0x00, 0x00, 0x00, 0x00,
    0x96, 0xB5, 0x96, 0xB5, 0x96, 0xB5, 0x96, 0xB5, 0x96, 0xB5, 0x96, 0xB5, 0x96, 0xB5, 0x96, 0xB5,
    0x96, 0xB5, 0x96, 0xB5, 0x96, 0xB5, 0x96, 0xB5, 0x96, 0xB5, 0x96, 0xB5, 0x96, 0xB5, 0x96, 0xB5,
    0x96, 0xB5, 0x96, 0xB5, 0x96, 0xB5, 0x96, 0xB5, 0x00, 0x00, 0x00, 0x00, 0x00, 0x00, 0x00, 0x00,
    0x00, 0x00, 0x96, 0xB5, 0x96, 0xB5, 0x96, 0xB5, 0x96, 0xB5, 0x96, 0xB5, 0x28, 0x4A, 0x28, 0x4A,
    0x28, 0x4A, 0x28, 0x4A, 0x28, 0x4A, 0x28, 0x4A, 0x28, 0x4A, 0x28, 0x4A, 0x28, 0x4A, 0x28, 0x4A,
    0x96, 0xB5, 0x96, 0xB5, 0x96, 0xB5, 0x96, 0xB5, 0x96, 0xB5, 0x00, 0x00, 0x00, 0x00, 0x00, 0x00,
    0x00, 0x00, 0x00, 0x00, 0x7D, 0xF7, 0x7D, 0xF7, 0x7D, 0xF7, 0x7D, 0xF7, 0x7D, 0xF7, 0x28, 0x4A,
    0x28, 0x4A, 0x28, 0x4A, 0x28, 0x4A, 0x28, 0x4A, 0x28, 0x4A, 0x28, 0x4A, 0x28, 0x4A, 0x28, 0x4A,
    0x28, 0x4A, 0x28, 0x4A, 0x28, 0x4A, 0x28, 0x4A, 0x28, 0x4A, 0x28, 0x4A, 0x00, 0x00, 0x00, 0x00,
    0x00, 0x00, 0x00, 0x00, 0x00, 0x00, 0x7D, 0xF7, 0x7D, 0xF7, 0x7D, 0xF7, 0x7D, 0xF7, 0x7D, 0xF7,
    0x28, 0x4A, 0x28, 0x4A, 0x28, 0x4A, 0x28, 0x4A, 0x28, 0x4A, 0x28, 0x4A, 0x28, 0x4A, 0x28, 0x4A,
    0x28, 0x4A, 0x28, 0x4A, 0x7D, 0xF7, 0x7D, 0xF7, 0x7D, 0xF7, 0x7D, 0xF7, 0x7D, 0xF7, 0x00, 0x00,
    0x00, 0x00, 0x00, 0x00, 0x00, 0x00, 0x00, 0x00, 0x7D, 0xF7, 0x7D, 0xF7, 0x7D, 0xF7, 0x7D, 0xF7,
    0x7D, 0xF7, 0x28, 0x4A, 0x28, 0x4A, 0x28, 0x4A, 0x28, 0x4A, 0x28, 0x4A, 0x28, 0x4A, 0x28, 0x4A,
    0x28, 0x4A, 0x28, 0x4A, 0x28, 0x4A, 0x7D, 0xF7, 0x7D, 0xF7, 0x7D, 0xF7, 0x7D, 0xF7, 0x7D, 0xF7,
    0x00, 0x00, 0x00, 0x00, 0x00, 0x00, 0x00, 0x00, 0x00, 0x00, 0x7D, 0xF7, 0x7D, 0xF7, 0x7D, 0xF7,
    0x7D, 0xF7, 0x7D, 0xF7, 0x7D, 0xF7, 0x7D, 0xF7, 0x7D, 0xF7, 0x7D, 0xF7, 0x7D, 0xF7, 0x7D, 0xF7,
    0x7D, 0xF7, 0x7D, 0xF7, 0x7D, 0xF7, 0x7D, 0xF7, 0x7D, 0xF7, 0x7D, 0xF7, 0x7D, 0xF7, 0x7D, 0xF7,
    0x7D, 0xF7, 0x96, 0xB5, 0x96, 0xB5, 0x96, 0xB5, 0x96, 0xB5, 0x96, 0xB5, 0x28, 0x4A, 0x28, 0x4A,
    0x28, 0x4A, 0x28, 0x4A, 0x28, 0x4A, 0x28, 0x4A, 0x28, 0x4A, 0x28, 0x4A, 0x28, 0x4A, 0x28, 0x4A,
    0x96, 0xB5, 0x96, 0xB5, 0x96, 0xB5, 0x96, 0xB5, 0x96, 0xB5, 0x00, 0x00, 0x00, 0x00, 0x00, 0x00,
    0x00, 0x00, 0x00, 0x00, 0x96, 0xB5, 0x96, 0xB5, 0x96, 0xB5, 0x96, 0xB5, 0x96, 0xB5, 0x28, 0x4A,
    0x28, 0x4A, 0x28, 0x4A, 0x28, 0x4A, 0x28, 0x4A, 0x28, 0x4A, 0x28, 0x4A, 0x28, 0x4A, 0x28, 0x4A,
    0x28, 0x4A, 0x96, 0xB5, 0x96, 0xB5, 0x96, 0xB5, 0x96, 0xB5, 0x96, 0xB5, 0x00, 0x00, 0x00, 0x00,
    0x00, 0x00, 0x00, 0x00, 0x00, 0x00, 0x96, 0xB5, 0x96, 0xB5, 0x96, 0xB5, 0x96, 0xB5, 0x96, 0xB5,
    0x96, 0xB5, 0x96, 0xB5, 0x96, 0xB5, 0x96, 0xB5, 0x96, 0xB5, 0x96, 0xB5, 0x96, 0xB5, 0x96, 0xB5,
    0x96, 0xB5, 0x96, 0xB5, 0x96, 0xB5, 0x96, 0xB5, 0x96, 0xB5, 0x96, 0xB5, 0x96, 0xB5, 0x00, 0x00,
    0x00, 0x00, 0x00, 0x00, 0x00, 0x00, 0x00, 0x00, 0x96, 0xB5, 0x96, 0xB5, 0x96, 0xB5, 0x96, 0xB5,
    0x96, 0xB5, 0x28, 0x4A, 0x28, 0x4A, 0x28, 0x4A, 0x28, 0x4A, 0x28, 0x4A, 0x28, 0x4A, 0x28, 0x4A,
    0x28, 0x4A, 0x28, 0x4A, 0x28, 0x4A, 0x96, 0xB5, 0x96, 0xB5, 0x96, 0xB5, 0x96, 0xB5, 0x96, 0xB5,
    0x00, 0x00, 0x00, 0x00, 0x00, 0x00, 0x00, 0x00, 0x00, 0x00, 0x7D, 0xF7, 0x7D, 0xF7, 0x7D, 0xF7,
    0x7D, 0xF7, 0x7D, 0xF7, 0x28, 0x4A, 0x28, 0x4A, 0x28, 0x4A, 0x28, 0x4A, 0x28, 0x4A, 0x28, 0x4A,
    0x28, 0x4A, 0x28, 0x4A, 0x28, 0x4A, 0x28, 0x4A, 0x28, 0x4A, 0x28, 0x4A, 0x28, 0x4A, 0x28, 0x4A,
    0x28, 0x4A, 0x00, 0x00, 0x00, 0x00, 0x00, 0x00, 0x00, 0x00, 0x00, 0x00, 0x7D, 0xF7, 0x7D, 0xF7,
    0x7D, 0xF7, 0x7D, 0xF7, 0x7D, 0xF7, 0x28, 0x4A, 0x28, 0x4A, 0x28, 0x4A, 0x28, 0x4A, 0x28, 0x4A,
    0x28, 0x4A, 0x28, 0x4A, 0x28, 0x4A, 0x28, 0x4A, 0x28, 0x4A, 0x7D, 0xF7, 0x7D, 0xF7, 0x7D, 0xF7,
    0x7D, 0xF7, 0x7D, 0xF7, 0x00, 0x00, 0x00, 0x00, 0x00, 0x00, 0x00, 0x00, 0x00, 0x00, 0x7D, 0xF7,
    0x7D, 0xF7, 0x7D, 0xF7, 0x7D, 0xF7, 0x7D, 0xF7, 0x28, 0x4A, 0x28, 0x4A, 0x28, 0x4A, 0x28, 0x4A,
    0x28, 0x4A, 0x28, 0x4A, 0x28, 0x4A, 0x28, 0x4A, 0x28, 0x4A, 0x28, 0x4A, 0x7D, 0xF7, 0x7D, 0xF7,
    0x7D, 0xF7, 0x7D, 0xF7, 0x7D, 0xF7, 0x00, 0x00, 0x00, 0x00, 0x00, 0x00, 0x00, 0x00, 0x00, 0x00,
    0x7D, 0xF7, 0x7D, 0xF7, 0x7D, 0xF7, 0x7D, 0xF7, 0x7D, 0xF7, 0x7D, 0xF7, 0x7D, 0xF7, 0x7D, 0xF7,
    0x7D, 0xF7, 0x7D, 0xF7, 0x7D, 0xF7, 0x7D, 0xF7, 0x7D, 0xF7, 0x7D, 0xF7, 0x7D, 0xF7, 0x7D, 0xF7,
    0x7D, 0xF7, 0x7D, 0xF7, 0x7D, 0xF7, 0x7D, 0xF7, 0x96, 0xB5, 0x96, 0xB5, 0x96, 0xB5, 0x96, 0xB5,
    0x96, 0xB5, 0x28, 0x4A, 0x28, 0x4A, 0x28, 0x4A, 0x28, 0x4A, 0x28, 0x4A, 0x28, 0x4A, 0x28, 0x4A,
    0x28, 0x4A, 0x28, 0x4A, 0x28, 0x4A, 0x96, 0xB5, 0x96, 0xB5, 0x96, 0xB5, 0x96, 0xB5, 0x96, 0xB5,
    0x00, 0x00, 0x00, 0x00, 0x00, 0x00, 0x00, 0x00, 0x00, 0x00, 0x96, 0xB5, 0x96, 0xB5, 0x96, 0xB5,
    0x96, 0xB5, 0x96, 0xB5, 0x28, 0x4A, 0x28, 0x4A, 0x28, 0x4A, 0x28, 0x4A, 0x28, 0x4A, 0x28, 0x4A,
    0x28, 0x4A, 0x28, 0x4A, 0x28, 0x4A, 0x28, 0x4A, 0x96, 0xB5, 0x96, 0xB5, 0x96, 0xB5, 0x96, 0xB5,
    0x96, 0xB5, 0x00, 0x00, 0x00, 0x00, 0x00, 0x00, 0x00, 0x00, 0x00, 0x00, 0x96, 0xB5, 0x96, 0xB5,
    0x96, 0xB5, 0x96, 0xB5, 0x96, 0xB5, 0x28, 0x4A, 0x28, 0x4A, 0x28, 0x4A, 0x28, 0x4A, 0x28, 0x4A,
    0x28, 0x4A, 0x28, 0x4A, 0x28, 0x4A, 0x28, 0x4A, 0x28, 0x4A, 0x28, 0x4A, 0x28, 0x4A, 0x28, 0x4A,
    0x28, 0x4A, 0x28, 0x4A, 0x00, 0x00, 0x00, 0x00, 0x00, 0x00, 0x00, 0x00, 0x00, 0x00, 0x96, 0xB5,
    0x96, 0xB5, 0x96, 0xB5, 0x96, 0xB5, 0x96, 0xB5, 0x28, 0x4A, 0x28, 0x4A, 0x28, 0x4A, 0x28, 0x4A,
    0x28, 0x4A, 0x28, 0x4A, 0x28, 0x4A, 0x28, 0x4A, 0x28, 0x4A, 0x28, 0x4A, 0x96, 0xB5, 0x96, 0xB5,
    0x96, 0xB5, 0x96, 0xB5, 0x96, 0xB5, 0x00, 0x00, 0x00, 0x00, 0x00, 0x00, 0x00, 0x00, 0x00, 0x00,
    0x7D, 0xF7, 0x7D, 0xF7, 0x7D, 0xF7, 0x7D, 0xF7, 0x7D, 0xF7, 0x28, 0x4A, 0x28, 0x4A, 0x28, 0x4A,
    0x28, 0x4A, 0x28, 0x4A, 0x28, 0x4A, 0x28, 0x4A, 0x28, 0x4A, 0x28, 0x4A, 0x28, 0x4A, 0x28, 0x4A,
    0x28, 0x4A, 0x28, 0x4A, 0x28, 0x4A, 0x28, 0x4A, 0x00, 0x00, 0x00, 0x00, 0x00, 0x00, 0x00, 0x00,
    0x00, 0x00, 0x7D, 0xF7, 0x7D, 0xF7, 0x7D, 0xF7, 0x7D, 0xF7, 0x7D, 0xF7, 0x28, 0x4A, 0x28, 0x4A,
    0x28, 0x4A, 0x28, 0x4A, 0x28, 0x4A, 0x28, 0x4A, 0x28, 0x4A, 0x28, 0x4A, 0x28, 0x4A, 0x28, 0x4A,
    0x7D, 0xF7, 0x7D, 0xF7, 0x7D, 0xF7, 0x7D, 0xF7, 0x7D, 0xF7, 0x00, 0x00, 0x00, 0x00, 0x00, 0x00,
    0x00, 0x00, 0x00, 0x00, 0x7D, 0xF7, 0x7D, 0xF7, 0x7D, 0xF7, 0x7D, 0xF7, 0x7D, 0xF7, 0x28, 0x4A,
    0x28, 0x4A, 0x28, 0x4A, 0x28, 0x4A, 0x28, 0x4A, 0x28, 0x4A, 0x28, 0x4A, 0x28, 0x4A, 0x28, 0x4A,
    0x28, 0x4A, 0x7D, 0xF7, 0x7D, 0xF7, 0x7D, 0xF7, 0x7D, 0xF7, 0x7D, 0xF7, 0x00, 0x00, 0x00, 0x00,
    0x00, 0x00, 0x00, 0x00, 0x00, 0x00, 0x7D, 0xF7, 0x7D, 0xF7, 0x7D, 0xF7, 0x7D, 0xF7, 0x7D, 0xF7,
    0x28, 0x4A, 0x28, 0x4A, 0x28, 0x4A, 0x28, 0x4A, 0x28, 0x4A, 0x28, 0x4A, 0x28, 0x4A, 0x28, 0x4A,
    0x28, 0x4A, 0x28, 0x4A, 0x28, 0x4A, 0x28, 0x4A, 0x28, 0x4A, 0x28, 0x4A, 0x28, 0x4A, 0x96, 0xB5,
    0x96, 0xB5, 0x96, 0xB5, 0x96, 0xB5, 0x96, 0xB5, 0x28, 0x4A, 0x28, 0x4A, 0x28, 0x4A, 0x28, 0x4A,
    0x28, 0x4A, 0x28, 0x4A, 0x28, 0x4A, 0x28, 0x4A, 0x28, 0x4A, 0x28, 0x4A, 0x96, 0xB5, 0x96, 0xB5,
    0x96, 0xB5, 0x96, 0xB5, 0x96, 0xB5, 0x00, 0x00, 0x00, 0x00, 0x00, 0x00, 0x00, 0x00, 0x00, 0x00,
    0x96, 0xB5, 0x96, 0xB5, 0x96, 0xB5, 0x96, 0xB5, 0x96, 0xB5, 0x28, 0x4A, 0x28, 0x4A, 0x28, 0x4A,
    0x28, 0x4A, 0x28, 0x4A, 0x28, 0x4A, 0x28, 0x4A, 0x28, 0x4A, 0x28, 0x4A, 0x28, 0x4A, 0x96, 0xB5,
    0x96, 0xB5, 0x96, 0xB5, 0x96, 0xB5, 0x96, 0xB5, 0x00, 0x00, 0x00, 0x00, 0x00, 0x00, 0x00, 0x00,
    0x00, 0x00, 0x96, 0xB5, 0x96, 0xB5, 0x96, 0xB5, 0x96, 0xB5, 0x96, 0xB5, 0x28, 0x4A, 0x28, 0x4A,
    0x28, 0x4A, 0x28, 0x4A, 0x28, 0x4A, 0x28, 0x4A, 0x28, 0x4A, 0x28, 0x4A, 0x28, 0x4A, 0x28, 0x4A,
    0x28, 0x4A, 0x28, 0x4A, 0x28, 0x4A, 0x28, 0x4A, 0x28, 0x4A, 0x00, 0x00, 0x00, 0x00, 0x00, 0x00,
    0x00, 0x00, 0x00, 0x00, 0x96, 0xB5, 0x96, 0xB5, 0x96, 0xB5, 0x96, 0xB5, 0x96, 0xB5, 0x28, 0x4A,
    0x28, 0x4A, 0x28, 0x4A, 0x28, 0x4A, 0x28, 0x4A, 0x28, 0x4A, 0x28, 0x4A, 0x28, 0x4A, 0x28, 0x4A,
    0x28, 0x4A, 0x96, 0xB5, 0x96, 0xB5, 0x96, 0xB5, 0x96, 0xB5, 0x96, 0xB5, 0x00, 0x00, 0x00, 0x00,
    0x00, 0x00, 0x00, 0x00, 0x00, 0x00, 0x7D, 0xF7, 0x7D, 0xF7, 0x7D, 0xF7, 0x7D, 0xF7, 0x7D, 0xF7,
    0x28, 0x4A, 0x28, 0x4A, 0x28, 0x4A, 0x28, 0x4A, 0x28, 0x4A, 0x28, 0x4A, 0x28, 0x4A, 0x28, 0x4A,
    0x28, 0x4A, 0x28, 0x4A, 0x28, 0x4A, 0x28, 0x4A, 0x28, 0x4A, 0x28, 0x4A, 0x28, 0x4A, 0x00, 0x00,
    0x00, 0x00, 0x00, 0x00, 0x00, 0x00, 0x00, 0x00, 0x7D, 0xF7, 0x7D, 0xF7, 0x7D, 0xF7, 0x7D, 0xF7,
    0x7D, 0xF7, 0x28, 0x4A, 0x28, 0x4A, 0x28, 0x4A, 0x28, 0x4A, 0x28, 0x4A, 0x28, 0x4A, 0x28, 0x4A,
    0x28, 0x4A, 0x28, 0x4A, 0x28, 0x4A, 0x7D, 0xF7, 0x7D, 0xF7, 0x7D, 0xF7, 0x7D, 0xF7, 0x7D, 0xF7,
    0x00, 0x00, 0x00, 0x00, 0x00, 0x00, 0x00, 0x00, 0x00, 0x00, 0x7D, 0xF7, 0x7D, 0xF7, 0x7D, 0xF7,
    0x7D, 0xF7, 0x7D, 0xF7, 0x28, 0x4A, 0x28, 0x4A, 0x28, 0x4A, 0x28, 0x4A, 0x28, 0x4A, 0x28, 0x4A,
    0x28, 0x4A, 0x28, 0x4A, 0x28, 0x4A, 0x28, 0x4A, 0x7D, 0xF7, 0x7D, 0xF7, 0x7D, 0xF7, 0x7D, 0xF7,
    0x7D, 0xF7, 0x00, 0x00, 0x00, 0x00, 0x00, 0x00, 0x00, 0x00, 0x00, 0x00, 0x7D, 0xF7, 0x7D, 0xF7,
    0x7D, 0xF7, 0x7D, 0xF7, 0x7D, 0xF7, 0x28, 0x4A, 0x28, 0x4A, 0x28, 0x4A, 0x28, 0x4A, 0x28, 0x4A,
    0x28, 0x4A, 0x28, 0x4A, 0x28, 0x4A, 0x28, 0x4A, 0x28, 0x4A, 0x28, 0x4A, 0x28, 0x4A, 0x28, 0x4A,
    0x28, 0x4A, 0x28, 0x4A, 0x96, 0xB5, 0x96, 0xB5, 0x96, 0xB5, 0x96, 0xB5, 0x96, 0xB5, 0x28, 0x4A,
    0x28, 0x4A, 0x28, 0x4A, 0x28, 0x4A, 0x28, 0x4A, 0x28, 0x4A, 0x28, 0x4A, 0x28, 0x4A, 0x28, 0x4A,
    0x28, 0x4A, 0x96, 0xB5, 0x96, 0xB5, 0x96, 0xB5, 0x96, 0xB5, 0x96, 0xB5, 0x00, 0x00, 0x00, 0x00,
    0x00, 0x00, 0x00, 0x00, 0x00, 0x00, 0x96, 0xB5, 0x96, 0xB5, 0x96, 0xB5, 0x96, 0xB5, 0x96, 0xB5,
    0x28, 0x4A, 0x28, 0x4A, 0x28, 0x4A, 0x28, 0x4A, 0x28, 0x4A, 0x28, 0x4A, 0x28, 0x4A, 0x28, 0x4A,
    0x28, 0x4A, 0x28, 0x4A, 0x96, 0xB5, 0x96, 0xB5, 0x96, 0xB5, 0x96, 0xB5, 0x96, 0xB5, 0x00, 0x00,
    0x00, 0x00, 0x00, 0x00, 0x00, 0x00, 0x00, 0x00, 0x96, 0xB5, 0x96, 0xB5, 0x96, 0xB5, 0x96, 0xB5,
    0x96, 0xB5, 0x28, 0x4A, 0x28, 0x4A, 0x28, 0x4A, 0x28, 0x4A, 0x28, 0x4A, 0x28, 0x4A, 0x28, 0x4A,
    0x28, 0x4A, 0x28, 0x4A, 0x28, 0x4A, 0x28, 0x4A, 0x28, 0x4A, 0x28, 0x4A, 0x28, 0x4A, 0x28, 0x4A,
    0x00, 0x00, 0x00, 0x00, 0x00, 0x00, 0x00, 0x00, 0x00, 0x00, 0x96, 0xB5, 0x96, 0xB5, 0x96, 0xB5,
    0x96, 0xB5, 0x96, 0xB5, 0x28, 0x4A, 0x28, 0x4A, 0x28, 0x4A, 0x28, 0x4A, 0x28, 0x4A, 0x28, 0x4A,
    0x28, 0x4A, 0x28, 0x4A, 0x28, 0x4A, 0x28, 0x4A, 0x96, 0xB5, 0x96, 0xB5, 0x96, 0xB5, 0x96, 0xB5,
    0x96, 0xB5, 0x00, 0x00, 0x00, 0x00, 0x00, 0x00, 0x00, 0x00, 0x00, 0x00, 0x7D, 0xF7, 0x7D, 0xF7,
    0x7D, 0xF7, 0x7D, 0xF7, 0x7D, 0xF7, 0x28, 0x4A, 0x28, 0x4A, 0x28, 0x4A, 0x28, 0x4A, 0x28, 0x4A,
    0x28, 0x4A, 0x28, 0x4A, 0x28, 0x4A, 0x28, 0x4A, 0x28, 0x4A, 0x28, 0x4A, 0x28, 0x4A, 0x28, 0x4A,
    0x28, 0x4A, 0x28, 0x4A, 0x00, 0x00, 0x00, 0x00, 0x00, 0x00, 0x00, 0x00, 0x00, 0x00, 0x7D, 0xF7,
    0x7D, 0xF7, 0x7D, 0xF7, 0x7D, 0xF7, 0x7D, 0xF7, 0x28, 0x4A, 0x28, 0x4A, 0x28, 0x4A, 0x28, 0x4A,
    0x28, 0x4A, 0x28, 0x4A, 0x28, 0x4A, 0x28, 0x4A, 0x28, 0x4A, 0x28, 0x4A, 0x7D, 0xF7, 0x7D, 0xF7,
    0x7D, 0xF7, 0x7D, 0xF7, 0x7D, 0xF7, 0x00, 0x00, 0x00, 0x00, 0x00, 0x00, 0x00, 0x00, 0x00, 0x00,
    0x7D, 0xF7, 0x7D, 0xF7, 0x7D, 0xF7, 0x7D, 0xF7, 0x7D, 0xF7, 0x28, 0x4A, 0x28, 0x4A, 0x28, 0x4A,
    0x28, 0x4A, 0x28, 0x4A, 0x28, 0x4A, 0x28, 0x4A, 0x28, 0x4A, 0x28, 0x4A, 0x28, 0x4A, 0x7D, 0xF7,
    0x7D, 0xF7, 0x7D, 0xF7, 0x7D, 0xF7, 0x7D, 0xF7, 0x00, 0x00, 0x00, 0x00, 0x00, 0x00, 0x00, 0x00,
    0x00, 0x00, 0x7D, 0xF7, 0x7D, 0xF7, 0x7D, 0xF7, 0x7D, 0xF7, 0x7D, 0xF7, 0x28, 0x4A, 0x28, 0x4A,
    0x28, 0x4A, 0x28, 0x4A, 0x28, 0x4A, 0x28, 0x4A, 0x28, 0x4A, 0x28, 0x4A, 0x28, 0x4A, 0x28, 0x4A,
    0x28, 0x4A, 0x28, 0x4A, 0x28, 0x4A, 0x28, 0x4A, 0x28, 0x4A, 0x96, 0xB5, 0x96, 0xB5, 0x96, 0xB5,
    0x96, 0xB5, 0x96, 0xB5, 0x28, 0x4A, 0x28, 0x4A, 0x28, 0x4A, 0x28, 0x4A, 0x28, 0x4A, 0x28, 0x4A,
    0x28, 0x4A, 0x28, 0x4A, 0x28, 0x4A, 0x28, 0x4A, 0x96, 0xB5, 0x96, 0xB5, 0x96, 0xB5, 0x96, 0xB5,
    0x96, 0xB5, 0x00, 0x00, 0x00, 0x00, 0x00, 0x00, 0x00, 0x00, 0x00, 0x00, 0x96, 0xB5, 0x96, 0xB5,
    0x96, 0xB5, 0x96, 0xB5, 0x96, 0xB5, 0x28, 0x4A, 0x28, 0x4A, 0x28, 0x4A, 0x28, 0x4A, 0x28, 0x4A,
    0x28, 0x4A, 0x28, 0x4A, 0x28, 0x4A, 0x28, 0x4A, 0x28, 0x4A, 0x96, 0xB5, 0x96, 0xB5, 0x96, 0xB5,
    0x96, 0xB5, 0x96, 0xB5, 0x00, 0x00, 0x00, 0x00, 0x00, 0x00, 0x00, 0x00, 0x00, 0x00, 0x96, 0xB5,
    0x96, 0xB5, 0x96, 0xB5, 0x96, 0xB5, 0x96, 0xB5, 0x28, 0x4A, 0x28, 0x4A, 0x28, 0x4A, 0x28, 0x4A,
    0x28, 0x4A, 0x28, 0x4A, 0x28, 0x4A, 0x28, 0x4A, 0x28, 0x4A, 0x28, 0x4A, 0x28, 0x4A, 0x28, 0x4A,
    0x28, 0x4A, 0x28, 0x4A, 0x28, 0x4A, 0x00, 0x00, 0x00, 0x00, 0x00, 0x00, 0x00, 0x00, 0x00, 0x00,
    0x96, 0xB5, 0x96, 0xB5, 0x96, 0xB5, 0x96, 0xB5, 0x96, 0xB5, 0x28, 0x4A, 0x28, 0x4A, 0x28, 0x4A,
    0x28, 0x4A, 0x28, 0x4A, 0x28, 0x4A, 0x28, 0x4A, 0x28, 0x4A, 0x28, 0x4A, 0x28, 0x4A, 0x96, 0xB5,
    0x96, 0xB5, 0x96, 0xB5, 0x96, 0xB5, 0x96, 0xB5, 0x00, 0x00, 0x00, 0x00, 0x00, 0x00, 0x00, 0x00,
    0x00, 0x00, 0x7D, 0xF7, 0x7D, 0xF7, 0x7D, 0xF7, 0x7D, 0xF7, 0x7D, 0xF7, 0x28, 0x4A, 0x28, 0x4A,
    0x28, 0x4A, 0x28, 0x4A, 0x28, 0x4A, 0x28, 0x4A, 0x28, 0x4A, 0x28, 0x4A, 0x28, 0x4A, 0x28, 0x4A,
    0x28, 0x4A, 0x28, 0x4A, 0x28, 0x4A, 0x28, 0x4A, 0x28, 0x4A, 0x00, 0x00, 0x00, 0x00, 0x00, 0x00,
    0x00, 0x00, 0x00, 0x00, 0x7D, 0xF7, 0x7D, 0xF7, 0x7D, 0xF7, 0x7D, 0xF7, 0x7D, 0xF7, 0x28, 0x4A,
    0x28, 0x4A, 0x28, 0x4A, 0x28, 0x4A, 0x28, 0x4A, 0x28, 0x4A, 0x28, 0x4A, 0x28, 0x4A, 0x28, 0x4A,
    0x28, 0x4A, 0x7D, 0xF7, 0x7D, 0xF7, 0x7D, 0xF7, 0x7D, 0xF7, 0x7D, 0xF7, 0x00, 0x00, 0x00, 0x00,
    0x00, 0x00, 0x00, 0x00, 0x00, 0x00, 0x7D, 0xF7, 0x7D, 0xF7, 0x7D, 0xF7, 0x7D, 0xF7, 0x7D, 0xF7,
    0x28, 0x4A, 0x28, 0x4A, 0x28, 0x4A, 0x28, 0x4A, 0x28, 0x4A, 0x28, 0x4A, 0x28, 0x4A, 0x28, 0x4A,
    0x28, 0x4A, 0x28, 0x4A, 0x7D, 0xF7, 0x7D, 0xF7, 0x7D, 0xF7, 0x7D, 0xF7, 0x7D, 0xF7, 0x00, 0x00,
    0x00, 0x00, 0x00, 0x00, 0x00, 0x00, 0x00, 0x00, 0x7D, 0xF7, 0x7D, 0xF7, 0x7D, 0xF7, 0x7D, 0xF7,
    0x7D, 0xF7, 0x28, 0x4A, 0x28, 0x4A, 0x28, 0x4A, 0x28, 0x4A, 0x28, 0x4A, 0x28, 0x4A, 0x28, 0x4A,
    0x28, 0x4A, 0x28, 0x4A, 0x28, 0x4A, 0x28, 0x4A, 0x28, 0x4A, 0x28, 0x4A, 0x28, 0x4A, 0x28, 0x4A,
    0x96, 0xB5, 0x96, 0xB5, 0x96, 0xB5, 0x96, 0xB5, 0x96, 0xB5, 0x28, 0x4A, 0x28, 0x4A, 0x28, 0x4A,
    0x28, 0x4A, 0x28, 0x4A, 0x28, 0x4A, 0x28, 0x4A, 0x28, 0x4A, 0x28, 0x4A, 0x28, 0x4A, 0x96, 0xB5,
    0x96, 0xB5, 0x96, 0xB5, 0x96, 0xB5, 0x96, 0xB5, 0x00, 0x00, 0x00, 0x00, 0x00, 0x00, 0x00, 0x00,
    0x00, 0x00, 0x96, 0xB5, 0x96, 0xB5, 0x96, 0xB5, 0x96, 0xB5, 0x96, 0xB5, 0x28, 0x4A, 0x28, 0x4A,
    0x28, 0x4A, 0x28, 0x4A, 0x28, 0x4A, 0x28, 0x4A, 0x28, 0x4A, 0x28, 0x4A, 0x28, 0x4A, 0x28, 0x4A,
    0x96, 0xB5, 0x96, 0xB5, 0x96, 0xB5, 0x96, 0xB5, 0x96, 0xB5, 0x00, 0x00, 0x00, 0x00, 0x00, 0x00,
    0x00, 0x00, 0x00, 0x00, 0x96, 0xB5, 0x96, 0xB5, 0x96, 0xB5, 0x96, 0xB5, 0x96, 0xB5, 0x28, 0x4A,
    0x28, 0x4A, 0x28, 0x4A, 0x28, 0x4A, 0x28, 0x4A, 0x28, 0x4A, 0x28, 0x4A, 0x28, 0x4A, 0x28, 0x4A,
    0x28, 0x4A, 0x28, 0x4A, 0x28, 0x4A, 0x28, 0x4A, 0x28, 0x4A, 0x28, 0x4A, 0x00, 0x00, 0x00, 0x00,
    0x00, 0x00, 0x00, 0x00, 0x00, 0x00, 0x96, 0xB5, 0x96, 0xB5, 0x96, 0xB5, 0x96, 0xB5, 0x96, 0xB5,
    0x28, 0x4A, 0x28, 0x4A, 0x28, 0x4A, 0x28, 0x4A, 0x28, 0x4A, 0x28, 0x4A, 0x28, 0x4A, 0x28, 0x4A,
    0x28, 0x4A, 0x28, 0x4A, 0x96, 0xB5, 0x96, 0xB5, 0x96, 0xB5, 0x96, 0xB5, 0x96, 0xB5, 0x00, 0x00,
    0x00, 0x00, 0x00, 0x00, 0x00, 0x00, 0x00, 0x00, 0x7D, 0xF7, 0x7D, 0xF7, 0x7D, 0xF7, 0x7D, 0xF7,
    0x7D, 0xF7, 0x28, 0x4A, 0x28, 0x4A, 0x28, 0x4A, 0x28, 0x4A, 0x28, 0x4A, 0x28, 0x4A, 0x28, 0x4A,
    0x28, 0x4A, 0x28, 0x4A, 0x28, 0x4A, 0x28, 0x4A, 0x28, 0x4A, 0x28, 0x4A, 0x28, 0x4A, 0x28, 0x4A,
    0x00, 0x00, 0x00, 0x00, 0x00, 0x00, 0x00, 0x00, 0x00, 0x00, 0x7D, 0xF7, 0x7D, 0xF7, 0x7D, 0xF7,
    0x7D, 0xF7, 0x7D, 0xF7, 0x28, 0x4A, 0x28, 0x4A, 0x28, 0x4A, 0x28, 0x4A, 0x28, 0x4A, 0x28, 0x4A,
    0x28, 0x4A, 0x28, 0x4A, 0x28, 0x4A, 0x28, 0x4A, 0x7D, 0xF7, 0x7D, 0xF7, 0x7D, 0xF7, 0x7D, 0xF7,
    0x7D, 0xF7, 0x00, 0x00, 0x00, 0x00, 0x00, 0x00, 0x00, 0x00, 0x00, 0x00, 0x7D, 0xF7, 0x7D, 0xF7,
    0x7D, 0xF7, 0x7D, 0xF7, 0x7D, 0xF7, 0x28, 0x4A, 0x28, 0x4A, 0x28, 0x4A, 0x28, 0x4A, 0x28, 0x4A,
    0x28, 0x4A, 0x28, 0x4A, 0x28, 0x4A, 0x28, 0x4A, 0x28, 0x4A, 0x7D, 0xF7, 0x7D, 0xF7, 0x7D, 0xF7,
    0x7D, 0xF7, 0x7D, 0xF7, 0x00, 0x00, 0x00, 0x00, 0x00, 0x00, 0x00, 0x00, 0x00, 0x00, 0x7D, 0xF7,
    0x7D, 0xF7, 0x7D, 0xF7, 0x7D, 0xF7, 0x7D, 0xF7, 0x28, 0x4A, 0x28, 0x4A, 0x28, 0x4A, 0x28, 0x4A,
    0x28, 0x4A, 0x28, 0x4A, 0x28, 0x4A, 0x28, 0x4A, 0x28, 0x4A, 0x28, 0x4A, 0x28, 0x4A, 0x28, 0x4A,
    0x28, 0x4A, 0x28, 0x4A, 0x28, 0x4A, 0x96, 0xB5, 0x96, 0xB5, 0x96, 0xB5, 0x96, 0xB5, 0x96, 0xB5,
    0x96, 0xB5, 0x96, 0xB5, 0x96, 0xB5, 0x96, 0xB5, 0x96, 0xB5, 0x96, 0xB5, 0x96, 0xB5, 0x96, 0xB5,
    0x96, 0xB5, 0x96, 0xB5, 0x96, 0xB5, 0x96, 0xB5, 0x96, 0xB5, 0x96, 0xB5, 0x96, 0xB5, 0x00, 0x00,
    0x00, 0x00, 0x00, 0x00, 0x00, 0x00, 0x00, 0x00, 0x96, 0xB5, 0x96, 0xB5, 0x96, 0xB5, 0x96, 0xB5,
    0x96, 0xB5, 0x96, 0xB5, 0x96, 0xB5, 0x96, 0xB5, 0x96, 0xB5, 0x96, 0xB5, 0x96, 0xB5, 0x96, 0xB5,
    0x96, 0xB5, 0x96, 0xB5, 0x96, 0xB5, 0x96, 0xB5, 0x96, 0xB5, 0x96, 0xB5, 0x96, 0xB5, 0x96, 0xB5,
    0x00, 0x00, 0x00, 0x00, 0x00, 0x00, 0x00, 0x00, 0x00, 0x00, 0x96, 0xB5, 0x96, 0xB5, 0x96, 0xB5,
    0x96, 0xB5, 0x96, 0xB5, 0x96, 0xB5, 0x96, 0xB5, 0x96, 0xB5, 0x96, 0xB5, 0x96, 0xB5, 0x96, 0xB5,
    0x96, 0xB5, 0x96, 0xB5, 0x96, 0xB5, 0x96, 0xB5, 0x96, 0xB5, 0x96, 0xB5, 0x96, 0xB5, 0x96, 0xB5,
    0x96, 0xB5, 0x00, 0x00, 0x00, 0x00, 0x00, 0x00, 0x00, 0x00, 0x00, 0x00, 0x96, 0xB5, 0x96, 0xB5,
    0x96, 0xB5, 0x96, 0xB5, 0x96, 0xB5, 0x28, 0x4A, 0x28, 0x4A, 0x28, 0x4A, 0x28, 0x4A, 0x28, 0x4A,
    0x28, 0x4A, 0x28, 0x4A, 0x28, 0x4A, 0x28, 0x4A, 0x28, 0x4A, 0x96, 0xB5, 0x96, 0xB5, 0x96, 0xB5,
    0x96, 0xB5, 0x96, 0xB5, 0x00, 0x00, 0x00, 0x00, 0x00, 0x00, 0x00, 0x00, 0x00, 0x00, 0x7D, 0xF7,
    0x7D, 0xF7, 0x7D, 0xF7, 0x7D, 0xF7, 0x7D, 0xF7, 0x7D, 0xF7, 0x7D, 0xF7, 0x7D, 0xF7, 0x7D, 0xF7,
    0x7D, 0xF7, 0x7D, 0xF7, 0x7D, 0xF7, 0x7D, 0xF7, 0x7D, 0xF7, 0x7D, 0xF7, 0x7D, 0xF7, 0x7D, 0xF7,
    0x7D, 0xF7, 0x7D, 0xF7, 0x7D, 0xF7, 0x00, 0x00, 0x00, 0x00, 0x00, 0x00, 0x00, 0x00, 0x00, 0x00,
    0x7D, 0xF7, 0x7D, 0xF7, 0x7D, 0xF7, 0x7D, 0xF7, 0x7D, 0xF7, 0x7D, 0xF7, 0x7D, 0xF7, 0x7D, 0xF7,
    0x7D, 0xF7, 0x7D, 0xF7, 0x7D, 0xF7, 0x7D, 0xF7, 0x7D, 0xF7, 0x7D, 0xF7, 0x7D, 0xF7, 0x7D, 0xF7,
    0x7D, 0xF7, 0x7D, 0xF7, 0x7D, 0xF7, 0x7D, 0xF7, 0x00, 0x00, 0x00, 0x00, 0x00, 0x00, 0x00, 0x00,
    0x00, 0x00, 0x7D, 0xF7, 0x7D, 0xF7, 0x7D, 0xF7, 0x7D, 0xF7, 0x7D, 0xF7, 0x7D, 0xF7, 0x7D, 0xF7,
    0x7D, 0xF7, 0x7D, 0xF7, 0x7D, 0xF7, 0x7D, 0xF7, 0x7D, 0xF7, 0x7D, 0xF7, 0x7D, 0xF7, 0x7D, 0xF7,
    0x7D, 0xF7, 0x7D, 0xF7, 0x7D, 0xF7, 0x7D, 0xF7, 0x7D, 0xF7, 0x00, 0x00, 0x00, 0x00, 0x00, 0x00,
    0x00, 0x00, 0x00, 0x00, 0x7D, 0xF7, 0x7D, 0xF7, 0x7D, 0xF7, 0x7D, 0xF7, 0x7D, 0xF7, 0x7D, 0xF7,
    0x7D, 0xF7, 0x7D, 0xF7, 0x7D, 0xF7, 0x7D, 0xF7, 0x7D, 0xF7, 0x7D, 0xF7, 0x7D, 0xF7, 0x7D, 0xF7,
    0x7D, 0xF7, 0x7D, 0xF7, 0x7D, 0xF7, 0x7D, 0xF7, 0x7D, 0xF7, 0x7D, 0xF7, 0x96, 0xB5, 0x96, 0xB5,
    0x96, 0xB5, 0x96, 0xB5, 0x96, 0xB5, 0x96, 0xB5, 0x96, 0xB5, 0x96, 0xB5, 0x96, 0xB5, 0x96, 0xB5,
    0x96, 0xB5, 0x96, 0xB5, 0x96, 0xB5, 0x96, 0xB5, 0x96, 0xB5, 0x96, 0xB5, 0x96, 0xB5, 0x96, 0xB5,
    0x96, 0xB5, 0x96, 0xB5, 0x00, 0x00, 0x00, 0x00, 0x00, 0x00, 0x00, 0x00, 0x00, 0x00, 0x96, 0xB5,
    0x96, 0xB5, 0x96, 0xB5, 0x96, 0xB5, 0x96, 0xB5, 0x96, 0xB5, 0x96, 0xB5, 0x96, 0xB5, 0x96, 0xB5,
    0x96, 0xB5, 0x96, 0xB5, 0x96, 0xB5, 0x96, 0xB5, 0x96, 0xB5, 0x96, 0xB5, 0x96, 0xB5, 0x96, 0xB5,
    0x96, 0xB5, 0x96, 0xB5, 0x96, 0xB5, 0x00, 0x00, 0x00, 0x00, 0x00, 0x00, 0x00, 0x00, 0x00, 0x00,
    0x96, 0xB5, 0x96, 0xB5, 0x96, 0xB5, 0x96, 0xB5, 0x96, 0xB5, 0x96, 0xB5, 0x96, 0xB5, 0x96, 0xB5,
    0x96, 0xB5, 0x96, 0xB5, 0x96, 0xB5, 0x96, 0xB5, 0x96, 0xB5, 0x96, 0xB5, 0x96, 0xB5, 0x96, 0xB5,
    0x96, 0xB5, 0x96, 0xB5, 0x96, 0xB5, 0x96, 0xB5, 0x00, 0x00, 0x00, 0x00, 0x00, 0x00, 0x00, 0x00,
    0x00, 0x00, 0x96, 0xB5, 0x96, 0xB5, 0x96, 0xB5, 0x96, 0xB5, 0x96, 0xB5, 0x28, 0x4A, 0x28, 0x4A,
    0x28, 0x4A, 0x28, 0x4A, 0x28, 0x4A, 0x28, 0x4A, 0x28, 0x4A, 0x28, 0x4A, 0x28, 0x4A, 0x28, 0x4A,
    0x96, 0xB5, 0x96, 0xB5, 0x96, 0xB5, 0x96, 0xB5, 0x96, 0xB5, 0x00, 0x00, 0x00, 0x00, 0x00, 0x00,
    0x00, 0x00, 0x00, 0x00, 0x7D, 0xF7, 0x7D, 0xF7, 0x7D, 0xF7, 0x7D, 0xF7, 0x7D, 0xF7, 0x7D, 0xF7,
    0x7D, 0xF7, 0x7D, 0xF7, 0x7D, 0xF7, 0x7D, 0xF7, 0x7D, 0xF7, 0x7D, 0xF7, 0x7D, 0xF7, 0x7D, 0xF7,
    0x7D, 0xF7, 0x7D, 0xF7, 0x7D, 0xF7, 0x7D, 0xF7, 0x7D, 0xF7, 0x7D, 0xF7, 0x00, 0x00, 0x00, 0x00,
    0x00, 0x00, 0x00, 0x00, 0x00, 0x00, 0x7D, 0xF7, 0x7D, 0xF7, 0x7D, 0xF7, 0x7D, 0xF7, 0x7D, 0xF7,
    0x7D, 0xF7, 0x7D, 0xF7, 0x7D, 0xF7, 0x7D, 0xF7, 0x7D, 0xF7, 0x7D, 0xF7, 0x7D, 0xF7, 0x7D, 0xF7,
    0x7D, 0xF7, 0x7D, 0xF7, 0x7D, 0xF7, 0x7D, 0xF7, 0x7D, 0xF7, 0x7D, 0xF7, 0x7D, 0xF7, 0x00, 0x00,
    0x00, 0x00, 0x00, 0x00, 0x00, 0x00, 0x00, 0x00, 0x7D, 0xF7, 0x7D, 0xF7, 0x7D, 0xF7, 0x7D, 0xF7,
    0x7D, 0xF7, 0x7D, 0xF7, 0x7D, 0xF7, 0x7D, 0xF7, 0x7D, 0xF7, 0x7D, 0xF7, 0x7D, 0xF7, 0x7D, 0xF7,
    0x7D, 0xF7, 0x7D, 0xF7, 0x7D, 0xF7, 0x7D, 0xF7, 0x7D, 0xF7, 0x7D, 0xF7, 0x7D, 0xF7, 0x7D, 0xF7,
    0x00, 0x00, 0x00, 0x00, 0x00, 0x00, 0x00, 0x00, 0x00, 0x00, 0x7D, 0xF7, 0x7D, 0xF7, 0x7D, 0xF7,
    0x7D, 0xF7, 0x7D, 0xF7, 0x7D, 0xF7, 0x7D, 0xF7, 0x7D, 0xF7, 0x7D, 0xF7, 0x7D, 0xF7, 0x7D, 0xF7,
    0x7D, 0xF7, 0x7D, 0xF7, 0x7D, 0xF7, 0x7D, 0xF7, 0x7D, 0xF7, 0x7D, 0xF7, 0x7D, 0xF7, 0x7D, 0xF7,
    0x7D, 0xF7, 0x96, 0xB5, 0x96, 0xB5, 0x96, 0xB5, 0x96, 0xB5, 0x96, 0xB5, 0x96, 0xB5, 0x96, 0xB5,
    0x96, 0xB5, 0x96, 0xB5, 0x96, 0xB5, 0x96, 0xB5, 0x96, 0xB5, 0x96, 0xB5, 0x96, 0xB5, 0x96, 0xB5,
    0x96, 0xB5, 0x96, 0xB5, 0x96, 0xB5, 0x96, 0xB5, 0x96, 0xB5, 0x00, 0x00, 0x00, 0x00, 0x00, 0x00,
    0x00, 0x00, 0x00, 0x00, 0x96, 0xB5, 0x96, 0xB5, 0x96, 0xB5, 0x96, 0xB5, 0x96, 0xB5, 0x96, 0xB5,
    0x96, 0xB5, 0x96, 0xB5, 0x96, 0xB5, 0x96, 0xB5, 0x96, 0xB5, 0x96, 0xB5, 0x96, 0xB5, 0x96, 0xB5,
    0x96, 0xB5, 0x96, 0xB5, 0x96, 0xB5, 0x96, 0xB5, 0x96, 0xB5, 0x96, 0xB5, 0x00, 0x00, 0x00, 0x00,
    0x00, 0x00, 0x00, 0x00, 0x00, 0x00, 0x96, 0xB5, 0x96, 0xB5, 0x96, 0xB5, 0x96, 0xB5, 0x96, 0xB5,
    0x96, 0xB5, 0x96, 0xB5, 0x96, 0xB5, 0x96, 0xB5, 0x96, 0xB5, 0x96, 0xB5, 0x96, 0xB5, 0x96, 0xB5,
    0x96, 0xB5, 0x96, 0xB5, 0x96, 0xB5, 0x96, 0xB5, 0x96, 0xB5, 0x96, 0xB5, 0x96, 0xB5, 0x00, 0x00,
    0x00, 0x00, 0x00, 0x00, 0x00, 0x00, 0x00, 0x00, 0x96, 0xB5, 0x96, 0xB5, 0x96, 0xB5, 0x96, 0xB5,
    0x96, 0xB5, 0x28, 0x4A, 0x28, 0x4A, 0x28, 0x4A, 0x28, 0x4A, 0x28, 0x4A, 0x28, 0x4A, 0x28, 0x4A,
    0x28, 0x4A, 0x28, 0x4A, 0x28, 0x4A, 0x96, 0xB5, 0x96, 0xB5, 0x96, 0xB5, 0x96, 0xB5, 0x96, 0xB5,
    0x00, 0x00, 0x00, 0x00, 0x00, 0x00, 0x00, 0x00, 0x00, 0x00, 0x7D, 0xF7, 0x7D, 0xF7, 0x7D, 0xF7,
    0x7D, 0xF7, 0x7D, 0xF7, 0x7D, 0xF7, 0x7D, 0xF7, 0x7D, 0xF7, 0x7D, 0xF7, 0x7D, 0xF7, 0x7D, 0xF7,
    0x7D, 0xF7, 0x7D, 0xF7, 0x7D, 0xF7, 0x7D, 0xF7, 0x7D, 0xF7, 0x7D, 0xF7, 0x7D, 0xF7, 0x7D, 0xF7,
    0x7D, 0xF7, 0x00, 0x00, 0x00, 0x00, 0x00, 0x00, 0x00, 0x00, 0x00, 0x00, 0x7D, 0xF7, 0x7D, 0xF7,
    0x7D, 0xF7, 0x7D, 0xF7, 0x7D, 0xF7, 0x7D, 0xF7, 0x7D, 0xF7, 0x7D, 0xF7, 0x7D, 0xF7, 0x7D, 0xF7,
    0x7D, 0xF7, 0x7D, 0xF7, 0x7D, 0xF7, 0x7D, 0xF7, 0x7D, 0xF7, 0x7D, 0xF7, 0x7D, 0xF7, 0x7D, 0xF7,
    0x7D, 0xF7, 0x7D, 0xF7, 0x00, 0x00, 0x00, 0x00, 0x00, 0x00, 0x00, 0x00, 0x00, 0x00, 0x7D, 0xF7,
    0x7D, 0xF7, 0x7D, 0xF7, 0x7D, 0xF7, 0x7D, 0xF7, 0x7D, 0xF7, 0x7D, 0xF7, 0x7D, 0xF7, 0x7D, 0xF7,
    0x7D, 0xF7, 0x7D, 0xF7, 0x7D, 0xF7, 0x7D, 0xF7, 0x7D, 0xF7, 0x7D, 0xF7, 0x7D, 0xF7, 0x7D, 0xF7,
    0x7D, 0xF7, 0x7D, 0xF7, 0x7D, 0xF7, 0x00, 0x00, 0x00, 0x00, 0x00, 0x00, 0x00, 0x00, 0x00, 0x00,
    0x7D, 0xF7, 0x7D, 0xF7, 0x7D, 0xF7, 0x7D, 0xF7, 0x7D, 0xF7, 0x7D, 0xF7, 0x7D, 0xF7, 0x7D, 0xF7,
    0x7D, 0xF7, 0x7D, 0xF7, 0x7D, 0xF7, 0x7D, 0xF7, 0x7D, 0xF7, 0x7D, 0xF7, 0x7D, 0xF7, 0x7D, 0xF7,
    0x7D, 0xF7, 0x7D, 0xF7, 0x7D, 0xF7, 0x7D, 0xF7, 0x96, 0xB5, 0x96, 0xB5, 0x96, 0xB5, 0x96, 0xB5,
    0x96, 0xB5, 0x96, 0xB5, 0x96, 0xB5, 0x96, 0xB5, 0x96, 0xB5, 0x96, 0xB5, 0x96, 0xB5, 0x96, 0xB5,
    0x96, 0xB5, 0x96, 0xB5, 0x96, 0xB5, 0x96, 0xB5, 0x96, 0xB5, 0x96, 0xB5, 0x96, 0xB5, 0x96, 0xB5,
    0x00, 0x00, 0x00, 0x00, 0x00, 0x00, 0x00, 0x00, 0x00, 0x00, 0x96, 0xB5, 0x96, 0xB5, 0x96, 0xB5,
    0x96, 0xB5, 0x96, 0xB5, 0x96, 0xB5, 0x96, 0xB5, 0x96, 0xB5, 0x96, 0xB5, 0x96, 0xB5, 0x96, 0xB5,
    0x96, 0xB5, 0x96, 0xB5, 0x96, 0xB5, 0x96, 0xB5, 0x96, 0xB5, 0x96, 0xB5, 0x96, 0xB5, 0x96, 0xB5,
    0x96, 0xB5, 0x00, 0x00, 0x00, 0x00, 0x00, 0x00, 0x00, 0x00, 0x00, 0x00, 0x96, 0xB5, 0x96, 0xB5,
    0x96, 0xB5, 0x96, 0xB5, 0x96, 0xB5, 0x96, 0xB5, 0x96, 0xB5, 0x96, 0xB5, 0x96, 0xB5, 0x96, 0xB5,
    0x96, 0xB5, 0x96, 0xB5, 0x96, 0xB5, 0x96, 0xB5, 0x96, 0xB5, 0x96, 0xB5, 0x96, 0xB5, 0x96, 0xB5,
    0x96, 0xB5, 0x96, 0xB5, 0x00, 0x00, 0x00, 0x00, 0x00, 0x00, 0x00, 0x00, 0x00, 0x00, 0x96, 0xB5,
    0x96, 0xB5, 0x96, 0xB5, 0x96, 0xB5, 0x96, 0xB5, 0x28, 0x4A, 0x28, 0x4A, 0x28, 0x4A, 0x28, 0x4A,
    0x28, 0x4A, 0x28, 0x4A, 0x28, 0x4A, 0x28, 0x4A, 0x28, 0x4A, 0x28, 0x4A, 0x96, 0xB5, 0x96, 0xB5,
    0x96, 0xB5, 0x96, 0xB5, 0x96, 0xB5, 0x00, 0x00, 0x00, 0x00, 0x00, 0x00, 0x00, 0x00, 0x00, 0x00,
    0x7D, 0xF7, 0x7D, 0xF7, 0x7D, 0xF7, 0x7D, 0xF7, 0x7D, 0xF7, 0x7D, 0xF7, 0x7D, 0xF7, 0x7D, 0xF7,
    0x7D, 0xF7, 0x7D, 0xF7, 0x7D, 0xF7, 0x7D, 0xF7, 0x7D, 0xF7, 0x7D, 0xF7, 0x7D, 0xF7, 0x7D, 0xF7,
    0x7D, 0xF7, 0x7D, 0xF7, 0x7D, 0xF7, 0x7D, 0xF7, 0x00, 0x00, 0x00, 0x00, 0x00, 0x00, 0x00, 0x00,
    0x00, 0x00, 0x7D, 0xF7, 0x7D, 0xF7, 0x7D, 0xF7, 0x7D, 0xF7, 0x7D, 0xF7, 0x7D, 0xF7, 0x7D, 0xF7,
    0x7D, 0xF7, 0x7D, 0xF7, 0x7D, 0xF7, 0x7D, 0xF7, 0x7D, 0xF7, 0x7D, 0xF7, 0x7D, 0xF7, 0x7D, 0xF7,
    0x7D, 0xF7, 0x7D, 0xF7, 0x7D, 0xF7, 0x7D, 0xF7, 0x7D, 0xF7, 0x00, 0x00, 0x00, 0x00, 0x00, 0x00,
    0x00, 0x00, 0x00, 0x00, 0x7D, 0xF7, 0x7D, 0xF7, 0x7D, 0xF7, 0x7D, 0xF7, 0x7D, 0xF7, 0x7D, 0xF7,
    0x7D, 0xF7, 0x7D, 0xF7, 0x7D, 0xF7, 0x7D, 0xF7, 0x7D, 0xF7, 0x7D, 0xF7, 0x7D, 0xF7, 0x7D, 0xF7,
    0x7D, 0xF7, 0x7D, 0xF7, 0x7D, 0xF7, 0x7D, 0xF7, 0x7D, 0xF7, 0x7D, 0xF7, 0x00, 0x00, 0x00, 0x00,
    0x00, 0x00, 0x00, 0x00, 0x00, 0x00, 0x7D, 0xF7, 0x7D, 0xF7, 0x7D, 0xF7, 0x7D, 0xF7, 0x7D, 0xF7,
    0x7D, 0xF7, 0x7D, 0xF7, 0x7D, 0xF7, 0x7D, 0xF7, 0x7D, 0xF7, 0x7D, 0xF7, 0x7D, 0xF7, 0x7D, 0xF7,
    0x7D, 0xF7, 0x7D, 0xF7, 0x7D, 0xF7, 0x7D, 0xF7, 0x7D, 0xF7, 0x7D, 0xF7, 0x7D, 0xF7, 0x96, 0xB5,
    0x96, 0xB5, 0x96, 0xB5, 0x96, 0xB5, 0x96, 0xB5, 0x96, 0xB5, 0x96, 0xB5, 0x96, 0xB5, 0x96, 0xB5,
    0x96, 0xB5, 0x96, 0xB5, 0x96, 0xB5, 0x96, 0xB5, 0x96, 0xB5, 0x96, 0xB5, 0x96, 0xB5, 0x96, 0xB5,
    0x96, 0xB5, 0x96, 0xB5, 0x96, 0xB5, 0x00, 0x00, 0x00, 0x00, 0x00, 0x00, 0x00, 0x00, 0x00, 0x00,
    0x96, 0xB5, 0x96, 0xB5, 0x96, 0xB5, 0x96, 0xB5, 0x96, 0xB5, 0x96, 0xB5, 0x96, 0xB5, 0x96, 0xB5,
    0x96, 0xB5, 0x96, 0xB5, 0x96, 0xB5, 0x96, 0xB5, 0x96, 0xB5, 0x96, 0xB5, 0x96, 0xB5, 0x96, 0xB5,
    0x96, 0xB5, 0x96, 0xB5, 0x96, 0xB5, 0x96, 0xB5, 0x00, 0x00, 0x00, 0x00, 0x00, 0x00, 0x00, 0x00,
    0x00, 0x00, 0x96, 0xB5, 0x96, 0xB5, 0x96, 0xB5, 0x96, 0xB5, 0x96, 0xB5, 0x96, 0xB5, 0x96, 0xB5,
    0x96, 0xB5, 0x96, 0xB5, 0x96, 0xB5, 0x96, 0xB5, 0x96, 0xB5, 0x96, 0xB5, 0x96, 0xB5, 0x96, 0xB5,
    0x96, 0xB5, 0x96, 0xB5, 0x96, 0xB5, 0x96, 0xB5, 0x96, 0xB5, 0x00, 0x00, 0x00, 0x00, 0x00, 0x00,
    0x00, 0x00, 0x00, 0x00, 0x96, 0xB5, 0x96, 0xB5, 0x96, 0xB5, 0x96, 0xB5, 0x96, 0xB5, 0x28, 0x4A,
    0x28, 0x4A, 0x28, 0x4A, 0x28, 0x4A, 0x28, 0x4A, 0x28, 0x4A, 0x28, 0x4A, 0x28, 0x4A, 0x28, 0x4A,
    0x28, 0x4A, 0x96, 0xB5, 0x96, 0xB5, 0x96, 0xB5, 0x96, 0xB5, 0x96, 0xB5, 0x00, 0x00, 0x00, 0x00,
    0x00, 0x00, 0x00, 0x00, 0x00, 0x00, 0x7D, 0xF7, 0x7D, 0xF7, 0x7D, 0xF7, 0x7D, 0xF7, 0x7D, 0xF7,
    0x7D, 0xF7, 0x7D, 0xF7, 0x7D, 0xF7, 0x7D, 0xF7, 0x7D, 0xF7, 0x7D, 0xF7, 0x7D, 0xF7, 0x7D, 0xF7,
    0x7D, 0xF7, 0x7D, 0xF7, 0x7D, 0xF7, 0x7D, 0xF7, 0x7D, 0xF7, 0x7D, 0xF7, 0x7D, 0xF7, 0x00, 0x00,
    0x00, 0x00, 0x00, 0x00, 0x00, 0x00, 0x00, 0x00, 0x7D, 0xF7, 0x7D, 0xF7, 0x7D, 0xF7, 0x7D, 0xF7,
    0x7D, 0xF7, 0x7D, 0xF7, 0x7D, 0xF7, 0x7D, 0xF7, 0x7D, 0xF7, 0x7D, 0xF7, 0x7D, 0xF7, 0x7D, 0xF7,
    0x7D, 0xF7, 0x7D, 0xF7, 0x7D, 0xF7, 0x7D, 0xF7, 0x7D, 0xF7, 0x7D, 0xF7, 0x7D, 0xF7, 0x7D, 0xF7,
    0x00, 0x00, 0x00, 0x00, 0x00, 0x00, 0x00, 0x00, 0x00, 0x00, 0x7D, 0xF7, 0x7D, 0xF7, 0x7D, 0xF7,
    0x7D, 0xF7, 0x7D, 0xF7, 0x7D, 0xF7, 0x7D, 0xF7, 0x7D, 0xF7, 0x7D, 0xF7, 0x7D, 0xF7, 0x7D, 0xF7,
    0x7D, 0xF7, 0x7D, 0xF7, 0x7D, 0xF7, 0x7D, 0xF7, 0x7D, 0xF7, 0x7D, 0xF7, 0x7D, 0xF7, 0x7D, 0xF7,
    0x7D, 0xF7, 0x00, 0x00, 0x00, 0x00, 0x00, 0x00, 0x00, 0x00, 0x00, 0x00, 0x7D, 0xF7, 0x7D, 0xF7,
    0x7D, 0xF7, 0x7D, 0xF7, 0x7D, 0xF7, 0x7D, 0xF7, 0x7D, 0xF7, 0x7D, 0xF7, 0x7D, 0xF7, 0x7D, 0xF7,
    0x7D, 0xF7, 0x7D, 0xF7, 0x7D, 0xF7, 0x7D, 0xF7, 0x7D, 0xF7, 0x7D, 0xF7, 0x7D, 0xF7, 0x7D, 0xF7,
    0x7D, 0xF7, 0x7D, 0xF7, 0x00, 0x00, 0x00, 0x00, 0x00, 0x00, 0x00, 0x00, 0x00, 0x00, 0x00, 0x00,
    0x00, 0x00, 0x00, 0x00, 0x00, 0x00, 0x00, 0x00, 0x00, 0x00, 0x00, 0x00, 0x00, 0x00, 0x00, 0x00,
    0x00, 0x00, 0x00, 0x00, 0x00, 0x00, 0x00, 0x00, 0x00, 0x00, 0x00, 0x00, 0x00, 0x00, 0x00, 0x00,
    0x00, 0x00, 0x00, 0x00, 0x00, 0x00, 0x96, 0xB5, 0x96, 0xB5, 0x96, 0xB5, 0x96, 0xB5, 0x96, 0xB5,
    0x00, 0x00, 0x00, 0x00, 0x00, 0x00, 0x00, 0x00, 0x00, 0x00, 0x00, 0x00, 0x00, 0x00, 0x00, 0x00,
    0x00, 0x00, 0x00, 0x00, 0x00, 0x00, 0x00, 0x00, 0x00, 0x00, 0x00, 0x00, 0x00, 0x00, 0x00, 0x00,
    0x00, 0x00, 0x00, 0x00, 0x00, 0x00, 0x00, 0x00, 0x00, 0x00, 0x00, 0x00, 0x00, 0x00, 0x00, 0x00,
    0x00, 0x00, 0x00, 0x00, 0x00, 0x00, 0x00, 0x00, 0x00, 0x00, 0x00, 0x00, 0x00, 0x00, 0x00, 0x00,
    0x00, 0x00, 0x00, 0x00, 0x00, 0x00, 0x00, 0x00, 0x00, 0x00, 0x00, 0x00, 0x00, 0x00, 0x00, 0x00,
    0x00, 0x00, 0x00, 0x00, 0x00, 0x00, 0x00, 0x00, 0x00, 0x00, 0x00, 0x00, 0x00, 0x00, 0x00, 0x00,
    0x00, 0x00, 0x00, 0x00, 0x00, 0x00, 0x00, 0x00, 0x00, 0x00, 0x00, 0x00, 0x00, 0x00, 0x00, 0x00,
    0x00, 0x00, 0x00, 0x00, 0x00, 0x00, 0x00, 0x00, 0x00, 0x00, 0x00, 0x00, 0x00, 0x00, 0x00, 0x00,
    0x00, 0x00, 0x00, 0x00, 0x00, 0x00, 0x00, 0x00, 0x00, 0x00, 0x00, 0x00, 0x00, 0x00, 0x00, 0x00,
    0x00, 0x00, 0x00, 0x00, 0x00, 0x00, 0x00, 0x00, 0x00, 0x00, 0x00, 0x00, 0x00, 0x00, 0x00, 0x00,
    0x00, 0x00, 0x00, 0x00, 0x00, 0x00, 0x00, 0x00, 0x00, 0x00, 0x00, 0x00, 0x00, 0x00, 0x00, 0x00,
    0x00, 0x00, 0x00, 0x00, 0x00, 0x00, 0x00, 0x00, 0x00, 0x00, 0x00, 0x00, 0x00, 0x00, 0x00, 0x00,
    0x00, 0x00, 0x00, 0x00, 0x00, 0x00, 0x00, 0x00, 0x00, 0x00, 0x00, 0x00, 0x00, 0x00, 0x00, 0x00,
    0x00, 0x00, 0x00, 0x00, 0x00, 0x00, 0x00, 0x00, 0x00, 0x00, 0x00, 0x00, 0x00, 0x00, 0x00, 0x00,
    0x00, 0x00, 0x00, 0x00, 0x00, 0x00, 0x00, 0x00, 0x00, 0x00, 0x00, 0x00, 0x00, 0x00, 0x00, 0x00,
    0x00, 0x00, 0x00, 0x00, 0x00, 0x00, 0x00, 0x00, 0x00, 0x00, 0x00, 0x00, 0x00, 0x00, 0x00, 0x00,
    0x00, 0x00, 0x00, 0x00, 0x00, 0x00, 0x00, 0x00, 0x00, 0x00, 0x00, 0x00, 0x00, 0x00, 0x00, 0x00,
    0x00, 0x00, 0x00, 0x00, 0x00, 0x00, 0x00, 0x00, 0x00, 0x00, 0x00, 0x00, 0x00, 0x00, 0x00, 0x00,
    0x00, 0x00, 0x00, 0x00, 0x00, 0x00, 0x00, 0x00, 0x00, 0x00, 0x00, 0x00, 0x00, 0x00, 0x00, 0x00,
    0x00, 0x00, 0x00, 0x00, 0x00, 0x00, 0x00, 0x00, 0x00, 0x00, 0x00, 0x00, 0x00, 0x00, 0x00, 0x00,
    0x00, 0x00, 0x00, 0x00, 0x00, 0x00, 0x00, 0x00, 0x00, 0x00, 0x00, 0x00, 0x00, 0x00, 0x00, 0x00,
    0x00, 0x00, 0x00, 0x00, 0x00, 0x00, 0x00, 0x00, 0x00, 0x00, 0x00, 0x00, 0x00, 0x00, 0x00, 0x00,
    0x00, 0x00, 0x00, 0x00, 0x00, 0x00, 0x00, 0x00, 0x00, 0x00, 0x00, 0x00, 0x00, 0x00, 0x00, 0x00,
    0x00, 0x00, 0x00, 0x00, 0x00, 0x00, 0x00, 0x00, 0x00, 0x00, 0x00, 0x00, 0x96, 0xB5, 0x96, 0xB5,
    0x96, 0xB5, 0x96, 0xB5, 0x96, 0xB5, 0x00, 0x00, 0x00, 0x00, 0x00, 0x00, 0x00, 0x00, 0x00, 0x00,
    0x00, 0x00, 0x00, 0x00, 0x00, 0x00, 0x00, 0x00, 0x00, 0x00, 0x00, 0x00, 0x00, 0x00, 0x00, 0x00,
    0x00, 0x00, 0x00, 0x00, 0x00, 0x00, 0x00, 0x00, 0x00, 0x00, 0x00, 0x00, 0x00, 0x00, 0x00, 0x00,
    0x00, 0x00, 0x00, 0x00, 0x00, 0x00, 0x00, 0x00, 0x00, 0x00, 0x00, 0x00, 0x00, 0x00, 0x00, 0x00,
    0x00, 0x00, 0x00, 0x00, 0x00, 0x00, 0x00, 0x00, 0x00, 0x00, 0x00, 0x00, 0x00, 0x00, 0x00, 0x00,
    0x00, 0x00, 0x00, 0x00, 0x00, 0x00, 0x00, 0x00, 0x00, 0x00, 0x00, 0x00, 0x00, 0x00, 0x00, 0x00,
    0x00, 0x00, 0x00, 0x00, 0x00, 0x00, 0x00, 0x00, 0x00, 0x00, 0x00, 0x00, 0x00, 0x00, 0x00, 0x00,
    0x00, 0x00, 0x00, 0x00, 0x00, 0x00, 0x00, 0x00, 0x00, 0x00, 0x00, 0x00, 0x00, 0x00, 0x00, 0x00,
    0x00, 0x00, 0x00, 0x00, 0x00, 0x00, 0x00, 0x00, 0x00, 0x00, 0x00, 0x00, 0x00, 0x00, 0x00, 0x00,
    0x00, 0x00, 0x00, 0x00, 0x00, 0x00, 0x00, 0x00, 0x00, 0x00, 0x00, 0x00, 0x00, 0x00, 0x00, 0x00,
    0x00, 0x00, 0x00, 0x00, 0x00, 0x00, 0x00, 0x00, 0x00, 0x00, 0x00, 0x00, 0x00, 0x00, 0x00, 0x00,
    0x00, 0x00, 0x00, 0x00, 0x00, 0x00, 0x00, 0x00, 0x00, 0x00, 0x00, 0x00, 0x00, 0x00, 0x00, 0x00,
    0x00, 0x00, 0x00, 0x00, 0x00, 0x00, 0x00, 0x00, 0x00, 0x00, 0x00, 0x00, 0x00, 0x00, 0x00, 0x00,
    0x00, 0x00, 0x00, 0x00, 0x00, 0x00, 0x00, 0x00, 0x00, 0x00, 0x00, 0x00, 0x00, 0x00, 0x00, 0x00,
    0x00, 0x00, 0x00, 0x00, 0x00, 0x00, 0x00, 0x00, 0x00, 0x00, 0x00, 0x00, 0x00, 0x00, 0x00, 0x00,
    0x00, 0x00, 0x00, 0x00, 0x00, 0x00, 0x00, 0x00, 0x00, 0x00, 0x00, 0x00, 0x00, 0x00, 0x00, 0x00,
    0x00, 0x00, 0x00, 0x00, 0x00, 0x00, 0x00, 0x00, 0x00, 0x00, 0x00, 0x00, 0x00, 0x00, 0x00, 0x00,
    0x00, 0x00, 0x00, 0x00, 0x00, 0x00, 0x00, 0x00, 0x00, 0x00, 0x00, 0x00, 0x00, 0x00, 0x00, 0x00,
    0x00, 0x00, 0x00, 0x00, 0x00, 0x00, 0x00, 0x00, 0x00, 0x00, 0x00, 0x00, 0x00, 0x00, 0x00, 0x00,
    0x00, 0x00, 0x00, 0x00, 0x00, 0x00, 0x00, 0x00, 0x00, 0x00, 0x00, 0x00, 0x00, 0x00, 0x00, 0x00,
    0x00, 0x00, 0x00, 0x00, 0x00, 0x00, 0x00, 0x00, 0x00, 0x00, 0x00, 0x00, 0x00, 0x00, 0x00, 0x00,
    0x00, 0x00, 0x00, 0x00, 0x00, 0x00, 0x00, 0x00, 0x00, 0x00, 0x00, 0x00, 0x00, 0x00, 0x00, 0x00,
    0x00, 0x00, 0x00, 0x00, 0x00, 0x00, 0x00, 0x00, 0x00, 0x00, 0x00, 0x00, 0x00, 0x00, 0x00, 0x00,
    0x00, 0x00, 0x00, 0x00, 0x00, 0x00, 0x00, 0x00, 0x00, 0x00, 0x00, 0x00, 0x00, 0x00, 0x00, 0x00,
    0x00, 0x00, 0x96, 0xB5, 0x96, 0xB5, 0x96, 0xB5, 0x96, 0xB5, 0x96, 0xB5, 0x00, 0x00, 0x00, 0x00,
    0x00, 0x00, 0x00, 0x00, 0x00, 0x00, 0x00, 0x00, 0x00, 0x00, 0x00, 0x00, 0x00, 0x00, 0x00, 0x00,
    0x00, 0x00, 0x00, 0x00, 0x00, 0x00, 0x00, 0x00, 0x00, 0x00, 0x00, 0x00, 0x00, 0x00, 0x00, 0x00,
    0x00, 0x00, 0x00, 0x00, 0x00, 0x00, 0x00, 0x00, 0x00, 0x00, 0x00, 0x00, 0x00, 0x00, 0x00, 0x00,
    0x00, 0x00, 0x00, 0x00, 0x00, 0x00, 0x00, 0x00, 0x00, 0x00, 0x00, 0x00, 0x00, 0x00, 0x00, 0x00,
    0x00, 0x00, 0x00, 0x00, 0x00, 0x00, 0x00, 0x00, 0x00, 0x00, 0x00, 0x00, 0x00, 0x00, 0x00, 0x00,
    0x00, 0x00, 0x00, 0x00, 0x00, 0x00, 0x00, 0x00, 0x00, 0x00, 0x00, 0x00, 0x00, 0x00, 0x00, 0x00,
    0x00, 0x00, 0x00, 0x00, 0x00, 0x00, 0x00, 0x00, 0x00, 0x00, 0x00, 0x00, 0x00, 0x00, 0x00, 0x00,
    0x00, 0x00, 0x00, 0x00, 0x00, 0x00, 0x00, 0x00, 0x00, 0x00, 0x00, 0x00, 0x00, 0x00, 0x00, 0x00,
    0x00, 0x00, 0x00, 0x00, 0x00, 0x00, 0x00, 0x00, 0x00, 0x00, 0x00, 0x00, 0x00, 0x00, 0x00, 0x00,
    0x00, 0x00, 0x00, 0x00, 0x00, 0x00, 0x00, 0x00, 0x00, 0x00, 0x00, 0x00, 0x00, 0x00, 0x00, 0x00,
    0x00, 0x00, 0x00, 0x00, 0x00, 0x00, 0x00, 0x00, 0x00, 0x00, 0x00, 0x00, 0x00, 0x00, 0x00, 0x00,
    0x00, 0x00, 0x00, 0x00, 0x00, 0x00, 0x00, 0x00, 0x00, 0x00, 0x00, 0x00, 0x00, 0x00, 0x00, 0x00,
    0x00, 0x00, 0x00, 0x00, 0x00, 0x00, 0x00, 0x00, 0x00, 0x00, 0x00, 0x00, 0x00, 0x00, 0x00, 0x00,
    0x00, 0x00, 0x00, 0x00, 0x00, 0x00, 0x00, 0x00, 0x00, 0x00, 0x00, 0x00, 0x00, 0x00, 0x00, 0x00,
    0x00, 0x00, 0x00, 0x00, 0x00, 0x00, 0x00, 0x00, 0x00, 0x00, 0x00, 0x00, 0x00, 0x00, 0x00, 0x00,
    0x00, 0x00, 0x00, 0x00, 0x00, 0x00, 0x00, 0x00, 0x00, 0x00, 0x00, 0x00, 0x00, 0x00, 0x00, 0x00,
    0x00, 0x00, 0x00, 0x00, 0x00, 0x00, 0x00, 0x00, 0x00, 0x00, 0x00, 0x00, 0x00, 0x00, 0x00, 0x00,
    0x00, 0x00, 0x00, 0x00, 0x00, 0x00, 0x00, 0x00, 0x00, 0x00, 0x00, 0x00, 0x00, 0x00, 0x00, 0x00,
    0x00, 0x00, 0x00, 0x00, 0x00, 0x00, 0x00, 0x00, 0x00, 0x00, 0x00, 0x00, 0x00, 0x00, 0x00, 0x00,
    0x00, 0x00, 0x00, 0x00, 0x00, 0x00, 0x00, 0x00, 0x00, 0x00, 0x00, 0x00, 0x00, 0x00, 0x00, 0x00,
    0x00, 0x00, 0x00, 0x00, 0x00, 0x00, 0x00, 0x00, 0x00, 0x00, 0x00, 0x00, 0x00, 0x00, 0x00, 0x00,
    0x00, 0x00, 0x00, 0x00, 0x00, 0x00, 0x00, 0x00, 0x00, 0x00, 0x00, 0x00, 0x00, 0x00, 0x00, 0x00,
    0x00, 0x00, 0x00, 0x00, 0x00, 0x00, 0x00, 0x00, 0x00, 0x00, 0x00, 0x00, 0x00, 0x00, 0x00, 0x00,
    0x00, 0x00, 0x00, 0x00, 0x00, 0x00, 0x00, 0x00, 0x96, 0xB5, 0x96, 0xB5, 0x96, 0xB5, 0x96, 0xB5,
    0x96, 0xB5, 0x00, 0x00, 0x00, 0x00, 0x00, 0x00, 0x00, 0x00, 0x00, 0x00, 0x00, 0x00, 0x00, 0x00,
    0x00, 0x00, 0x00, 0x00, 0x00, 0x00, 0x00, 0x00, 0x00, 0x00, 0x00, 0x00, 0x00, 0x00, 0x00, 0x00,
    0x00, 0x00, 0x00, 0x00, 0x00, 0x00, 0x00, 0x00, 0x00, 0x00, 0x00, 0x00, 0x00, 0x00, 0x00, 0x00,
    0x00, 0x00, 0x00, 0x00, 0x00, 0x00, 0x00, 0x00, 0x00, 0x00, 0x00, 0x00, 0x00, 0x00, 0x00, 0x00,
    0x00, 0x00, 0x00, 0x00, 0x00, 0x00, 0x00, 0x00, 0x00, 0x00, 0x00, 0x00, 0x00, 0x00, 0x00, 0x00,
    0x00, 0x00, 0x00, 0x00, 0x00, 0x00, 0x00, 0x00, 0x00, 0x00, 0x00, 0x00, 0x00, 0x00, 0x00, 0x00,
    0x00, 0x00, 0x00, 0x00, 0x00, 0x00, 0x00, 0x00, 0x00, 0x00, 0x00, 0x00, 0x00, 0x00, 0x00, 0x00,
    0x00, 0x00, 0x00, 0x00, 0x00, 0x00, 0x00, 0x00, 0x00, 0x00, 0x00, 0x00, 0x00, 0x00, 0x00, 0x00,
    0x00, 0x00, 0x00, 0x00, 0x00, 0x00, 0x00, 0x00, 0x00, 0x00, 0x00, 0x00, 0x00, 0x00, 0x00, 0x00,
    0x00, 0x00, 0x00, 0x00, 0x00, 0x00, 0x00, 0x00, 0x00, 0x00, 0x00, 0x00, 0x00, 0x00, 0x00, 0x00,
    0x00, 0x00, 0x00, 0x00, 0x00, 0x00, 0x00, 0x00, 0x00, 0x00, 0x00, 0x00, 0x00, 0x00, 0x00, 0x00,
    0x00, 0x00, 0x00, 0x00, 0x00, 0x00, 0x00, 0x00, 0x00, 0x00, 0x00, 0x00, 0x00, 0x00, 0x00, 0x00,
    0x00, 0x00, 0x00, 0x00, 0x00, 0x00, 0x00, 0x00, 0x00, 0x00, 0x00, 0x00, 0x00, 0x00, 0x00, 0x00,
    0x00, 0x00, 0x00, 0x00, 0x00, 0x00, 0x00, 0x00, 0x00, 0x00, 0x00, 0x00, 0x00, 0x00, 0x00, 0x00,
    0x00, 0x00, 0x00, 0x00, 0x00, 0x00, 0x00, 0x00, 0x00, 0x00, 0x00, 0x00, 0x00, 0x00, 0x00, 0x00,
    0x00, 0x00, 0x00, 0x00, 0x00, 0x00, 0x00, 0x00, 0x00, 0x00, 0x00, 0x00, 0x00, 0x00, 0x00, 0x00,
    0x00, 0x00, 0x00, 0x00, 0x00, 0x00, 0x00, 0x00, 0x00, 0x00, 0x00, 0x00, 0x00, 0x00, 0x00, 0x00,
    0x00, 0x00, 0x00, 0x00, 0x00, 0x00, 0x00, 0x00, 0x00, 0x00, 0x00, 0x00, 0x00, 0x00, 0x00, 0x00,
    0x00, 0x00, 0x00, 0x00, 0x00, 0x00, 0x00, 0x00, 0x00, 0x00, 0x00, 0x00, 0x00, 0x00, 0x00, 0x00,
    0x00, 0x00, 0x00, 0x00, 0x00, 0x00, 0x00, 0x00, 0x00, 0x00, 0x00, 0x00, 0x00, 0x00, 0x00, 0x00,
    0x00, 0x00, 0x00, 0x00, 0x00, 0x00, 0x00, 0x00, 0x00, 0x00, 0x00, 0x00, 0x00, 0x00, 0x00, 0x00,
    0x00, 0x00, 0x00, 0x00, 0x00, 0x00, 0x00, 0x00, 0x00, 0x00, 0x00, 0x00, 0x00, 0x00, 0x00, 0x00,
    0x00, 0x00, 0x00, 0x00, 0x00, 0x00, 0x00, 0x00, 0x00, 0x00, 0x00, 0x00, 0x00, 0x00, 0x00, 0x00,
    0x00, 0x00, 0x00, 0x00, 0x00, 0x00, 0x00, 0x00, 0x00, 0x00, 0x00, 0x00, 0x00, 0x00, 0x96, 0xB5,
    0x96, 0xB5, 0x96, 0xB5, 0x96, 0xB5, 0x96, 0xB5, 0x00, 0x00, 0x00, 0x00, 0x00, 0x00, 0x00, 0x00,
    0x00, 0x00, 0x00, 0x00, 0x00, 0x00, 0x00, 0x00, 0x00, 0x00, 0x00, 0x00, 0x00, 0x00, 0x00, 0x00,
    0x00, 0x00, 0x00, 0x00, 0x00, 0x00, 0x00, 0x00, 0x00, 0x00, 0x00, 0x00, 0x00, 0x00, 0x00, 0x00,
    0x00, 0x00, 0x00, 0x00, 0x00, 0x00, 0x00, 0x00, 0x00, 0x00, 0x00, 0x00, 0x00, 0x00, 0x00, 0x00,
    0x00, 0x00, 0x00, 0x00, 0x00, 0x00, 0x00, 0x00, 0x00, 0x00, 0x00, 0x00, 0x00, 0x00, 0x00, 0x00,
    0x00, 0x00, 0x00, 0x00, 0x00, 0x00, 0x00, 0x00, 0x00, 0x00, 0x00, 0x00, 0x00, 0x00, 0x00, 0x00,
    0x00, 0x00, 0x00, 0x00, 0x00, 0x00, 0x00, 0x00, 0x00, 0x00, 0x00, 0x00, 0x00, 0x00, 0x00, 0x00,
    0x00, 0x00, 0x00, 0x00, 0x00, 0x00, 0x00, 0x00, 0x00, 0x00, 0x00, 0x00, 0x00, 0x00, 0x00, 0x00,
    0x00, 0x00, 0x00, 0x00, 0x00, 0x00, 0x00, 0x00, 0x00, 0x00, 0x00, 0x00, 0x00, 0x00, 0x00, 0x00,
    0x00, 0x00, 0x00, 0x00, 0x00, 0x00, 0x00, 0x00, 0x00, 0x00, 0x00, 0x00, 0x00, 0x00, 0x00, 0x00,
    0x00, 0x00, 0x00, 0x00, 0x00, 0x00, 0x00, 0x00, 0x00, 0x00, 0x00, 0x00, 0x00, 0x00, 0x00, 0x00,
    0x00, 0x00, 0x00, 0x00, 0x00, 0x00, 0x00, 0x00, 0x00, 0x00, 0x00, 0x00, 0x00, 0x00, 0x00, 0x00,
    0x00, 0x00, 0x00, 0x00, 0x00, 0x00, 0x00, 0x00, 0x00, 0x00, 0x00, 0x00, 0x00, 0x00, 0x00, 0x00,
    0x00, 0x00, 0x00, 0x00, 0x00, 0x00, 0x00, 0x00, 0x00, 0x00, 0x00, 0x00, 0x00, 0x00, 0x00, 0x00,
    0x00, 0x00, 0x00, 0x00, 0x00, 0x00, 0x00, 0x00, 0x00, 0x00, 0x00, 0x00, 0x00, 0x00, 0x00, 0x00,
    0x00, 0x00, 0x00, 0x00, 0x00, 0x00, 0x00, 0x00, 0x00, 0x00, 0x00, 0x00, 0x00, 0x00, 0x00, 0x00,
    0x00, 0x00, 0x00, 0x00, 0x00, 0x00, 0x00, 0x00, 0x00, 0x00, 0x00, 0x00, 0x00, 0x00, 0x00, 0x00,
    0x00, 0x00, 0x00, 0x00, 0x00, 0x00, 0x00, 0x00, 0x00, 0x00, 0x00, 0x00, 0x00, 0x00, 0x00, 0x00,
    0x00, 0x00, 0x00, 0x00, 0x00, 0x00, 0x00, 0x00, 0x00, 0x00, 0x00, 0x00, 0x00, 0x00, 0x00, 0x00,
    0x00, 0x00, 0x00, 0x00, 0x00, 0x00, 0x00, 0x00, 0x00, 0x00, 0x00, 0x00, 0x00, 0x00, 0x00, 0x00,
    0x00, 0x00, 0x00, 0x00, 0x00, 0x00, 0x00, 0x00, 0x00, 0x00, 0x00, 0x00, 0x00, 0x00, 0x00, 0x00,
    0x00, 0x00,
};

static const lv_image_dsc_t oc_wordmark_l = {
    .header = {
        .magic = LV_IMAGE_HEADER_MAGIC,
        .cf = LV_COLOR_FORMAT_RGB565,
        .flags = 0,
        .w = 195,
        .h = 35,
        .stride = 195 * 2,
        .reserved_2 = 0,
    },
    .data_size = sizeof(oc_wordmark_l_data),
    .data = oc_wordmark_l_data,
    .reserved = NULL,
    .reserved_2 = NULL,
};

#define OC_WORDMARK_M_W 156   /* 39 cells x 4 px */
#define OC_WORDMARK_M_H 28   /* 7 cells x 4 px */
static const uint8_t oc_wordmark_m_data[8736] = {
    0x00, 0x00, 0x00, 0x00, 0x00, 0x00, 0x00, 0x00, 0x00, 0x00, 0x00, 0x00, 0x00, 0x00, 0x00, 0x00,
    0x00, 0x00, 0x00, 0x00, 0x00, 0x00, 0x00, 0x00, 0x00, 0x00, 0x00, 0x00, 0x00, 0x00, 0x00, 0x00,
    0x00, 0x00, 0x00, 0x00, 0x00, 0x00, 0x00, 0x00, 0x00, 0x00, 0x00, 0x00, 0x00, 0x00, 0x00, 0x00,
    0x00, 0x00, 0x00, 0x00, 0x00, 0x00, 0x00, 0x00, 0x00, 0x00, 0x00, 0x00, 0x00, 0x00, 0x00, 0x00,
    0x00, 0x00, 0x00, 0x00, 0x00, 0x00, 0x00, 0x00, 0x00, 0x00, 0x00, 0x00, 0x00, 0x00, 0x00, 0x00,
    0x00, 0x00, 0x00, 0x00, 0x00, 0x00, 0x00, 0x00, 0x00, 0x00, 0x00, 0x00, 0x00, 0x00, 0x00, 0x00,
    0x00, 0x00, 0x00, 0x00, 0x00, 0x00, 0x00, 0x00, 0x00, 0x00, 0x00, 0x00, 0x00, 0x00, 0x00, 0x00,
    0x00, 0x00, 0x00, 0x00, 0x00, 0x00, 0x00, 0x00, 0x00, 0x00, 0x00, 0x00, 0x00, 0x00, 0x00, 0x00,
    0x00, 0x00, 0x00, 0x00, 0x00, 0x00, 0x00, 0x00, 0x00, 0x00, 0x00, 0x00, 0x00, 0x00, 0x00, 0x00,
    0x00, 0x00, 0x00, 0x00, 0x00, 0x00, 0x00, 0x00, 0x00, 0x00, 0x00, 0x00, 0x00, 0x00, 0x00, 0x00,
    0x00, 0x00, 0x00, 0x00, 0x00, 0x00, 0x00, 0x00, 0x00, 0x00, 0x00, 0x00, 0x00, 0x00, 0x00, 0x00,
    0x00, 0x00, 0x00, 0x00, 0x00, 0x00, 0x00, 0x00, 0x00, 0x00, 0x00, 0x00, 0x00, 0x00, 0x00, 0x00,
    0x00, 0x00, 0x00, 0x00, 0x00, 0x00, 0x00, 0x00, 0x00, 0x00, 0x00, 0x00, 0x00, 0x00, 0x00, 0x00,
    0x00, 0x00, 0x00, 0x00, 0x00, 0x00, 0x00, 0x00, 0x00, 0x00, 0x00, 0x00, 0x00, 0x00, 0x00, 0x00,
    0x00, 0x00, 0x00, 0x00, 0x00, 0x00, 0x00, 0x00, 0x00, 0x00, 0x00, 0x00, 0x00, 0x00, 0x00, 0x00,
    0x00, 0x00, 0x00, 0x00, 0x00, 0x00, 0x00, 0x00, 0x00, 0x00, 0x00, 0x00, 0x00, 0x00, 0x00, 0x00,
    0x00, 0x00, 0x00, 0x00, 0x00, 0x00, 0x00, 0x00, 0x7D, 0xF7, 0x7D, 0xF7, 0x7D, 0xF7, 0x7D, 0xF7,
    0x00, 0x00, 0x00, 0x00, 0x00, 0x00, 0x00, 0x00, 0x00, 0x00, 0x00, 0x00, 0x00, 0x00, 0x00, 0x00,
    0x00, 0x00, 0x00, 0x00, 0x00, 0x00, 0x00, 0x00, 0x00, 0x00, 0x00, 0x00, 0x00, 0x00, 0x00, 0x00,
    0x00, 0x00, 0x00, 0x00, 0x00, 0x00, 0x00, 0x00, 0x00, 0x00, 0x00, 0x00, 0x00, 0x00, 0x00, 0x00,
    0x00, 0x00, 0x00, 0x00, 0x00, 0x00, 0x00, 0x00, 0x00, 0x00, 0x00, 0x00, 0x00, 0x00, 0x00, 0x00,
    0x00, 0x00, 0x00, 0x00, 0x00, 0x00, 0x00, 0x00, 0x00, 0x00, 0x00, 0x00, 0x00, 0x00, 0x00, 0x00,
    0x00, 0x00, 0x00, 0x00, 0x00, 0x00, 0x00, 0x00, 0x00, 0x00, 0x00, 0x00, 0x00, 0x00, 0x00, 0x00,
    0x00, 0x00, 0x00, 0x00, 0x00, 0x00, 0x00, 0x00, 0x00, 0x00, 0x00, 0x00, 0x00, 0x00, 0x00, 0x00,
    0x00, 0x00, 0x00, 0x00, 0x00, 0x00, 0x00, 0x00, 0x00, 0x00, 0x00, 0x00, 0x00, 0x00, 0x00, 0x00,
    0x00, 0x00, 0x00, 0x00, 0x00, 0x00, 0x00, 0x00, 0x00, 0x00, 0x00, 0x00, 0x00, 0x00, 0x00, 0x00,
    0x00, 0x00, 0x00, 0x00, 0x00, 0x00, 0x00, 0x00, 0x00, 0x00, 0x00, 0x00, 0x00, 0x00, 0x00, 0x00,
    0x00, 0x00, 0x00, 0x00, 0x00, 0x00, 0x00, 0x00, 0x00, 0x00, 0x00, 0x00, 0x00, 0x00, 0x00, 0x00,
    0x00, 0x00, 0x00, 0x00, 0x00, 0x00, 0x00, 0x00, 0x00, 0x00, 0x00, 0x00, 0x00, 0x00, 0x00, 0x00,
    0x00, 0x00, 0x00, 0x00, 0x00, 0x00, 0x00, 0x00, 0x00, 0x00, 0x00, 0x00, 0x00, 0x00, 0x00, 0x00,
    0x00, 0x00, 0x00, 0x00, 0x00, 0x00, 0x00, 0x00, 0x00, 0x00, 0x00, 0x00, 0x00, 0x00, 0x00, 0x00,
    0x00, 0x00, 0x00, 0x00, 0x00, 0x00, 0x00, 0x00, 0x00, 0x00, 0x00, 0x00, 0x00, 0x00, 0x00, 0x00,
    0x00, 0x00, 0x00, 0x00, 0x00, 0x00, 0x00, 0x00, 0x00, 0x00, 0x00, 0x00, 0x00, 0x00, 0x00, 0x00,
    0x00, 0x00, 0x00, 0x00, 0x00, 0x00, 0x00, 0x00, 0x00, 0x00, 0x00, 0x00, 0x00, 0x00, 0x00, 0x00,
    0x00, 0x00, 0x00, 0x00, 0x00, 0x00, 0x00, 0x00, 0x00, 0x00, 0x00, 0x00, 0x00, 0x00, 0x00, 0x00,
    0x00, 0x00, 0x00, 0x00, 0x00, 0x00, 0x00, 0x00, 0x00, 0x00, 0x00, 0x00, 0x00, 0x00, 0x00, 0x00,
    0x7D, 0xF7, 0x7D, 0xF7, 0x7D, 0xF7, 0x7D, 0xF7, 0x00, 0x00, 0x00, 0x00, 0x00, 0x00, 0x00, 0x00,
    0x00, 0x00, 0x00, 0x00, 0x00, 0x00, 0x00, 0x00, 0x00, 0x00, 0x00, 0x00, 0x00, 0x00, 0x00, 0x00,
    0x00, 0x00, 0x00, 0x00, 0x00, 0x00, 0x00, 0x00, 0x00, 0x00, 0x00, 0x00, 0x00, 0x00, 0x00, 0x00,
    0x00, 0x00, 0x00, 0x00, 0x00, 0x00, 0x00, 0x00, 0x00, 0x00, 0x00, 0x00, 0x00, 0x00, 0x00, 0x00,
    0x00, 0x00, 0x00, 0x00, 0x00, 0x00, 0x00, 0x00, 0x00, 0x00, 0x00, 0x00, 0x00, 0x00, 0x00, 0x00,
    0x00, 0x00, 0x00, 0x00, 0x00, 0x00, 0x00, 0x00, 0x00, 0x00, 0x00, 0x00, 0x00, 0x00, 0x00, 0x00,
    0x00, 0x00, 0x00, 0x00, 0x00, 0x00, 0x00, 0x00, 0x00, 0x00, 0x00, 0x00, 0x00, 0x00, 0x00, 0x00,
    0x00, 0x00, 0x00, 0x00, 0x00, 0x00, 0x00, 0x00, 0x00, 0x00, 0x00, 0x00, 0x00, 0x00, 0x00, 0x00,
    0x00, 0x00, 0x00, 0x00, 0x00, 0x00, 0x00, 0x00, 0x00, 0x00, 0x00, 0x00, 0x00, 0x00, 0x00, 0x00,
    0x00, 0x00, 0x00, 0x00, 0x00, 0x00, 0x00, 0x00, 0x00, 0x00, 0x00, 0x00, 0x00, 0x00, 0x00, 0x00,
    0x00, 0x00, 0x00, 0x00, 0x00, 0x00, 0x00, 0x00, 0x00, 0x00, 0x00, 0x00, 0x00, 0x00, 0x00, 0x00,
    0x00, 0x00, 0x00, 0x00, 0x00, 0x00, 0x00, 0x00, 0x00, 0x00, 0x00, 0x00, 0x00, 0x00, 0x00, 0x00,
    0x00, 0x00, 0x00, 0x00, 0x00, 0x00, 0x00, 0x00, 0x00, 0x00, 0x00, 0x00, 0x00, 0x00, 0x00, 0x00,
    0x00, 0x00, 0x00, 0x00, 0x00, 0x00, 0x00, 0x00, 0x00, 0x00, 0x00, 0x00, 0x00, 0x00, 0x00, 0x00,
    0x00, 0x00, 0x00, 0x00, 0x00, 0x00, 0x00, 0x00, 0x00, 0x00, 0x00, 0x00, 0x00, 0x00, 0x00, 0x00,
    0x00, 0x00, 0x00, 0x00, 0x00, 0x00, 0x00, 0x00, 0x00, 0x00, 0x00, 0x00, 0x00, 0x00, 0x00, 0x00,
    0x00, 0x00, 0x00, 0x00, 0x00, 0x00, 0x00, 0x00, 0x00, 0x00, 0x00, 0x00, 0x00, 0x00, 0x00, 0x00,
    0x00, 0x00, 0x00, 0x00, 0x00, 0x00, 0x00, 0x00, 0x00, 0x00, 0x00, 0x00, 0x00, 0x00, 0x00, 0x00,
    0x00, 0x00, 0x00, 0x00, 0x00, 0x00, 0x00, 0x00, 0x00, 0x00, 0x00, 0x00, 0x00, 0x00, 0x00, 0x00,
    0x00, 0x00, 0x00, 0x00, 0x00, 0x00, 0x00, 0x00, 0x7D, 0xF7, 0x7D, 0xF7, 0x7D, 0xF7, 0x7D, 0xF7,
    0x00, 0x00, 0x00, 0x00, 0x00, 0x00, 0x00, 0x00, 0x00, 0x00, 0x00, 0x00, 0x00, 0x00, 0x00, 0x00,
    0x00, 0x00, 0x00, 0x00, 0x00, 0x00, 0x00, 0x00, 0x00, 0x00, 0x00, 0x00, 0x00, 0x00, 0x00, 0x00,
    0x00, 0x00, 0x00, 0x00, 0x00, 0x00, 0x00, 0x00, 0x00, 0x00, 0x00, 0x00, 0x00, 0x00, 0x00, 0x00,
    0x00, 0x00, 0x00, 0x00, 0x00, 0x00, 0x00, 0x00, 0x00, 0x00, 0x00, 0x00, 0x00, 0x00, 0x00, 0x00,
    0x00, 0x00, 0x00, 0x00, 0x00, 0x00, 0x00, 0x00, 0x00, 0x00, 0x00, 0x00, 0x00, 0x00, 0x00, 0x00,
    0x00, 0x00, 0x00, 0x00, 0x00, 0x00, 0x00, 0x00, 0x00, 0x00, 0x00, 0x00, 0x00, 0x00, 0x00, 0x00,
    0x00, 0x00, 0x00, 0x00, 0x00, 0x00, 0x00, 0x00, 0x00, 0x00, 0x00, 0x00, 0x00, 0x00, 0x00, 0x00,
    0x00, 0x00, 0x00, 0x00, 0x00, 0x00, 0x00, 0x00, 0x00, 0x00, 0x00, 0x00, 0x00, 0x00, 0x00, 0x00,
    0x00, 0x00, 0x00, 0x00, 0x00, 0x00, 0x00, 0x00, 0x00, 0x00, 0x00, 0x00, 0x00, 0x00, 0x00, 0x00,
    0x00, 0x00, 0x00, 0x00, 0x00, 0x00, 0x00, 0x00, 0x00, 0x00, 0x00, 0x00, 0x00, 0x00, 0x00, 0x00,
    0x00, 0x00, 0x00, 0x00, 0x00, 0x00, 0x00, 0x00, 0x00, 0x00, 0x00, 0x00, 0x00, 0x00, 0x00, 0x00,
    0x00, 0x00, 0x00, 0x00, 0x00, 0x00, 0x00, 0x00, 0x00, 0x00, 0x00, 0x00, 0x00, 0x00, 0x00, 0x00,
    0x00, 0x00, 0x00, 0x00, 0x00, 0x00, 0x00, 0x00, 0x00, 0x00, 0x00, 0x00, 0x00, 0x00, 0x00, 0x00,
    0x00, 0x00, 0x00, 0x00, 0x00, 0x00, 0x00, 0x00, 0x00, 0x00, 0x00, 0x00, 0x00, 0x00, 0x00, 0x00,
    0x00, 0x00, 0x00, 0x00, 0x00, 0x00, 0x00, 0x00, 0x00, 0x00, 0x00, 0x00, 0x00, 0x00, 0x00, 0x00,
    0x00, 0x00, 0x00, 0x00, 0x00, 0x00, 0x00, 0x00, 0x00, 0x00, 0x00, 0x00, 0x00, 0x00, 0x00, 0x00,
    0x00, 0x00, 0x00, 0x00, 0x00, 0x00, 0x00, 0x00, 0x00, 0x00, 0x00, 0x00, 0x00, 0x00, 0x00, 0x00,
    0x00, 0x00, 0x00, 0x00, 0x00, 0x00, 0x00, 0x00, 0x00, 0x00, 0x00, 0x00, 0x00, 0x00, 0x00, 0x00,
    0x00, 0x00, 0x00, 0x00, 0x00, 0x00, 0x00, 0x00, 0x00, 0x00, 0x00, 0x00, 0x00, 0x00, 0x00, 0x00,
    0x7D, 0xF7, 0x7D, 0xF7, 0x7D, 0xF7, 0x7D, 0xF7, 0x00, 0x00, 0x00, 0x00, 0x00, 0x00, 0x00, 0x00,
    0x00, 0x00, 0x00, 0x00, 0x00, 0x00, 0x00, 0x00, 0x00, 0x00, 0x00, 0x00, 0x00, 0x00, 0x00, 0x00,
    0x00, 0x00, 0x00, 0x00, 0x00, 0x00, 0x00, 0x00, 0x00, 0x00, 0x00, 0x00, 0x00, 0x00, 0x00, 0x00,
    0x96, 0xB5, 0x96, 0xB5, 0x96, 0xB5, 0x96, 0xB5, 0x96, 0xB5, 0x96, 0xB5, 0x96, 0xB5, 0x96, 0xB5,
    0x96, 0xB5, 0x96, 0xB5, 0x96, 0xB5, 0x96, 0xB5, 0x96, 0xB5, 0x96, 0xB5, 0x96, 0xB5, 0x96, 0xB5,
    0x00, 0x00, 0x00, 0x00, 0x00, 0x00, 0x00, 0x00, 0x96, 0xB5, 0x96, 0xB5, 0x96, 0xB5, 0x96, 0xB5,
    0x96, 0xB5, 0x96, 0xB5, 0x96, 0xB5, 0x96, 0xB5, 0x96, 0xB5, 0x96, 0xB5, 0x96, 0xB5, 0x96, 0xB5,
    0x96, 0xB5, 0x96, 0xB5, 0x96, 0xB5, 0x96, 0xB5, 0x00, 0x00, 0x00, 0x00, 0x00, 0x00, 0x00, 0x00,
    0x96, 0xB5, 0x96, 0xB5, 0x96, 0xB5, 0x96, 0xB5, 0x96, 0xB5, 0x96, 0xB5, 0x96, 0xB5, 0x96, 0xB5,
    0x96, 0xB5, 0x96, 0xB5, 0x96, 0xB5, 0x96, 0xB5, 0x96, 0xB5, 0x96, 0xB5, 0x96, 0xB5, 0x96, 0xB5,
    0x00, 0x00, 0x00, 0x00, 0x00, 0x00, 0x00, 0x00, 0x96, 0xB5, 0x96, 0xB5, 0x96, 0xB5, 0x96, 0xB5,
    0x96, 0xB5, 0x96, 0xB5, 0x96, 0xB5, 0x96, 0xB5, 0x96, 0xB5, 0x96, 0xB5, 0x96, 0xB5, 0x96, 0xB5,
    0x00, 0x00, 0x00, 0x00, 0x00, 0x00, 0x00, 0x00, 0x00, 0x00, 0x00, 0x00, 0x00, 0x00, 0x00, 0x00,
    0x7D, 0xF7, 0x7D, 0xF7, 0x7D, 0xF7, 0x7D, 0xF7, 0x7D, 0xF7, 0x7D, 0xF7, 0x7D, 0xF7, 0x7D, 0xF7,
    0x7D, 0xF7, 0x7D, 0xF7, 0x7D, 0xF7, 0x7D, 0xF7, 0x7D, 0xF7, 0x7D, 0xF7, 0x7D, 0xF7, 0x7D, 0xF7,
    0x00, 0x00, 0x00, 0x00, 0x00, 0x00, 0x00, 0x00, 0x7D, 0xF7, 0x7D, 0xF7, 0x7D, 0xF7, 0x7D, 0xF7,
    0x7D, 0xF7, 0x7D, 0xF7, 0x7D, 0xF7, 0x7D, 0xF7, 0x7D, 0xF7, 0x7D, 0xF7, 0x7D, 0xF7, 0x7D, 0xF7,
    0x7D, 0xF7, 0x7D, 0xF7, 0x7D, 0xF7, 0x7D, 0xF7, 0x00, 0x00, 0x00, 0x00, 0x00, 0x00, 0x00, 0x00,
    0x7D, 0xF7, 0x7D, 0xF7, 0x7D, 0xF7, 0x7D, 0xF7, 0x7D, 0xF7, 0x7D, 0xF7, 0x7D, 0xF7, 0x7D, 0xF7,
    0x7D, 0xF7, 0x7D, 0xF7, 0x7D, 0xF7, 0x7D, 0xF7, 0x7D, 0xF7, 0x7D, 0xF7, 0x7D, 0xF7, 0x7D, 0xF7,
    0x00, 0x00, 0x00, 0x00, 0x00, 0x00, 0x00, 0x00, 0x7D, 0xF7, 0x7D, 0xF7, 0x7D, 0xF7, 0x7D, 0xF7,
    0x7D, 0xF7, 0x7D, 0xF7, 0x7D, 0xF7, 0x7D, 0xF7, 0x7D, 0xF7, 0x7D, 0xF7, 0x7D, 0xF7, 0x7D, 0xF7,
    0x7D, 0xF7, 0x7D, 0xF7, 0x7D, 0xF7, 0x7D, 0xF7, 0x96, 0xB5, 0x96, 0xB5, 0x96, 0xB5, 0x96, 0xB5,
    0x96, 0xB5, 0x96, 0xB5, 0x96, 0xB5, 0x96, 0xB5, 0x96, 0xB5, 0x96, 0xB5, 0x96, 0xB5, 0x96, 0xB5,
    0x96, 0xB5, 0x96, 0xB5, 0x96, 0xB5, 0x96, 0xB5, 0x00, 0x00, 0x00, 0x00, 0x00, 0x00, 0x00, 0x00,
    0x96, 0xB5, 0x96, 0xB5, 0x96, 0xB5, 0x96, 0xB5, 0x96, 0xB5, 0x96, 0xB5, 0x96, 0xB5, 0x96, 0xB5,
    0x96, 0xB5, 0x96, 0xB5, 0x96, 0xB5, 0x96, 0xB5, 0x96, 0xB5, 0x96, 0xB5, 0x96, 0xB5, 0x96, 0xB5,
    0x00, 0x00, 0x00, 0x00, 0x00, 0x00, 0x00, 0x00, 0x96, 0xB5, 0x96, 0xB5, 0x96, 0xB5, 0x96, 0xB5,
    0x96, 0xB5, 0x96, 0xB5, 0x96, 0xB5, 0x96, 0xB5, 0x96, 0xB5, 0x96, 0xB5, 0x96, 0xB5, 0x96, 0xB5,
    0x96, 0xB5, 0x96, 0xB5, 0x96, 0xB5, 0x96, 0xB5, 0x00, 0x00, 0x00, 0x00, 0x00, 0x00, 0x00, 0x00,
    0x96, 0xB5, 0x96, 0xB5, 0x96, 0xB5, 0x96, 0xB5, 0x96, 0xB5, 0x96, 0xB5, 0x96, 0xB5, 0x96, 0xB5,
    0x96, 0xB5, 0x96, 0xB5, 0x96, 0xB5, 0x96, 0xB5, 0x00, 0x00, 0x00, 0x00, 0x00, 0x00, 0x00, 0x00,
    0x00, 0x00, 0x00, 0x00, 0x00, 0x00, 0x00, 0x00, 0x7D, 0xF7, 0x7D, 0xF7, 0x7D, 0xF7, 0x7D, 0xF7,
    0x7D, 0xF7, 0x7D, 0xF7, 0x7D, 0xF7, 0x7D, 0xF7, 0x7D, 0xF7, 0x7D, 0xF7, 0x7D, 0xF7, 0x7D, 0xF7,
    0x7D, 0xF7, 0x7D, 0xF7, 0x7D, 0xF7, 0x7D, 0xF7, 0x00, 0x00, 0x00, 0x00, 0x00, 0x00, 0x00, 0x00,
    0x7D, 0xF7, 0x7D, 0xF7, 0x7D, 0xF7, 0x7D, 0xF7, 0x7D, 0xF7, 0x7D, 0xF7, 0x7D, 0xF7, 0x7D, 0xF7,
    0x7D, 0xF7, 0x7D, 0xF7, 0x7D, 0xF7, 0x7D, 0xF7, 0x7D, 0xF7, 0x7D, 0xF7, 0x7D, 0xF7, 0x7D, 0xF7,
    0x00, 0x00, 0x00, 0x00, 0x00, 0x00, 0x00, 0x00, 0x7D, 0xF7, 0x7D, 0xF7, 0x7D, 0xF7, 0x7D, 0xF7,
    0x7D, 0xF7, 0x7D, 0xF7, 0x7D, 0xF7, 0x7D, 0xF7, 0x7D, 0xF7, 0x7D, 0xF7, 0x7D, 0xF7, 0x7D, 0xF7,
    0x7D, 0xF7, 0x7D, 0xF7, 0x7D, 0xF7, 0x7D, 0xF7, 0x00, 0x00, 0x00, 0x00, 0x00, 0x00, 0x00, 0x00,
    0x7D, 0xF7, 0x7D, 0xF7, 0x7D, 0xF7, 0x7D, 0xF7, 0x7D, 0xF7, 0x7D, 0xF7, 0x7D, 0xF7, 0x7D, 0xF7,
    0x7D, 0xF7, 0x7D, 0xF7, 0x7D, 0xF7, 0x7D, 0xF7, 0x7D, 0xF7, 0x7D, 0xF7, 0x7D, 0xF7, 0x7D, 0xF7,
    0x96, 0xB5, 0x96, 0xB5, 0x96, 0xB5, 0x96, 0xB5, 0x96, 0xB5, 0x96, 0xB5, 0x96, 0xB5, 0x96, 0xB5,
    0x96, 0xB5, 0x96, 0xB5, 0x96, 0xB5, 0x96, 0xB5, 0x96, 0xB5, 0x96, 0xB5, 0x96, 0xB5, 0x96, 0xB5,
    0x00, 0x00, 0x00, 0x00, 0x00, 0x00, 0x00, 0x00, 0x96, 0xB5, 0x96, 0xB5, 0x96, 0xB5, 0x96, 0xB5,
    0x96, 0xB5, 0x96, 0xB5, 0x96, 0xB5, 0x96, 0xB5, 0x96, 0xB5, 0x96, 0xB5, 0x96, 0xB5, 0x96, 0xB5,
    0x96, 0xB5, 0x96, 0xB5, 0x96, 0xB5, 0x96, 0xB5, 0x00, 0x00, 0x00, 0x00, 0x00, 0x00, 0x00, 0x00,
    0x96, 0xB5, 0x96, 0xB5, 0x96, 0xB5, 0x96, 0xB5, 0x96, 0xB5, 0x96, 0xB5, 0x96, 0xB5, 0x96, 0xB5,
    0x96, 0xB5, 0x96, 0xB5, 0x96, 0xB5, 0x96, 0xB5, 0x96, 0xB5, 0x96, 0xB5, 0x96, 0xB5, 0x96, 0xB5,
    0x00, 0x00, 0x00, 0x00, 0x00, 0x00, 0x00, 0x00, 0x96, 0xB5, 0x96, 0xB5, 0x96, 0xB5, 0x96, 0xB5,
    0x96, 0xB5, 0x96, 0xB5, 0x96, 0xB5, 0x96, 0xB5, 0x96, 0xB5, 0x96, 0xB5, 0x96, 0xB5, 0x96, 0xB5,
    0x00, 0x00, 0x00, 0x00, 0x00, 0x00, 0x00, 0x00, 0x00, 0x00, 0x00, 0x00, 0x00, 0x00, 0x00, 0x00,
    0x7D, 0xF7, 0x7D, 0xF7, 0x7D, 0xF7, 0x7D, 0xF7, 0x7D, 0xF7, 0x7D, 0xF7, 0x7D, 0xF7, 0x7D, 0xF7,
    0x7D, 0xF7, 0x7D, 0xF7, 0x7D, 0xF7, 0x7D, 0xF7, 0x7D, 0xF7, 0x7D, 0xF7, 0x7D, 0xF7, 0x7D, 0xF7,
    0x00, 0x00, 0x00, 0x00, 0x00, 0x00, 0x00, 0x00, 0x7D, 0xF7, 0x7D, 0xF7, 0x7D, 0xF7, 0x7D, 0xF7,
    0x7D, 0xF7, 0x7D, 0xF7, 0x7D, 0xF7, 0x7D, 0xF7, 0x7D, 0xF7, 0x7D, 0xF7, 0x7D, 0xF7, 0x7D, 0xF7,
    0x7D, 0xF7, 0x7D, 0xF7, 0x7D, 0xF7, 0x7D, 0xF7, 0x00, 0x00, 0x00, 0x00, 0x00, 0x00, 0x00, 0x00,
    0x7D, 0xF7, 0x7D, 0xF7, 0x7D, 0xF7, 0x7D, 0xF7, 0x7D, 0xF7, 0x7D, 0xF7, 0x7D, 0xF7, 0x7D, 0xF7,
    0x7D, 0xF7, 0x7D, 0xF7, 0x7D, 0xF7, 0x7D, 0xF7, 0x7D, 0xF7, 0x7D, 0xF7, 0x7D, 0xF7, 0x7D, 0xF7,
    0x00, 0x00, 0x00, 0x00, 0x00, 0x00, 0x00, 0x00, 0x7D, 0xF7, 0x7D, 0xF7, 0x7D, 0xF7, 0x7D, 0xF7,
    0x7D, 0xF7, 0x7D, 0xF7, 0x7D, 0xF7, 0x7D, 0xF7, 0x7D, 0xF7, 0x7D, 0xF7, 0x7D, 0xF7, 0x7D, 0xF7,
    0x7D, 0xF7, 0x7D, 0xF7, 0x7D, 0xF7, 0x7D, 0xF7, 0x96, 0xB5, 0x96, 0xB5, 0x96, 0xB5, 0x96, 0xB5,
    0x96, 0xB5, 0x96, 0xB5, 0x96, 0xB5, 0x96, 0xB5, 0x96, 0xB5, 0x96, 0xB5, 0x96, 0xB5, 0x96, 0xB5,
    0x96, 0xB5, 0x96, 0xB5, 0x96, 0xB5, 0x96, 0xB5, 0x00, 0x00, 0x00, 0x00, 0x00, 0x00, 0x00, 0x00,
    0x96, 0xB5, 0x96, 0xB5, 0x96, 0xB5, 0x96, 0xB5, 0x96, 0xB5, 0x96, 0xB5, 0x96, 0xB5, 0x96, 0xB5,
    0x96, 0xB5, 0x96, 0xB5, 0x96, 0xB5, 0x96, 0xB5, 0x96, 0xB5, 0x96, 0xB5, 0x96, 0xB5, 0x96, 0xB5,
    0x00, 0x00, 0x00, 0x00, 0x00, 0x00, 0x00, 0x00, 0x96, 0xB5, 0x96, 0xB5, 0x96, 0xB5, 0x96, 0xB5,
    0x96, 0xB5, 0x96, 0xB5, 0x96, 0xB5, 0x96, 0xB5, 0x96, 0xB5, 0x96, 0xB5, 0x96, 0xB5, 0x96, 0xB5,
    0x96, 0xB5, 0x96, 0xB5, 0x96, 0xB5, 0x96, 0xB5, 0x00, 0x00, 0x00, 0x00, 0x00, 0x00, 0x00, 0x00,
    0x96, 0xB5, 0x96, 0xB5, 0x96, 0xB5, 0x96, 0xB5, 0x96, 0xB5, 0x96, 0xB5, 0x96, 0xB5, 0x96, 0xB5,
    0x96, 0xB5, 0x96, 0xB5, 0x96, 0xB5, 0x96, 0xB5, 0x00, 0x00, 0x00, 0x00, 0x00, 0x00, 0x00, 0x00,
    0x00, 0x00, 0x00, 0x00, 0x00, 0x00, 0x00, 0x00, 0x7D, 0xF7, 0x7D, 0xF7, 0x7D, 0xF7, 0x7D, 0xF7,
    0x7D, 0xF7, 0x7D, 0xF7, 0x7D, 0xF7, 0x7D, 0xF7, 0x7D, 0xF7, 0x7D, 0xF7, 0x7D, 0xF7, 0x7D, 0xF7,
    0x7D, 0xF7, 0x7D, 0xF7, 0x7D, 0xF7, 0x7D, 0xF7, 0x00, 0x00, 0x00, 0x00, 0x00, 0x00, 0x00, 0x00,
    0x7D, 0xF7, 0x7D, 0xF7, 0x7D, 0xF7, 0x7D, 0xF7, 0x7D, 0xF7, 0x7D, 0xF7, 0x7D, 0xF7, 0x7D, 0xF7,
    0x7D, 0xF7, 0x7D, 0xF7, 0x7D, 0xF7, 0x7D, 0xF7, 0x7D, 0xF7, 0x7D, 0xF7, 0x7D, 0xF7, 0x7D, 0xF7,
    0x00, 0x00, 0x00, 0x00, 0x00, 0x00, 0x00, 0x00, 0x7D, 0xF7, 0x7D, 0xF7, 0x7D, 0xF7, 0x7D, 0xF7,
    0x7D, 0xF7, 0x7D, 0xF7, 0x7D, 0xF7, 0x7D, 0xF7, 0x7D, 0xF7, 0x7D, 0xF7, 0x7D, 0xF7, 0x7D, 0xF7,
    0x7D, 0xF7, 0x7D, 0xF7, 0x7D, 0xF7, 0x7D, 0xF7, 0x00, 0x00, 0x00, 0x00, 0x00, 0x00, 0x00, 0x00,
    0x7D, 0xF7, 0x7D, 0xF7, 0x7D, 0xF7, 0x7D, 0xF7, 0x7D, 0xF7, 0x7D, 0xF7, 0x7D, 0xF7, 0x7D, 0xF7,
    0x7D, 0xF7, 0x7D, 0xF7, 0x7D, 0xF7, 0x7D, 0xF7, 0x7D, 0xF7, 0x7D, 0xF7, 0x7D, 0xF7, 0x7D, 0xF7,
    0x96, 0xB5, 0x96, 0xB5, 0x96, 0xB5, 0x96, 0xB5, 0x00, 0x00, 0x00, 0x00, 0x00, 0x00, 0x00, 0x00,
    0x00, 0x00, 0x00, 0x00, 0x00, 0x00, 0x00, 0x00, 0x96, 0xB5, 0x96, 0xB5, 0x96, 0xB5, 0x96, 0xB5,
    0x00, 0x00, 0x00, 0x00, 0x00, 0x00, 0x00, 0x00, 0x96, 0xB5, 0x96, 0xB5, 0x96, 0xB5, 0x96, 0xB5,
    0x00, 0x00, 0x00, 0x00, 0x00, 0x00, 0x00, 0x00, 0x00, 0x00, 0x00, 0x00, 0x00, 0x00, 0x00, 0x00,
    0x96, 0xB5, 0x96, 0xB5, 0x96, 0xB5, 0x96, 0xB5, 0x00, 0x00, 0x00, 0x00, 0x00, 0x00, 0x00, 0x00,
    0x96, 0xB5, 0x96, 0xB5, 0x96, 0xB5, 0x96, 0xB5, 0x00, 0x00, 0x00, 0x00, 0x00, 0x00, 0x00, 0x00,
    0x00, 0x00, 0x00, 0x00, 0x00, 0x00, 0x00, 0x00, 0x96, 0xB5, 0x96, 0xB5, 0x96, 0xB5, 0x96, 0xB5,
    0x00, 0x00, 0x00, 0x00, 0x00, 0x00, 0x00, 0x00, 0x96, 0xB5, 0x96, 0xB5, 0x96, 0xB5, 0x96, 0xB5,
    0x00, 0x00, 0x00, 0x00, 0x00, 0x00, 0x00, 0x00, 0x00, 0x00, 0x00, 0x00, 0x00, 0x00, 0x00, 0x00,
    0x96, 0xB5, 0x96, 0xB5, 0x96, 0xB5, 0x96, 0xB5, 0x00, 0x00, 0x00, 0x00, 0x00, 0x00, 0x00, 0x00,
    0x7D, 0xF7, 0x7D, 0xF7, 0x7D, 0xF7, 0x7D, 0xF7, 0x00, 0x00, 0x00, 0x00, 0x00, 0x00, 0x00, 0x00,
    0x00, 0x00, 0x00, 0x00, 0x00, 0x00, 0x00, 0x00, 0x00, 0x00, 0x00, 0x00, 0x00, 0x00, 0x00, 0x00,
    0x00, 0x00, 0x00, 0x00, 0x00, 0x00, 0x00, 0x00, 0x7D, 0xF7, 0x7D, 0xF7, 0x7D, 0xF7, 0x7D, 0xF7,
    0x00, 0x00, 0x00, 0x00, 0x00, 0x00, 0x00, 0x00, 0x00, 0x00, 0x00, 0x00, 0x00, 0x00, 0x00, 0x00,
    0x7D, 0xF7, 0x7D, 0xF7, 0x7D, 0xF7, 0x7D, 0xF7, 0x00, 0x00, 0x00, 0x00, 0x00, 0x00, 0x00, 0x00,
    0x7D, 0xF7, 0x7D, 0xF7, 0x7D, 0xF7, 0x7D, 0xF7, 0x00, 0x00, 0x00, 0x00, 0x00, 0x00, 0x00, 0x00,
    0x00, 0x00, 0x00, 0x00, 0x00, 0x00, 0x00, 0x00, 0x7D, 0xF7, 0x7D, 0xF7, 0x7D, 0xF7, 0x7D, 0xF7,
    0x00, 0x00, 0x00, 0x00, 0x00, 0x00, 0x00, 0x00, 0x7D, 0xF7, 0x7D, 0xF7, 0x7D, 0xF7, 0x7D, 0xF7,
    0x00, 0x00, 0x00, 0x00, 0x00, 0x00, 0x00, 0x00, 0x00, 0x00, 0x00, 0x00, 0x00, 0x00, 0x00, 0x00,
    0x7D, 0xF7, 0x7D, 0xF7, 0x7D, 0xF7, 0x7D, 0xF7, 0x96, 0xB5, 0x96, 0xB5, 0x96, 0xB5, 0x96, 0xB5,
    0x00, 0x00, 0x00, 0x00, 0x00, 0x00, 0x00, 0x00, 0x00, 0x00, 0x00, 0x00, 0x00, 0x00, 0x00, 0x00,
    0x96, 0xB5, 0x96, 0xB5, 0x96, 0xB5, 0x96, 0xB5, 0x00, 0x00, 0x00, 0x00, 0x00, 0x00, 0x00, 0x00,
    0x96, 0xB5, 0x96, 0xB5, 0x96, 0xB5, 0x96, 0xB5, 0x00, 0x00, 0x00, 0x00, 0x00, 0x00, 0x00, 0x00,
    0x00, 0x00, 0x00, 0x00, 0x00, 0x00, 0x00, 0x00, 0x96, 0xB5, 0x96, 0xB5, 0x96, 0xB5, 0x96, 0xB5,
    0x00, 0x00, 0x00, 0x00, 0x00, 0x00, 0x00, 0x00, 0x96, 0xB5, 0x96, 0xB5, 0x96, 0xB5, 0x96, 0xB5,
    0x00, 0x00, 0x00, 0x00, 0x00, 0x00, 0x00, 0x00, 0x00, 0x00, 0x00, 0x00, 0x00, 0x00, 0x00, 0x00,
    0x96, 0xB5, 0x96, 0xB5, 0x96, 0xB5, 0x96, 0xB5, 0x00, 0x00, 0x00, 0x00, 0x00, 0x00, 0x00, 0x00,
    0x96, 0xB5, 0x96, 0xB5, 0x96, 0xB5, 0x96, 0xB5, 0x00, 0x00, 0x00, 0x00, 0x00, 0x00, 0x00, 0x00,
    0x00, 0x00, 0x00, 0x00, 0x00, 0x00, 0x00, 0x00, 0x96, 0xB5, 0x96, 0xB5, 0x96, 0xB5, 0x96, 0xB5,
    0x00, 0x00, 0x00, 0x00, 0x00, 0x00, 0x00, 0x00, 0x7D, 0xF7, 0x7D, 0xF7, 0x7D, 0xF7, 0x7D, 0xF7,
    0x00, 0x00, 0x00, 0x00, 0x00, 0x00, 0x00, 0x00, 0x00, 0x00, 0x00, 0x00, 0x00, 0x00, 0x00, 0x00,
    0x00, 0x00, 0x00, 0x00, 0x00, 0x00, 0x00, 0x00, 0x00, 0x00, 0x00, 0x00, 0x00, 0x00, 0x00, 0x00,
    0x7D, 0xF7, 0x7D, 0xF7, 0x7D, 0xF7, 0x7D, 0xF7, 0x00, 0x00, 0x00, 0x00, 0x00, 0x00, 0x00, 0x00,
    0x00, 0x00, 0x00, 0x00, 0x00, 0x00, 0x00, 0x00, 0x7D, 0xF7, 0x7D, 0xF7, 0x7D, 0xF7, 0x7D, 0xF7,
    0x00, 0x00, 0x00, 0x00, 0x00, 0x00, 0x00, 0x00, 0x7D, 0xF7, 0x7D, 0xF7, 0x7D, 0xF7, 0x7D, 0xF7,
    0x00, 0x00, 0x00, 0x00, 0x00, 0x00, 0x00, 0x00, 0x00, 0x00, 0x00, 0x00, 0x00, 0x00, 0x00, 0x00,
    0x7D, 0xF7, 0x7D, 0xF7, 0x7D, 0xF7, 0x7D, 0xF7, 0x00, 0x00, 0x00, 0x00, 0x00, 0x00, 0x00, 0x00,
    0x7D, 0xF7, 0x7D, 0xF7, 0x7D, 0xF7, 0x7D, 0xF7, 0x00, 0x00, 0x00, 0x00, 0x00, 0x00, 0x00, 0x00,
    0x00, 0x00, 0x00, 0x00, 0x00, 0x00, 0x00, 0x00, 0x7D, 0xF7, 0x7D, 0xF7, 0x7D, 0xF7, 0x7D, 0xF7,
    0x96, 0xB5, 0x96, 0xB5, 0x96, 0xB5, 0x96, 0xB5, 0x00, 0x00, 0x00, 0x00, 0x00, 0x00, 0x00, 0x00,
    0x00, 0x00, 0x00, 0x00, 0x00, 0x00, 0x00, 0x00, 0x96, 0xB5, 0x96, 0xB5, 0x96, 0xB5, 0x96, 0xB5,
    0x00, 0x00, 0x00, 0x00, 0x00, 0x00, 0x00, 0x00, 0x96, 0xB5, 0x96, 0xB5, 0x96, 0xB5, 0x96, 0xB5,
    0x00, 0x00, 0x00, 0x00, 0x00, 0x00, 0x00, 0x00, 0x00, 0x00, 0x00, 0x00, 0x00, 0x00, 0x00, 0x00,
    0x96, 0xB5, 0x96, 0xB5, 0x96, 0xB5, 0x96, 0xB5, 0x00, 0x00, 0x00, 0x00, 0x00, 0x00, 0x00, 0x00,
    0x96, 0xB5, 0x96, 0xB5, 0x96, 0xB5, 0x96, 0xB5, 0x00, 0x00, 0x00, 0x00, 0x00, 0x00, 0x00, 0x00,
    0x00, 0x00, 0x00, 0x00, 0x00, 0x00, 0x00, 0x00, 0x96, 0xB5, 0x96, 0xB5, 0x96, 0xB5, 0x96, 0xB5,
    0x00, 0x00, 0x00, 0x00, 0x00, 0x00, 0x00, 0x00, 0x96, 0xB5, 0x96, 0xB5, 0x96, 0xB5, 0x96, 0xB5,
    0x00, 0x00, 0x00, 0x00, 0x00, 0x00, 0x00, 0x00, 0x00, 0x00, 0x00, 0x00, 0x00, 0x00, 0x00, 0x00,
    0x96, 0xB5, 0x96, 0xB5, 0x96, 0xB5, 0x96, 0xB5, 0x00, 0x00, 0x00, 0x00, 0x00, 0x00, 0x00, 0x00,
    0x7D, 0xF7, 0x7D, 0xF7, 0x7D, 0xF7, 0x7D, 0xF7, 0x00, 0x00, 0x00, 0x00, 0x00, 0x00, 0x00, 0x00,
    0x00, 0x00, 0x00, 0x00, 0x00, 0x00, 0x00, 0x00, 0x00, 0x00, 0x00, 0x00, 0x00, 0x00, 0x00, 0x00,
    0x00, 0x00, 0x00, 0x00, 0x00, 0x00, 0x00, 0x00, 0x7D, 0xF7, 0x7D, 0xF7, 0x7D, 0xF7, 0x7D, 0xF7,
    0x00, 0x00, 0x00, 0x00, 0x00, 0x00, 0x00, 0x00, 0x00, 0x00, 0x00, 0x00, 0x00, 0x00, 0x00, 0x00,
    0x7D, 0xF7, 0x7D, 0xF7, 0x7D, 0xF7, 0x7D, 0xF7, 0x00, 0x00, 0x00, 0x00, 0x00, 0x00, 0x00, 0x00,
    0x7D, 0xF7, 0x7D, 0xF7, 0x7D, 0xF7, 0x7D, 0xF7, 0x00, 0x00, 0x00, 0x00, 0x00, 0x00, 0x00, 0x00,
    0x00, 0x00, 0x00, 0x00, 0x00, 0x00, 0x00, 0x00, 0x7D, 0xF7, 0x7D, 0xF7, 0x7D, 0xF7, 0x7D, 0xF7,
    0x00, 0x00, 0x00, 0x00, 0x00, 0x00, 0x00, 0x00, 0x7D, 0xF7, 0x7D, 0xF7, 0x7D, 0xF7, 0x7D, 0xF7,
    0x00, 0x00, 0x00, 0x00, 0x00, 0x00, 0x00, 0x00, 0x00, 0x00, 0x00, 0x00, 0x00, 0x00, 0x00, 0x00,
    0x7D, 0xF7, 0x7D, 0xF7, 0x7D, 0xF7, 0x7D, 0xF7, 0x96, 0xB5, 0x96, 0xB5, 0x96, 0xB5, 0x96, 0xB5,
    0x00, 0x00, 0x00, 0x00, 0x00, 0x00, 0x00, 0x00, 0x00, 0x00, 0x00, 0x00, 0x00, 0x00, 0x00, 0x00,
    0x96, 0xB5, 0x96, 0xB5, 0x96, 0xB5, 0x96, 0xB5, 0x00, 0x00, 0x00, 0x00, 0x00, 0x00, 0x00, 0x00,
    0x96, 0xB5, 0x96, 0xB5, 0x96, 0xB5, 0x96, 0xB5, 0x00, 0x00, 0x00, 0x00, 0x00, 0x00, 0x00, 0x00,
    0x00, 0x00, 0x00, 0x00, 0x00, 0x00, 0x00, 0x00, 0x96, 0xB5, 0x96, 0xB5, 0x96, 0xB5, 0x96, 0xB5,
    0x00, 0x00, 0x00, 0x00, 0x00, 0x00, 0x00, 0x00, 0x96, 0xB5, 0x96, 0xB5, 0x96, 0xB5, 0x96, 0xB5,
    0x00, 0x00, 0x00, 0x00, 0x00, 0x00, 0x00, 0x00, 0x00, 0x00, 0x00, 0x00, 0x00, 0x00, 0x00, 0x00,
    0x96, 0xB5, 0x96, 0xB5, 0x96, 0xB5, 0x96, 0xB5, 0x00, 0x00, 0x00, 0x00, 0x00, 0x00, 0x00, 0x00,
    0x96, 0xB5, 0x96, 0xB5, 0x96, 0xB5, 0x96, 0xB5, 0x00, 0x00, 0x00, 0x00, 0x00, 0x00, 0x00, 0x00,
    0x00, 0x00, 0x00, 0x00, 0x00, 0x00, 0x00, 0x00, 0x96, 0xB5, 0x96, 0xB5, 0x96, 0xB5, 0x96, 0xB5,
    0x00, 0x00, 0x00, 0x00, 0x00, 0x00, 0x00, 0x00, 0x7D, 0xF7, 0x7D, 0xF7, 0x7D, 0xF7, 0x7D, 0xF7,
    0x00, 0x00, 0x00, 0x00, 0x00, 0x00, 0x00, 0x00, 0x00, 0x00, 0x00, 0x00, 0x00, 0x00, 0x00, 0x00,
    0x00, 0x00, 0x00, 0x00, 0x00, 0x00, 0x00, 0x00, 0x00, 0x00, 0x00, 0x00, 0x00, 0x00, 0x00, 0x00,
    0x7D, 0xF7, 0x7D, 0xF7, 0x7D, 0xF7, 0x7D, 0xF7, 0x00, 0x00, 0x00, 0x00, 0x00, 0x00, 0x00, 0x00,
    0x00, 0x00, 0x00, 0x00, 0x00, 0x00, 0x00, 0x00, 0x7D, 0xF7, 0x7D, 0xF7, 0x7D, 0xF7, 0x7D, 0xF7,
    0x00, 0x00, 0x00, 0x00, 0x00, 0x00, 0x00, 0x00, 0x7D, 0xF7, 0x7D, 0xF7, 0x7D, 0xF7, 0x7D, 0xF7,
    0x00, 0x00, 0x00, 0x00, 0x00, 0x00, 0x00, 0x00, 0x00, 0x00, 0x00, 0x00, 0x00, 0x00, 0x00, 0x00,
    0x7D, 0xF7, 0x7D, 0xF7, 0x7D, 0xF7, 0x7D, 0xF7, 0x00, 0x00, 0x00, 0x00, 0x00, 0x00, 0x00, 0x00,
    0x7D, 0xF7, 0x7D, 0xF7, 0x7D, 0xF7, 0x7D, 0xF7, 0x00, 0x00, 0x00, 0x00, 0x00, 0x00, 0x00, 0x00,
    0x00, 0x00, 0x00, 0x00, 0x00, 0x00, 0x00, 0x00, 0x7D, 0xF7, 0x7D, 0xF7, 0x7D, 0xF7, 0x7D, 0xF7,
    0x96, 0xB5, 0x96, 0xB5, 0x96, 0xB5, 0x96, 0xB5, 0x28, 0x4A, 0x28, 0x4A, 0x28, 0x4A, 0x28, 0x4A,
    0x28, 0x4A, 0x28, 0x4A, 0x28, 0x4A, 0x28, 0x4A, 0x96, 0xB5, 0x96, 0xB5, 0x96, 0xB5, 0x96, 0xB5,
    0x00, 0x00, 0x00, 0x00, 0x00, 0x00, 0x00, 0x00, 0x96, 0xB5, 0x96, 0xB5, 0x96, 0xB5, 0x96, 0xB5,
    0x28, 0x4A, 0x28, 0x4A, 0x28, 0x4A, 0x28, 0x4A, 0x28, 0x4A, 0x28, 0x4A, 0x28, 0x4A, 0x28, 0x4A,
    0x96, 0xB5, 0x96, 0xB5, 0x96, 0xB5, 0x96, 0xB5, 0x00, 0x00, 0x00, 0x00, 0x00, 0x00, 0x00, 0x00,
    0x96, 0xB5, 0x96, 0xB5, 0x96, 0xB5, 0x96, 0xB5, 0x96, 0xB5, 0x96, 0xB5, 0x96, 0xB5, 0x96, 0xB5,
    0x96, 0xB5, 0x96, 0xB5, 0x96, 0xB5, 0x96, 0xB5, 0x96, 0xB5, 0x96, 0xB5, 0x96, 0xB5, 0x96, 0xB5,
    0x00, 0x00, 0x00, 0x00, 0x00, 0x00, 0x00, 0x00, 0x96, 0xB5, 0x96, 0xB5, 0x96, 0xB5, 0x96, 0xB5,
    0x28, 0x4A, 0x28, 0x4A, 0x28, 0x4A, 0x28, 0x4A, 0x28, 0x4A, 0x28, 0x4A, 0x28, 0x4A, 0x28, 0x4A,
    0x96, 0xB5, 0x96, 0xB5, 0x96, 0xB5, 0x96, 0xB5, 0x00, 0x00, 0x00, 0x00, 0x00, 0x00, 0x00, 0x00,
    0x7D, 0xF7, 0x7D, 0xF7, 0x7D, 0xF7, 0x7D, 0xF7, 0x28, 0x4A, 0x28, 0x4A, 0x28, 0x4A, 0x28, 0x4A,
    0x28, 0x4A, 0x28, 0x4A, 0x28, 0x4A, 0x28, 0x4A, 0x28, 0x4A, 0x28, 0x4A, 0x28, 0x4A, 0x28, 0x4A,
    0x00, 0x00, 0x00, 0x00, 0x00, 0x00, 0x00, 0x00, 0x7D, 0xF7, 0x7D, 0xF7, 0x7D, 0xF7, 0x7D, 0xF7,
    0x28, 0x4A, 0x28, 0x4A, 0x28, 0x4A, 0x28, 0x4A, 0x28, 0x4A, 0x28, 0x4A, 0x28, 0x4A, 0x28, 0x4A,
    0x7D, 0xF7, 0x7D, 0xF7, 0x7D, 0xF7, 0x7D, 0xF7, 0x00, 0x00, 0x00, 0x00, 0x00, 0x00, 0x00, 0x00,
    0x7D, 0xF7, 0x7D, 0xF7, 0x7D, 0xF7, 0x7D, 0xF7, 0x28, 0x4A, 0x28, 0x4A, 0x28, 0x4A, 0x28, 0x4A,
    0x28, 0x4A, 0x28, 0x4A, 0x28, 0x4A, 0x28, 0x4A, 0x7D, 0xF7, 0x7D, 0xF7, 0x7D, 0xF7, 0x7D, 0xF7,
    0x00, 0x00, 0x00, 0x00, 0x00, 0x00, 0x00, 0x00, 0x7D, 0xF7, 0x7D, 0xF7, 0x7D, 0xF7, 0x7D, 0xF7,
    0x7D, 0xF7, 0x7D, 0xF7, 0x7D, 0xF7, 0x7D, 0xF7, 0x7D, 0xF7, 0x7D, 0xF7, 0x7D, 0xF7, 0x7D, 0xF7,
    0x7D, 0xF7, 0x7D, 0xF7, 0x7D, 0xF7, 0x7D, 0xF7, 0x96, 0xB5, 0x96, 0xB5, 0x96, 0xB5, 0x96, 0xB5,
    0x28, 0x4A, 0x28, 0x4A, 0x28, 0x4A, 0x28, 0x4A, 0x28, 0x4A, 0x28, 0x4A, 0x28, 0x4A, 0x28, 0x4A,
    0x96, 0xB5, 0x96, 0xB5, 0x96, 0xB5, 0x96, 0xB5, 0x00, 0x00, 0x00, 0x00, 0x00, 0x00, 0x00, 0x00,
    0x96, 0xB5, 0x96, 0xB5, 0x96, 0xB5, 0x96, 0xB5, 0x28, 0x4A, 0x28, 0x4A, 0x28, 0x4A, 0x28, 0x4A,
    0x28, 0x4A, 0x28, 0x4A, 0x28, 0x4A, 0x28, 0x4A, 0x96, 0xB5, 0x96, 0xB5, 0x96, 0xB5, 0x96, 0xB5,
    0x00, 0x00, 0x00, 0x00, 0x00, 0x00, 0x00, 0x00, 0x96, 0xB5, 0x96, 0xB5, 0x96, 0xB5, 0x96, 0xB5,
    0x96, 0xB5, 0x96, 0xB5, 0x96, 0xB5, 0x96, 0xB5, 0x96, 0xB5, 0x96, 0xB5, 0x96, 0xB5, 0x96, 0xB5,
    0x96, 0xB5, 0x96, 0xB5, 0x96, 0xB5, 0x96, 0xB5, 0x00, 0x00, 0x00, 0x00, 0x00, 0x00, 0x00, 0x00,
    0x96, 0xB5, 0x96, 0xB5, 0x96, 0xB5, 0x96, 0xB5, 0x28, 0x4A, 0x28, 0x4A, 0x28, 0x4A, 0x28, 0x4A,
    0x28, 0x4A, 0x28, 0x4A, 0x28, 0x4A, 0x28, 0x4A, 0x96, 0xB5, 0x96, 0xB5, 0x96, 0xB5, 0x96, 0xB5,
    0x00, 0x00, 0x00, 0x00, 0x00, 0x00, 0x00, 0x00, 0x7D, 0xF7, 0x7D, 0xF7, 0x7D, 0xF7, 0x7D, 0xF7,
    0x28, 0x4A, 0x28, 0x4A, 0x28, 0x4A, 0x28, 0x4A, 0x28, 0x4A, 0x28, 0x4A, 0x28, 0x4A, 0x28, 0x4A,
    0x28, 0x4A, 0x28, 0x4A, 0x28, 0x4A, 0x28, 0x4A, 0x00, 0x00, 0x00, 0x00, 0x00, 0x00, 0x00, 0x00,
    0x7D, 0xF7, 0x7D, 0xF7, 0x7D, 0xF7, 0x7D, 0xF7, 0x28, 0x4A, 0x28, 0x4A, 0x28, 0x4A, 0x28, 0x4A,
    0x28, 0x4A, 0x28, 0x4A, 0x28, 0x4A, 0x28, 0x4A, 0x7D, 0xF7, 0x7D, 0xF7, 0x7D, 0xF7, 0x7D, 0xF7,
    0x00, 0x00, 0x00, 0x00, 0x00, 0x00, 0x00, 0x00, 0x7D, 0xF7, 0x7D, 0xF7, 0x7D, 0xF7, 0x7D, 0xF7,
    0x28, 0x4A, 0x28, 0x4A, 0x28, 0x4A, 0x28, 0x4A, 0x28, 0x4A, 0x28, 0x4A, 0x28, 0x4A, 0x28, 0x4A,
    0x7D, 0xF7, 0x7D, 0xF7, 0x7D, 0xF7, 0x7D, 0xF7, 0x00, 0x00, 0x00, 0x00, 0x00, 0x00, 0x00, 0x00,
    0x7D, 0xF7, 0x7D, 0xF7, 0x7D, 0xF7, 0x7D, 0xF7, 0x7D, 0xF7, 0x7D, 0xF7, 0x7D, 0xF7, 0x7D, 0xF7,
    0x7D, 0xF7, 0x7D, 0xF7, 0x7D, 0xF7, 0x7D, 0xF7, 0x7D, 0xF7, 0x7D, 0xF7, 0x7D, 0xF7, 0x7D, 0xF7,
    0x96, 0xB5, 0x96, 0xB5, 0x96, 0xB5, 0x96, 0xB5, 0x28, 0x4A, 0x28, 0x4A, 0x28, 0x4A, 0x28, 0x4A,
    0x28, 0x4A, 0x28, 0x4A, 0x28, 0x4A, 0x28, 0x4A, 0x96, 0xB5, 0x96, 0xB5, 0x96, 0xB5, 0x96, 0xB5,
    0x00, 0x00, 0x00, 0x00, 0x00, 0x00, 0x00, 0x00, 0x96, 0xB5, 0x96, 0xB5, 0x96, 0xB5, 0x96, 0xB5,
    0x28, 0x4A, 0x28, 0x4A, 0x28, 0x4A, 0x28, 0x4A, 0x28, 0x4A, 0x28, 0x4A, 0x28, 0x4A, 0x28, 0x4A,
    0x96, 0xB5, 0x96, 0xB5, 0x96, 0xB5, 0x96, 0xB5, 0x00, 0x00, 0x00, 0x00, 0x00, 0x00, 0x00, 0x00,
    0x96, 0xB5, 0x96, 0xB5, 0x96, 0xB5, 0x96, 0xB5, 0x96, 0xB5, 0x96, 0xB5, 0x96, 0xB5, 0x96, 0xB5,
    0x96, 0xB5, 0x96, 0xB5, 0x96, 0xB5, 0x96, 0xB5, 0x96, 0xB5, 0x96, 0xB5, 0x96, 0xB5, 0x96, 0xB5,
    0x00, 0x00, 0x00, 0x00, 0x00, 0x00, 0x00, 0x00, 0x96, 0xB5, 0x96, 0xB5, 0x96, 0xB5, 0x96, 0xB5,
    0x28, 0x4A, 0x28, 0x4A, 0x28, 0x4A, 0x28, 0x4A, 0x28, 0x4A, 0x28, 0x4A, 0x28, 0x4A, 0x28, 0x4A,
    0x96, 0xB5, 0x96, 0xB5, 0x96, 0xB5, 0x96, 0xB5, 0x00, 0x00, 0x00, 0x00, 0x00, 0x00, 0x00, 0x00,
    0x7D, 0xF7, 0x7D, 0xF7, 0x7D, 0xF7, 0x7D, 0xF7, 0x28, 0x4A, 0x28, 0x4A, 0x28, 0x4A, 0x28, 0x4A,
    0x28, 0x4A, 0x28, 0x4A, 0x28, 0x4A, 0x28, 0x4A, 0x28, 0x4A, 0x28, 0x4A, 0x28, 0x4A, 0x28, 0x4A,
    0x00, 0x00, 0x00, 0x00, 0x00, 0x00, 0x00, 0x00, 0x7D, 0xF7, 0x7D, 0xF7, 0x7D, 0xF7, 0x7D, 0xF7,
    0x28, 0x4A, 0x28, 0x4A, 0x28, 0x4A, 0x28, 0x4A, 0x28, 0x4A, 0x28, 0x4A, 0x28, 0x4A, 0x28, 0x4A,
    0x7D, 0xF7, 0x7D, 0xF7, 0x7D, 0xF7, 0x7D, 0xF7, 0x00, 0x00, 0x00, 0x00, 0x00, 0x00, 0x00, 0x00,
    0x7D, 0xF7, 0x7D, 0xF7, 0x7D, 0xF7, 0x7D, 0xF7, 0x28, 0x4A, 0x28, 0x4A, 0x28, 0x4A, 0x28, 0x4A,
    0x28, 0x4A, 0x28, 0x4A, 0x28, 0x4A, 0x28, 0x4A, 0x7D, 0xF7, 0x7D, 0xF7, 0x7D, 0xF7, 0x7D, 0xF7,
    0x00, 0x00, 0x00, 0x00, 0x00, 0x00, 0x00, 0x00, 0x7D, 0xF7, 0x7D, 0xF7, 0x7D, 0xF7, 0x7D, 0xF7,
    0x7D, 0xF7, 0x7D, 0xF7, 0x7D, 0xF7, 0x7D, 0xF7, 0x7D, 0xF7, 0x7D, 0xF7, 0x7D, 0xF7, 0x7D, 0xF7,
    0x7D, 0xF7, 0x7D, 0xF7, 0x7D, 0xF7, 0x7D, 0xF7, 0x96, 0xB5, 0x96, 0xB5, 0x96, 0xB5, 0x96, 0xB5,
    0x28, 0x4A, 0x28, 0x4A, 0x28, 0x4A, 0x28, 0x4A, 0x28, 0x4A, 0x28, 0x4A, 0x28, 0x4A, 0x28, 0x4A,
    0x96, 0xB5, 0x96, 0xB5, 0x96, 0xB5, 0x96, 0xB5, 0x00, 0x00, 0x00, 0x00, 0x00, 0x00, 0x00, 0x00,
    0x96, 0xB5, 0x96, 0xB5, 0x96, 0xB5, 0x96, 0xB5, 0x28, 0x4A, 0x28, 0x4A, 0x28, 0x4A, 0x28, 0x4A,
    0x28, 0x4A, 0x28, 0x4A, 0x28, 0x4A, 0x28, 0x4A, 0x96, 0xB5, 0x96, 0xB5, 0x96, 0xB5, 0x96, 0xB5,
    0x00, 0x00, 0x00, 0x00, 0x00, 0x00, 0x00, 0x00, 0x96, 0xB5, 0x96, 0xB5, 0x96, 0xB5, 0x96, 0xB5,
    0x96, 0xB5, 0x96, 0xB5, 0x96, 0xB5, 0x96, 0xB5, 0x96, 0xB5, 0x96, 0xB5, 0x96, 0xB5, 0x96, 0xB5,
    0x96, 0xB5, 0x96, 0xB5, 0x96, 0xB5, 0x96, 0xB5, 0x00, 0x00, 0x00, 0x00, 0x00, 0x00, 0x00, 0x00,
    0x96, 0xB5, 0x96, 0xB5, 0x96, 0xB5, 0x96, 0xB5, 0x28, 0x4A, 0x28, 0x4A, 0x28, 0x4A, 0x28, 0x4A,
    0x28, 0x4A, 0x28, 0x4A, 0x28, 0x4A, 0x28, 0x4A, 0x96, 0xB5, 0x96, 0xB5, 0x96, 0xB5, 0x96, 0xB5,
    0x00, 0x00, 0x00, 0x00, 0x00, 0x00, 0x00, 0x00, 0x7D, 0xF7, 0x7D, 0xF7, 0x7D, 0xF7, 0x7D, 0xF7,
    0x28, 0x4A, 0x28, 0x4A, 0x28, 0x4A, 0x28, 0x4A, 0x28, 0x4A, 0x28, 0x4A, 0x28, 0x4A, 0x28, 0x4A,
    0x28, 0x4A, 0x28, 0x4A, 0x28, 0x4A, 0x28, 0x4A, 0x00, 0x00, 0x00, 0x00, 0x00, 0x00, 0x00, 0x00,
    0x7D, 0xF7, 0x7D, 0xF7, 0x7D, 0xF7, 0x7D, 0xF7, 0x28, 0x4A, 0x28, 0x4A, 0x28, 0x4A, 0x28, 0x4A,
    0x28, 0x4A, 0x28, 0x4A, 0x28, 0x4A, 0x28, 0x4A, 0x7D, 0xF7, 0x7D, 0xF7, 0x7D, 0xF7, 0x7D, 0xF7,
    0x00, 0x00, 0x00, 0x00, 0x00, 0x00, 0x00, 0x00, 0x7D, 0xF7, 0x7D, 0xF7, 0x7D, 0xF7, 0x7D, 0xF7,
    0x28, 0x4A, 0x28, 0x4A, 0x28, 0x4A, 0x28, 0x4A, 0x28, 0x4A, 0x28, 0x4A, 0x28, 0x4A, 0x28, 0x4A,
    0x7D, 0xF7, 0x7D, 0xF7, 0x7D, 0xF7, 0x7D, 0xF7, 0x00, 0x00, 0x00, 0x00, 0x00, 0x00, 0x00, 0x00,
    0x7D, 0xF7, 0x7D, 0xF7, 0x7D, 0xF7, 0x7D, 0xF7, 0x7D, 0xF7, 0x7D, 0xF7, 0x7D, 0xF7, 0x7D, 0xF7,
    0x7D, 0xF7, 0x7D, 0xF7, 0x7D, 0xF7, 0x7D, 0xF7, 0x7D, 0xF7, 0x7D, 0xF7, 0x7D, 0xF7, 0x7D, 0xF7,
    0x96, 0xB5, 0x96, 0xB5, 0x96, 0xB5, 0x96, 0xB5, 0x28, 0x4A, 0x28, 0x4A, 0x28, 0x4A, 0x28, 0x4A,
    0x28, 0x4A, 0x28, 0x4A, 0x28, 0x4A, 0x28, 0x4A, 0x96, 0xB5, 0x96, 0xB5, 0x96, 0xB5, 0x96, 0xB5,
    0x00, 0x00, 0x00, 0x00, 0x00, 0x00, 0x00, 0x00, 0x96, 0xB5, 0x96, 0xB5, 0x96, 0xB5, 0x96, 0xB5,
    0x28, 0x4A, 0x28, 0x4A, 0x28, 0x4A, 0x28, 0x4A, 0x28, 0x4A, 0x28, 0x4A, 0x28, 0x4A, 0x28, 0x4A,
    0x96, 0xB5, 0x96, 0xB5, 0x96, 0xB5, 0x96, 0xB5, 0x00, 0x00, 0x00, 0x00, 0x00, 0x00, 0x00, 0x00,
    0x96, 0xB5, 0x96, 0xB5, 0x96, 0xB5, 0x96, 0xB5, 0x28, 0x4A, 0x28, 0x4A, 0x28, 0x4A, 0x28, 0x4A,
    0x28, 0x4A, 0x28, 0x4A, 0x28, 0x4A, 0x28, 0x4A, 0x28, 0x4A, 0x28, 0x4A, 0x28, 0x4A, 0x28, 0x4A,
    0x00, 0x00, 0x00, 0x00, 0x00, 0x00, 0x00, 0x00, 0x96, 0xB5, 0x96, 0xB5, 0x96, 0xB5, 0x96, 0xB5,
    0x28, 0x4A, 0x28, 0x4A, 0x28, 0x4A, 0x28, 0x4A, 0x28, 0x4A, 0x28, 0x4A, 0x28, 0x4A, 0x28, 0x4A,
    0x96, 0xB5, 0x96, 0xB5, 0x96, 0xB5, 0x96, 0xB5, 0x00, 0x00, 0x00, 0x00, 0x00, 0x00, 0x00, 0x00,
    0x7D, 0xF7, 0x7D, 0xF7, 0x7D, 0xF7, 0x7D, 0xF7, 0x28, 0x4A, 0x28, 0x4A, 0x28, 0x4A, 0x28, 0x4A,
    0x28, 0x4A, 0x28, 0x4A, 0x28, 0x4A, 0x28, 0x4A, 0x28, 0x4A, 0x28, 0x4A, 0x28, 0x4A, 0x28, 0x4A,
    0x00, 0x00, 0x00, 0x00, 0x00, 0x00, 0x00, 0x00, 0x7D, 0xF7, 0x7D, 0xF7, 0x7D, 0xF7, 0x7D, 0xF7,
    0x28, 0x4A, 0x28, 0x4A, 0x28, 0x4A, 0x28, 0x4A, 0x28, 0x4A, 0x28, 0x4A, 0x28, 0x4A, 0x28, 0x4A,
    0x7D, 0xF7, 0x7D, 0xF7, 0x7D, 0xF7, 0x7D, 0xF7, 0x00, 0x00, 0x00, 0x00, 0x00, 0x00, 0x00, 0x00,
    0x7D, 0xF7, 0x7D, 0xF7, 0x7D, 0xF7, 0x7D, 0xF7, 0x28, 0x4A, 0x28, 0x4A, 0x28, 0x4A, 0x28, 0x4A,
    0x28, 0x4A, 0x28, 0x4A, 0x28, 0x4A, 0x28, 0x4A, 0x7D, 0xF7, 0x7D, 0xF7, 0x7D, 0xF7, 0x7D, 0xF7,
    0x00, 0x00, 0x00, 0x00, 0x00, 0x00, 0x00, 0x00, 0x7D, 0xF7, 0x7D, 0xF7, 0x7D, 0xF7, 0x7D, 0xF7,
    0x28, 0x4A, 0x28, 0x4A, 0x28, 0x4A, 0x28, 0x4A, 0x28, 0x4A, 0x28, 0x4A, 0x28, 0x4A, 0x28, 0x4A,
    0x28, 0x4A, 0x28, 0x4A, 0x28, 0x4A, 0x28, 0x4A, 0x96, 0xB5, 0x96, 0xB5, 0x96, 0xB5, 0x96, 0xB5,
    0x28, 0x4A, 0x28, 0x4A, 0x28, 0x4A, 0x28, 0x4A, 0x28, 0x4A, 0x28, 0x4A, 0x28, 0x4A, 0x28, 0x4A,
    0x96, 0xB5, 0x96, 0xB5, 0x96, 0xB5, 0x96, 0xB5, 0x00, 0x00, 0x00, 0x00, 0x00, 0x00, 0x00, 0x00,
    0x96, 0xB5, 0x96, 0xB5, 0x96, 0xB5, 0x96, 0xB5, 0x28, 0x4A, 0x28, 0x4A, 0x28, 0x4A, 0x28, 0x4A,
    0x28, 0x4A, 0x28, 0x4A, 0x28, 0x4A, 0x28, 0x4A, 0x96, 0xB5, 0x96, 0xB5, 0x96, 0xB5, 0x96, 0xB5,
    0x00, 0x00, 0x00, 0x00, 0x00, 0x00, 0x00, 0x00, 0x96, 0xB5, 0x96, 0xB5, 0x96, 0xB5, 0x96, 0xB5,
    0x28, 0x4A, 0x28, 0x4A, 0x28, 0x4A, 0x28, 0x4A, 0x28, 0x4A, 0x28, 0x4A, 0x28, 0x4A, 0x28, 0x4A,
    0x28, 0x4A, 0x28, 0x4A, 0x28, 0x4A, 0x28, 0x4A, 0x00, 0x00, 0x00, 0x00, 0x00, 0x00, 0x00, 0x00,
    0x96, 0xB5, 0x96, 0xB5, 0x96, 0xB5, 0x96, 0xB5, 0x28, 0x4A, 0x28, 0x4A, 0x28, 0x4A, 0x28, 0x4A,
    0x28, 0x4A, 0x28, 0x4A, 0x28, 0x4A, 0x28, 0x4A, 0x96, 0xB5, 0x96, 0xB5, 0x96, 0xB5, 0x96, 0xB5,
    0x00, 0x00, 0x00, 0x00, 0x00, 0x00, 0x00, 0x00, 0x7D, 0xF7, 0x7D, 0xF7, 0x7D, 0xF7, 0x7D, 0xF7,
    0x28, 0x4A, 0x28, 0x4A, 0x28, 0x4A, 0x28, 0x4A, 0x28, 0x4A, 0x28, 0x4A, 0x28, 0x4A, 0x28, 0x4A,
    0x28, 0x4A, 0x28, 0x4A, 0x28, 0x4A, 0x28, 0x4A, 0x00, 0x00, 0x00, 0x00, 0x00, 0x00, 0x00, 0x00,
    0x7D, 0xF7, 0x7D, 0xF7, 0x7D, 0xF7, 0x7D, 0xF7, 0x28, 0x4A, 0x28, 0x4A, 0x28, 0x4A, 0x28, 0x4A,
    0x28, 0x4A, 0x28, 0x4A, 0x28, 0x4A, 0x28, 0x4A, 0x7D, 0xF7, 0x7D, 0xF7, 0x7D, 0xF7, 0x7D, 0xF7,
    0x00, 0x00, 0x00, 0x00, 0x00, 0x00, 0x00, 0x00, 0x7D, 0xF7, 0x7D, 0xF7, 0x7D, 0xF7, 0x7D, 0xF7,
    0x28, 0x4A, 0x28, 0x4A, 0x28, 0x4A, 0x28, 0x4A, 0x28, 0x4A, 0x28, 0x4A, 0x28, 0x4A, 0x28, 0x4A,
    0x7D, 0xF7, 0x7D, 0xF7, 0x7D, 0xF7, 0x7D, 0xF7, 0x00, 0x00, 0x00, 0x00, 0x00, 0x00, 0x00, 0x00,
    0x7D, 0xF7, 0x7D, 0xF7, 0x7D, 0xF7, 0x7D, 0xF7, 0x28, 0x4A, 0x28, 0x4A, 0x28, 0x4A, 0x28, 0x4A,
    0x28, 0x4A, 0x28, 0x4A, 0x28, 0x4A, 0x28, 0x4A, 0x28, 0x4A, 0x28, 0x4A, 0x28, 0x4A, 0x28, 0x4A,
    0x96, 0xB5, 0x96, 0xB5, 0x96, 0xB5, 0x96, 0xB5, 0x28, 0x4A, 0x28, 0x4A, 0x28, 0x4A, 0x28, 0x4A,
    0x28, 0x4A, 0x28, 0x4A, 0x28, 0x4A, 0x28, 0x4A, 0x96, 0xB5, 0x96, 0xB5, 0x96, 0xB5, 0x96, 0xB5,
    0x00, 0x00, 0x00, 0x00, 0x00, 0x00, 0x00, 0x00, 0x96, 0xB5, 0x96, 0xB5, 0x96, 0xB5, 0x96, 0xB5,
    0x28, 0x4A, 0x28, 0x4A, 0x28, 0x4A, 0x28, 0x4A, 0x28, 0x4A, 0x28, 0x4A, 0x28, 0x4A, 0x28, 0x4A,
    0x96, 0xB5, 0x96, 0xB5, 0x96, 0xB5, 0x96, 0xB5, 0x00, 0x00, 0x00, 0x00, 0x00, 0x00, 0x00, 0x00,
    0x96, 0xB5, 0x96, 0xB5, 0x96, 0xB5, 0x96, 0xB5, 0x28, 0x4A, 0x28, 0x4A, 0x28, 0x4A, 0x28, 0x4A,
    0x28, 0x4A, 0x28, 0x4A, 0x28, 0x4A, 0x28, 0x4A, 0x28, 0x4A, 0x28, 0x4A, 0x28, 0x4A, 0x28, 0x4A,
    0x00, 0x00, 0x00, 0x00, 0x00, 0x00, 0x00, 0x00, 0x96, 0xB5, 0x96, 0xB5, 0x96, 0xB5, 0x96, 0xB5,
    0x28, 0x4A, 0x28, 0x4A, 0x28, 0x4A, 0x28, 0x4A, 0x28, 0x4A, 0x28, 0x4A, 0x28, 0x4A, 0x28, 0x4A,
    0x96, 0xB5, 0x96, 0xB5, 0x96, 0xB5, 0x96, 0xB5, 0x00, 0x00, 0x00, 0x00, 0x00, 0x00, 0x00, 0x00,
    0x7D, 0xF7, 0x7D, 0xF7, 0x7D, 0xF7, 0x7D, 0xF7, 0x28, 0x4A, 0x28, 0x4A, 0x28, 0x4A, 0x28, 0x4A,
    0x28, 0x4A, 0x28, 0x4A, 0x28, 0x4A, 0x28, 0x4A, 0x28, 0x4A, 0x28, 0x4A, 0x28, 0x4A, 0x28, 0x4A,
    0x00, 0x00, 0x00, 0x00, 0x00, 0x00, 0x00, 0x00, 0x7D, 0xF7, 0x7D, 0xF7, 0x7D, 0xF7, 0x7D, 0xF7,
    0x28, 0x4A, 0x28, 0x4A, 0x28, 0x4A, 0x28, 0x4A, 0x28, 0x4A, 0x28, 0x4A, 0x28, 0x4A, 0x28, 0x4A,
    0x7D, 0xF7, 0x7D, 0xF7, 0x7D, 0xF7, 0x7D, 0xF7, 0x00, 0x00, 0x00, 0x00, 0x00, 0x00, 0x00, 0x00,
    0x7D, 0xF7, 0x7D, 0xF7, 0x7D, 0xF7, 0x7D, 0xF7, 0x28, 0x4A, 0x28, 0x4A, 0x28, 0x4A, 0x28, 0x4A,
    0x28, 0x4A, 0x28, 0x4A, 0x28, 0x4A, 0x28, 0x4A, 0x7D, 0xF7, 0x7D, 0xF7, 0x7D, 0xF7, 0x7D, 0xF7,
    0x00, 0x00, 0x00, 0x00, 0x00, 0x00, 0x00, 0x00, 0x7D, 0xF7, 0x7D, 0xF7, 0x7D, 0xF7, 0x7D, 0xF7,
    0x28, 0x4A, 0x28, 0x4A, 0x28, 0x4A, 0x28, 0x4A, 0x28, 0x4A, 0x28, 0x4A, 0x28, 0x4A, 0x28, 0x4A,
    0x28, 0x4A, 0x28, 0x4A, 0x28, 0x4A, 0x28, 0x4A, 0x96, 0xB5, 0x96, 0xB5, 0x96, 0xB5, 0x96, 0xB5,
    0x28, 0x4A, 0x28, 0x4A, 0x28, 0x4A, 0x28, 0x4A, 0x28, 0x4A, 0x28, 0x4A, 0x28, 0x4A, 0x28, 0x4A,
    0x96, 0xB5, 0x96, 0xB5, 0x96, 0xB5, 0x96, 0xB5, 0x00, 0x00, 0x00, 0x00, 0x00, 0x00, 0x00, 0x00,
    0x96, 0xB5, 0x96, 0xB5, 0x96, 0xB5, 0x96, 0xB5, 0x28, 0x4A, 0x28, 0x4A, 0x28, 0x4A, 0x28, 0x4A,
    0x28, 0x4A, 0x28, 0x4A, 0x28, 0x4A, 0x28, 0x4A, 0x96, 0xB5, 0x96, 0xB5, 0x96, 0xB5, 0x96, 0xB5,
    0x00, 0x00, 0x00, 0x00, 0x00, 0x00, 0x00, 0x00, 0x96, 0xB5, 0x96, 0xB5, 0x96, 0xB5, 0x96, 0xB5,
    0x28, 0x4A, 0x28, 0x4A, 0x28, 0x4A, 0x28, 0x4A, 0x28, 0x4A, 0x28, 0x4A, 0x28, 0x4A, 0x28, 0x4A,
    0x28, 0x4A, 0x28, 0x4A, 0x28, 0x4A, 0x28, 0x4A, 0x00, 0x00, 0x00, 0x00, 0x00, 0x00, 0x00, 0x00,
    0x96, 0xB5, 0x96, 0xB5, 0x96, 0xB5, 0x96, 0xB5, 0x28, 0x4A, 0x28, 0x4A, 0x28, 0x4A, 0x28, 0x4A,
    0x28, 0x4A, 0x28, 0x4A, 0x28, 0x4A, 0x28, 0x4A, 0x96, 0xB5, 0x96, 0xB5, 0x96, 0xB5, 0x96, 0xB5,
    0x00, 0x00, 0x00, 0x00, 0x00, 0x00, 0x00, 0x00, 0x7D, 0xF7, 0x7D, 0xF7, 0x7D, 0xF7, 0x7D, 0xF7,
    0x28, 0x4A, 0x28, 0x4A, 0x28, 0x4A, 0x28, 0x4A, 0x28, 0x4A, 0x28, 0x4A, 0x28, 0x4A, 0x28, 0x4A,
    0x28, 0x4A, 0x28, 0x4A, 0x28, 0x4A, 0x28, 0x4A, 0x00, 0x00, 0x00, 0x00, 0x00, 0x00, 0x00, 0x00,
    0x7D, 0xF7, 0x7D, 0xF7, 0x7D, 0xF7, 0x7D, 0xF7, 0x28, 0x4A, 0x28, 0x4A, 0x28, 0x4A, 0x28, 0x4A,
    0x28, 0x4A, 0x28, 0x4A, 0x28, 0x4A, 0x28, 0x4A, 0x7D, 0xF7, 0x7D, 0xF7, 0x7D, 0xF7, 0x7D, 0xF7,
    0x00, 0x00, 0x00, 0x00, 0x00, 0x00, 0x00, 0x00, 0x7D, 0xF7, 0x7D, 0xF7, 0x7D, 0xF7, 0x7D, 0xF7,
    0x28, 0x4A, 0x28, 0x4A, 0x28, 0x4A, 0x28, 0x4A, 0x28, 0x4A, 0x28, 0x4A, 0x28, 0x4A, 0x28, 0x4A,
    0x7D, 0xF7, 0x7D, 0xF7, 0x7D, 0xF7, 0x7D, 0xF7, 0x00, 0x00, 0x00, 0x00, 0x00, 0x00, 0x00, 0x00,
    0x7D, 0xF7, 0x7D, 0xF7, 0x7D, 0xF7, 0x7D, 0xF7, 0x28, 0x4A, 0x28, 0x4A, 0x28, 0x4A, 0x28, 0x4A,
    0x28, 0x4A, 0x28, 0x4A, 0x28, 0x4A, 0x28, 0x4A, 0x28, 0x4A, 0x28, 0x4A, 0x28, 0x4A, 0x28, 0x4A,
    0x96, 0xB5, 0x96, 0xB5, 0x96, 0xB5, 0x96, 0xB5, 0x96, 0xB5, 0x96, 0xB5, 0x96, 0xB5, 0x96, 0xB5,
    0x96, 0xB5, 0x96, 0xB5, 0x96, 0xB5, 0x96, 0xB5, 0x96, 0xB5, 0x96, 0xB5, 0x96, 0xB5, 0x96, 0xB5,
    0x00, 0x00, 0x00, 0x00, 0x00, 0x00, 0x00, 0x00, 0x96, 0xB5, 0x96, 0xB5, 0x96, 0xB5, 0x96, 0xB5,
    0x96, 0xB5, 0x96, 0xB5, 0x96, 0xB5, 0x96, 0xB5, 0x96, 0xB5, 0x96, 0xB5, 0x96, 0xB5, 0x96, 0xB5,
    0x96, 0xB5, 0x96, 0xB5, 0x96, 0xB5, 0x96, 0xB5, 0x00, 0x00, 0x00, 0x00, 0x00, 0x00, 0x00, 0x00,
    0x96, 0xB5, 0x96, 0xB5, 0x96, 0xB5, 0x96, 0xB5, 0x96, 0xB5, 0x96, 0xB5, 0x96, 0xB5, 0x96, 0xB5,
    0x96, 0xB5, 0x96, 0xB5, 0x96, 0xB5, 0x96, 0xB5, 0x96, 0xB5, 0x96, 0xB5, 0x96, 0xB5, 0x96, 0xB5,
    0x00, 0x00, 0x00, 0x00, 0x00, 0x00, 0x00, 0x00, 0x96, 0xB5, 0x96, 0xB5, 0x96, 0xB5, 0x96, 0xB5,
    0x28, 0x4A, 0x28, 0x4A, 0x28, 0x4A, 0x28, 0x4A, 0x28, 0x4A, 0x28, 0x4A, 0x28, 0x4A, 0x28, 0x4A,
    0x96, 0xB5, 0x96, 0xB5, 0x96, 0xB5, 0x96, 0xB5, 0x00, 0x00, 0x00, 0x00, 0x00, 0x00, 0x00, 0x00,
    0x7D, 0xF7, 0x7D, 0xF7, 0x7D, 0xF7, 0x7D, 0xF7, 0x7D, 0xF7, 0x7D, 0xF7, 0x7D, 0xF7, 0x7D, 0xF7,
    0x7D, 0xF7, 0x7D, 0xF7, 0x7D, 0xF7, 0x7D, 0xF7, 0x7D, 0xF7, 0x7D, 0xF7, 0x7D, 0xF7, 0x7D, 0xF7,
    0x00, 0x00, 0x00, 0x00, 0x00, 0x00, 0x00, 0x00, 0x7D, 0xF7, 0x7D, 0xF7, 0x7D, 0xF7, 0x7D, 0xF7,
    0x7D, 0xF7, 0x7D, 0xF7, 0x7D, 0xF7, 0x7D, 0xF7, 0x7D, 0xF7, 0x7D, 0xF7, 0x7D, 0xF7, 0x7D, 0xF7,
    0x7D, 0xF7, 0x7D, 0xF7, 0x7D, 0xF7, 0x7D, 0xF7, 0x00, 0x00, 0x00, 0x00, 0x00, 0x00, 0x00, 0x00,
    0x7D, 0xF7, 0x7D, 0xF7, 0x7D, 0xF7, 0x7D, 0xF7, 0x7D, 0xF7, 0x7D, 0xF7, 0x7D, 0xF7, 0x7D, 0xF7,
    0x7D, 0xF7, 0x7D, 0xF7, 0x7D, 0xF7, 0x7D, 0xF7, 0x7D, 0xF7, 0x7D, 0xF7, 0x7D, 0xF7, 0x7D, 0xF7,
    0x00, 0x00, 0x00, 0x00, 0x00, 0x00, 0x00, 0x00, 0x7D, 0xF7, 0x7D, 0xF7, 0x7D, 0xF7, 0x7D, 0xF7,
    0x7D, 0xF7, 0x7D, 0xF7, 0x7D, 0xF7, 0x7D, 0xF7, 0x7D, 0xF7, 0x7D, 0xF7, 0x7D, 0xF7, 0x7D, 0xF7,
    0x7D, 0xF7, 0x7D, 0xF7, 0x7D, 0xF7, 0x7D, 0xF7, 0x96, 0xB5, 0x96, 0xB5, 0x96, 0xB5, 0x96, 0xB5,
    0x96, 0xB5, 0x96, 0xB5, 0x96, 0xB5, 0x96, 0xB5, 0x96, 0xB5, 0x96, 0xB5, 0x96, 0xB5, 0x96, 0xB5,
    0x96, 0xB5, 0x96, 0xB5, 0x96, 0xB5, 0x96, 0xB5, 0x00, 0x00, 0x00, 0x00, 0x00, 0x00, 0x00, 0x00,
    0x96, 0xB5, 0x96, 0xB5, 0x96, 0xB5, 0x96, 0xB5, 0x96, 0xB5, 0x96, 0xB5, 0x96, 0xB5, 0x96, 0xB5,
    0x96, 0xB5, 0x96, 0xB5, 0x96, 0xB5, 0x96, 0xB5, 0x96, 0xB5, 0x96, 0xB5, 0x96, 0xB5, 0x96, 0xB5,
    0x00, 0x00, 0x00, 0x00, 0x00, 0x00, 0x00, 0x00, 0x96, 0xB5, 0x96, 0xB5, 0x96, 0xB5, 0x96, 0xB5,
    0x96, 0xB5, 0x96, 0xB5, 0x96, 0xB5, 0x96, 0xB5, 0x96, 0xB5, 0x96, 0xB5, 0x96, 0xB5, 0x96, 0xB5,
    0x96, 0xB5, 0x96, 0xB5, 0x96, 0xB5, 0x96, 0xB5, 0x00, 0x00, 0x00, 0x00, 0x00, 0x00, 0x00, 0x00,
    0x96, 0xB5, 0x96, 0xB5, 0x96, 0xB5, 0x96, 0xB5, 0x28, 0x4A, 0x28, 0x4A, 0x28, 0x4A, 0x28, 0x4A,
    0x28, 0x4A, 0x28, 0x4A, 0x28, 0x4A, 0x28, 0x4A, 0x96, 0xB5, 0x96, 0xB5, 0x96, 0xB5, 0x96, 0xB5,
    0x00, 0x00, 0x00, 0x00, 0x00, 0x00, 0x00, 0x00, 0x7D, 0xF7, 0x7D, 0xF7, 0x7D, 0xF7, 0x7D, 0xF7,
    0x7D, 0xF7, 0x7D, 0xF7, 0x7D, 0xF7, 0x7D, 0xF7, 0x7D, 0xF7, 0x7D, 0xF7, 0x7D, 0xF7, 0x7D, 0xF7,
    0x7D, 0xF7, 0x7D, 0xF7, 0x7D, 0xF7, 0x7D, 0xF7, 0x00, 0x00, 0x00, 0x00, 0x00, 0x00, 0x00, 0x00,
    0x7D, 0xF7, 0x7D, 0xF7, 0x7D, 0xF7, 0x7D, 0xF7, 0x7D, 0xF7, 0x7D, 0xF7, 0x7D, 0xF7, 0x7D, 0xF7,
    0x7D, 0xF7, 0x7D, 0xF7, 0x7D, 0xF7, 0x7D, 0xF7, 0x7D, 0xF7, 0x7D, 0xF7, 0x7D, 0xF7, 0x7D, 0xF7,
    0x00, 0x00, 0x00, 0x00, 0x00, 0x00, 0x00, 0x00, 0x7D, 0xF7, 0x7D, 0xF7, 0x7D, 0xF7, 0x7D, 0xF7,
    0x7D, 0xF7, 0x7D, 0xF7, 0x7D, 0xF7, 0x7D, 0xF7, 0x7D, 0xF7, 0x7D, 0xF7, 0x7D, 0xF7, 0x7D, 0xF7,
    0x7D, 0xF7, 0x7D, 0xF7, 0x7D, 0xF7, 0x7D, 0xF7, 0x00, 0x00, 0x00, 0x00, 0x00, 0x00, 0x00, 0x00,
    0x7D, 0xF7, 0x7D, 0xF7, 0x7D, 0xF7, 0x7D, 0xF7, 0x7D, 0xF7, 0x7D, 0xF7, 0x7D, 0xF7, 0x7D, 0xF7,
    0x7D, 0xF7, 0x7D, 0xF7, 0x7D, 0xF7, 0x7D, 0xF7, 0x7D, 0xF7, 0x7D, 0xF7, 0x7D, 0xF7, 0x7D, 0xF7,
    0x96, 0xB5, 0x96, 0xB5, 0x96, 0xB5, 0x96, 0xB5, 0x96, 0xB5, 0x96, 0xB5, 0x96, 0xB5, 0x96, 0xB5,
    0x96, 0xB5, 0x96, 0xB5, 0x96, 0xB5, 0x96, 0xB5, 0x96, 0xB5, 0x96, 0xB5, 0x96, 0xB5, 0x96, 0xB5,
    0x00, 0x00, 0x00, 0x00, 0x00, 0x00, 0x00, 0x00, 0x96, 0xB5, 0x96, 0xB5, 0x96, 0xB5, 0x96, 0xB5,
    0x96, 0xB5, 0x96, 0xB5, 0x96, 0xB5, 0x96, 0xB5, 0x96, 0xB5, 0x96, 0xB5, 0x96, 0xB5, 0x96, 0xB5,
    0x96, 0xB5, 0x96, 0xB5, 0x96, 0xB5, 0x96, 0xB5, 0x00, 0x00, 0x00, 0x00, 0x00, 0x00, 0x00, 0x00,
    0x96, 0xB5, 0x96, 0xB5, 0x96, 0xB5, 0x96, 0xB5, 0x96, 0xB5, 0x96, 0xB5, 0x96, 0xB5, 0x96, 0xB5,
    0x96, 0xB5, 0x96, 0xB5, 0x96, 0xB5, 0x96, 0xB5, 0x96, 0xB5, 0x96, 0xB5, 0x96, 0xB5, 0x96, 0xB5,
    0x00, 0x00, 0x00, 0x00, 0x00, 0x00, 0x00, 0x00, 0x96, 0xB5, 0x96, 0xB5, 0x96, 0xB5, 0x96, 0xB5,
    0x28, 0x4A, 0x28, 0x4A, 0x28, 0x4A, 0x28, 0x4A, 0x28, 0x4A, 0x28, 0x4A, 0x28, 0x4A, 0x28, 0x4A,
    0x96, 0xB5, 0x96, 0xB5, 0x96, 0xB5, 0x96, 0xB5, 0x00, 0x00, 0x00, 0x00, 0x00, 0x00, 0x00, 0x00,
    0x7D, 0xF7, 0x7D, 0xF7, 0x7D, 0xF7, 0x7D, 0xF7, 0x7D, 0xF7, 0x7D, 0xF7, 0x7D, 0xF7, 0x7D, 0xF7,
    0x7D, 0xF7, 0x7D, 0xF7, 0x7D, 0xF7, 0x7D, 0xF7, 0x7D, 0xF7, 0x7D, 0xF7, 0x7D, 0xF7, 0x7D, 0xF7,
    0x00, 0x00, 0x00, 0x00, 0x00, 0x00, 0x00, 0x00, 0x7D, 0xF7, 0x7D, 0xF7, 0x7D, 0xF7, 0x7D, 0xF7,
    0x7D, 0xF7, 0x7D, 0xF7, 0x7D, 0xF7, 0x7D, 0xF7, 0x7D, 0xF7, 0x7D, 0xF7, 0x7D, 0xF7, 0x7D, 0xF7,
    0x7D, 0xF7, 0x7D, 0xF7, 0x7D, 0xF7, 0x7D, 0xF7, 0x00, 0x00, 0x00, 0x00, 0x00, 0x00, 0x00, 0x00,
    0x7D, 0xF7, 0x7D, 0xF7, 0x7D, 0xF7, 0x7D, 0xF7, 0x7D, 0xF7, 0x7D, 0xF7, 0x7D, 0xF7, 0x7D, 0xF7,
    0x7D, 0xF7, 0x7D, 0xF7, 0x7D, 0xF7, 0x7D, 0xF7, 0x7D, 0xF7, 0x7D, 0xF7, 0x7D, 0xF7, 0x7D, 0xF7,
    0x00, 0x00, 0x00, 0x00, 0x00, 0x00, 0x00, 0x00, 0x7D, 0xF7, 0x7D, 0xF7, 0x7D, 0xF7, 0x7D, 0xF7,
    0x7D, 0xF7, 0x7D, 0xF7, 0x7D, 0xF7, 0x7D, 0xF7, 0x7D, 0xF7, 0x7D, 0xF7, 0x7D, 0xF7, 0x7D, 0xF7,
    0x7D, 0xF7, 0x7D, 0xF7, 0x7D, 0xF7, 0x7D, 0xF7, 0x96, 0xB5, 0x96, 0xB5, 0x96, 0xB5, 0x96, 0xB5,
    0x96, 0xB5, 0x96, 0xB5, 0x96, 0xB5, 0x96, 0xB5, 0x96, 0xB5, 0x96, 0xB5, 0x96, 0xB5, 0x96, 0xB5,
    0x96, 0xB5, 0x96, 0xB5, 0x96, 0xB5, 0x96, 0xB5, 0x00, 0x00, 0x00, 0x00, 0x00, 0x00, 0x00, 0x00,
    0x96, 0xB5, 0x96, 0xB5, 0x96, 0xB5, 0x96, 0xB5, 0x96, 0xB5, 0x96, 0xB5, 0x96, 0xB5, 0x96, 0xB5,
    0x96, 0xB5, 0x96, 0xB5, 0x96, 0xB5, 0x96, 0xB5, 0x96, 0xB5, 0x96, 0xB5, 0x96, 0xB5, 0x96, 0xB5,
    0x00, 0x00, 0x00, 0x00, 0x00, 0x00, 0x00, 0x00, 0x96, 0xB5, 0x96, 0xB5, 0x96, 0xB5, 0x96, 0xB5,
    0x96, 0xB5, 0x96, 0xB5, 0x96, 0xB5, 0x96, 0xB5, 0x96, 0xB5, 0x96, 0xB5, 0x96, 0xB5, 0x96, 0xB5,
    0x96, 0xB5, 0x96, 0xB5, 0x96, 0xB5, 0x96, 0xB5, 0x00, 0x00, 0x00, 0x00, 0x00, 0x00, 0x00, 0x00,
    0x96, 0xB5, 0x96, 0xB5, 0x96, 0xB5, 0x96, 0xB5, 0x28, 0x4A, 0x28, 0x4A, 0x28, 0x4A, 0x28, 0x4A,
    0x28, 0x4A, 0x28, 0x4A, 0x28, 0x4A, 0x28, 0x4A, 0x96, 0xB5, 0x96, 0xB5, 0x96, 0xB5, 0x96, 0xB5,
    0x00, 0x00, 0x00, 0x00, 0x00, 0x00, 0x00, 0x00, 0x7D, 0xF7, 0x7D, 0xF7, 0x7D, 0xF7, 0x7D, 0xF7,
    0x7D, 0xF7, 0x7D, 0xF7, 0x7D, 0xF7, 0x7D, 0xF7, 0x7D, 0xF7, 0x7D, 0xF7, 0x7D, 0xF7, 0x7D, 0xF7,
    0x7D, 0xF7, 0x7D, 0xF7, 0x7D, 0xF7, 0x7D, 0xF7, 0x00, 0x00, 0x00, 0x00, 0x00, 0x00, 0x00, 0x00,
    0x7D, 0xF7, 0x7D, 0xF7, 0x7D, 0xF7, 0x7D, 0xF7, 0x7D, 0xF7, 0x7D, 0xF7, 0x7D, 0xF7, 0x7D, 0xF7,
    0x7D, 0xF7, 0x7D, 0xF7, 0x7D, 0xF7, 0x7D, 0xF7, 0x7D, 0xF7, 0x7D, 0xF7, 0x7D, 0xF7, 0x7D, 0xF7,
    0x00, 0x00, 0x00, 0x00, 0x00, 0x00, 0x00, 0x00, 0x7D, 0xF7, 0x7D, 0xF7, 0x7D, 0xF7, 0x7D, 0xF7,
    0x7D, 0xF7, 0x7D, 0xF7, 0x7D, 0xF7, 0x7D, 0xF7, 0x7D, 0xF7, 0x7D, 0xF7, 0x7D, 0xF7, 0x7D, 0xF7,
    0x7D, 0xF7, 0x7D, 0xF7, 0x7D, 0xF7, 0x7D, 0xF7, 0x00, 0x00, 0x00, 0x00, 0x00, 0x00, 0x00, 0x00,
    0x7D, 0xF7, 0x7D, 0xF7, 0x7D, 0xF7, 0x7D, 0xF7, 0x7D, 0xF7, 0x7D, 0xF7, 0x7D, 0xF7, 0x7D, 0xF7,
    0x7D, 0xF7, 0x7D, 0xF7, 0x7D, 0xF7, 0x7D, 0xF7, 0x7D, 0xF7, 0x7D, 0xF7, 0x7D, 0xF7, 0x7D, 0xF7,
    0x00, 0x00, 0x00, 0x00, 0x00, 0x00, 0x00, 0x00, 0x00, 0x00, 0x00, 0x00, 0x00, 0x00, 0x00, 0x00,
    0x00, 0x00, 0x00, 0x00, 0x00, 0x00, 0x00, 0x00, 0x00, 0x00, 0x00, 0x00, 0x00, 0x00, 0x00, 0x00,
    0x00, 0x00, 0x00, 0x00, 0x00, 0x00, 0x00, 0x00, 0x96, 0xB5, 0x96, 0xB5, 0x96, 0xB5, 0x96, 0xB5,
    0x00, 0x00, 0x00, 0x00, 0x00, 0x00, 0x00, 0x00, 0x00, 0x00, 0x00, 0x00, 0x00, 0x00, 0x00, 0x00,
    0x00, 0x00, 0x00, 0x00, 0x00, 0x00, 0x00, 0x00, 0x00, 0x00, 0x00, 0x00, 0x00, 0x00, 0x00, 0x00,
    0x00, 0x00, 0x00, 0x00, 0x00, 0x00, 0x00, 0x00, 0x00, 0x00, 0x00, 0x00, 0x00, 0x00, 0x00, 0x00,
    0x00, 0x00, 0x00, 0x00, 0x00, 0x00, 0x00, 0x00, 0x00, 0x00, 0x00, 0x00, 0x00, 0x00, 0x00, 0x00,
    0x00, 0x00, 0x00, 0x00, 0x00, 0x00, 0x00, 0x00, 0x00, 0x00, 0x00, 0x00, 0x00, 0x00, 0x00, 0x00,
    0x00, 0x00, 0x00, 0x00, 0x00, 0x00, 0x00, 0x00, 0x00, 0x00, 0x00, 0x00, 0x00, 0x00, 0x00, 0x00,
    0x00, 0x00, 0x00, 0x00, 0x00, 0x00, 0x00, 0x00, 0x00, 0x00, 0x00, 0x00, 0x00, 0x00, 0x00, 0x00,
    0x00, 0x00, 0x00, 0x00, 0x00, 0x00, 0x00, 0x00, 0x00, 0x00, 0x00, 0x00, 0x00, 0x00, 0x00, 0x00,
    0x00, 0x00, 0x00, 0x00, 0x00, 0x00, 0x00, 0x00, 0x00, 0x00, 0x00, 0x00, 0x00, 0x00, 0x00, 0x00,
    0x00, 0x00, 0x00, 0x00, 0x00, 0x00, 0x00, 0x00, 0x00, 0x00, 0x00, 0x00, 0x00, 0x00, 0x00, 0x00,
    0x00, 0x00, 0x00, 0x00, 0x00, 0x00, 0x00, 0x00, 0x00, 0x00, 0x00, 0x00, 0x00, 0x00, 0x00, 0x00,
    0x00, 0x00, 0x00, 0x00, 0x00, 0x00, 0x00, 0x00, 0x00, 0x00, 0x00, 0x00, 0x00, 0x00, 0x00, 0x00,
    0x00, 0x00, 0x00, 0x00, 0x00, 0x00, 0x00, 0x00, 0x00, 0x00, 0x00, 0x00, 0x00, 0x00, 0x00, 0x00,
    0x00, 0x00, 0x00, 0x00, 0x00, 0x00, 0x00, 0x00, 0x00, 0x00, 0x00, 0x00, 0x00, 0x00, 0x00, 0x00,
    0x00, 0x00, 0x00, 0x00, 0x00, 0x00, 0x00, 0x00, 0x00, 0x00, 0x00, 0x00, 0x00, 0x00, 0x00, 0x00,
    0x00, 0x00, 0x00, 0x00, 0x00, 0x00, 0x00, 0x00, 0x00, 0x00, 0x00, 0x00, 0x00, 0x00, 0x00, 0x00,
    0x00, 0x00, 0x00, 0x00, 0x00, 0x00, 0x00, 0x00, 0x00, 0x00, 0x00, 0x00, 0x00, 0x00, 0x00, 0x00,
    0x00, 0x00, 0x00, 0x00, 0x00, 0x00, 0x00, 0x00, 0x00, 0x00, 0x00, 0x00, 0x00, 0x00, 0x00, 0x00,
    0x00, 0x00, 0x00, 0x00, 0x00, 0x00, 0x00, 0x00, 0x00, 0x00, 0x00, 0x00, 0x00, 0x00, 0x00, 0x00,
    0x96, 0xB5, 0x96, 0xB5, 0x96, 0xB5, 0x96, 0xB5, 0x00, 0x00, 0x00, 0x00, 0x00, 0x00, 0x00, 0x00,
    0x00, 0x00, 0x00, 0x00, 0x00, 0x00, 0x00, 0x00, 0x00, 0x00, 0x00, 0x00, 0x00, 0x00, 0x00, 0x00,
    0x00, 0x00, 0x00, 0x00, 0x00, 0x00, 0x00, 0x00, 0x00, 0x00, 0x00, 0x00, 0x00, 0x00, 0x00, 0x00,
    0x00, 0x00, 0x00, 0x00, 0x00, 0x00, 0x00, 0x00, 0x00, 0x00, 0x00, 0x00, 0x00, 0x00, 0x00, 0x00,
    0x00, 0x00, 0x00, 0x00, 0x00, 0x00, 0x00, 0x00, 0x00, 0x00, 0x00, 0x00, 0x00, 0x00, 0x00, 0x00,
    0x00, 0x00, 0x00, 0x00, 0x00, 0x00, 0x00, 0x00, 0x00, 0x00, 0x00, 0x00, 0x00, 0x00, 0x00, 0x00,
    0x00, 0x00, 0x00, 0x00, 0x00, 0x00, 0x00, 0x00, 0x00, 0x00, 0x00, 0x00, 0x00, 0x00, 0x00, 0x00,
    0x00, 0x00, 0x00, 0x00, 0x00, 0x00, 0x00, 0x00, 0x00, 0x00, 0x00, 0x00, 0x00, 0x00, 0x00, 0x00,
    0x00, 0x00, 0x00, 0x00, 0x00, 0x00, 0x00, 0x00, 0x00, 0x00, 0x00, 0x00, 0x00, 0x00, 0x00, 0x00,
    0x00, 0x00, 0x00, 0x00, 0x00, 0x00, 0x00, 0x00, 0x00, 0x00, 0x00, 0x00, 0x00, 0x00, 0x00, 0x00,
    0x00, 0x00, 0x00, 0x00, 0x00, 0x00, 0x00, 0x00, 0x00, 0x00, 0x00, 0x00, 0x00, 0x00, 0x00, 0x00,
    0x00, 0x00, 0x00, 0x00, 0x00, 0x00, 0x00, 0x00, 0x00, 0x00, 0x00, 0x00, 0x00, 0x00, 0x00, 0x00,
    0x00, 0x00, 0x00, 0x00, 0x00, 0x00, 0x00, 0x00, 0x00, 0x00, 0x00, 0x00, 0x00, 0x00, 0x00, 0x00,
    0x00, 0x00, 0x00, 0x00, 0x00, 0x00, 0x00, 0x00, 0x00, 0x00, 0x00, 0x00, 0x00, 0x00, 0x00, 0x00,
    0x00, 0x00, 0x00, 0x00, 0x00, 0x00, 0x00, 0x00, 0x00, 0x00, 0x00, 0x00, 0x00, 0x00, 0x00, 0x00,
    0x00, 0x00, 0x00, 0x00, 0x00, 0x00, 0x00, 0x00, 0x00, 0x00, 0x00, 0x00, 0x00, 0x00, 0x00, 0x00,
    0x00, 0x00, 0x00, 0x00, 0x00, 0x00, 0x00, 0x00, 0x00, 0x00, 0x00, 0x00, 0x00, 0x00, 0x00, 0x00,
    0x00, 0x00, 0x00, 0x00, 0x00, 0x00, 0x00, 0x00, 0x00, 0x00, 0x00, 0x00, 0x00, 0x00, 0x00, 0x00,
    0x00, 0x00, 0x00, 0x00, 0x00, 0x00, 0x00, 0x00, 0x00, 0x00, 0x00, 0x00, 0x00, 0x00, 0x00, 0x00,
    0x00, 0x00, 0x00, 0x00, 0x00, 0x00, 0x00, 0x00, 0x96, 0xB5, 0x96, 0xB5, 0x96, 0xB5, 0x96, 0xB5,
    0x00, 0x00, 0x00, 0x00, 0x00, 0x00, 0x00, 0x00, 0x00, 0x00, 0x00, 0x00, 0x00, 0x00, 0x00, 0x00,
    0x00, 0x00, 0x00, 0x00, 0x00, 0x00, 0x00, 0x00, 0x00, 0x00, 0x00, 0x00, 0x00, 0x00, 0x00, 0x00,
    0x00, 0x00, 0x00, 0x00, 0x00, 0x00, 0x00, 0x00, 0x00, 0x00, 0x00, 0x00, 0x00, 0x00, 0x00, 0x00,
    0x00, 0x00, 0x00, 0x00, 0x00, 0x00, 0x00, 0x00, 0x00, 0x00, 0x00, 0x00, 0x00, 0x00, 0x00, 0x00,
    0x00, 0x00, 0x00, 0x00, 0x00, 0x00, 0x00, 0x00, 0x00, 0x00, 0x00, 0x00, 0x00, 0x00, 0x00, 0x00,
    0x00, 0x00, 0x00, 0x00, 0x00, 0x00, 0x00, 0x00, 0x00, 0x00, 0x00, 0x00, 0x00, 0x00, 0x00, 0x00,
    0x00, 0x00, 0x00, 0x00, 0x00, 0x00, 0x00, 0x00, 0x00, 0x00, 0x00, 0x00, 0x00, 0x00, 0x00, 0x00,
    0x00, 0x00, 0x00, 0x00, 0x00, 0x00, 0x00, 0x00, 0x00, 0x00, 0x00, 0x00, 0x00, 0x00, 0x00, 0x00,
    0x00, 0x00, 0x00, 0x00, 0x00, 0x00, 0x00, 0x00, 0x00, 0x00, 0x00, 0x00, 0x00, 0x00, 0x00, 0x00,
    0x00, 0x00, 0x00, 0x00, 0x00, 0x00, 0x00, 0x00, 0x00, 0x00, 0x00, 0x00, 0x00, 0x00, 0x00, 0x00,
    0x00, 0x00, 0x00, 0x00, 0x00, 0x00, 0x00, 0x00, 0x00, 0x00, 0x00, 0x00, 0x00, 0x00, 0x00, 0x00,
    0x00, 0x00, 0x00, 0x00, 0x00, 0x00, 0x00, 0x00, 0x00, 0x00, 0x00, 0x00, 0x00, 0x00, 0x00, 0x00,
    0x00, 0x00, 0x00, 0x00, 0x00, 0x00, 0x00, 0x00, 0x00, 0x00, 0x00, 0x00, 0x00, 0x00, 0x00, 0x00,
    0x00, 0x00, 0x00, 0x00, 0x00, 0x00, 0x00, 0x00, 0x00, 0x00, 0x00, 0x00, 0x00, 0x00, 0x00, 0x00,
    0x00, 0x00, 0x00, 0x00, 0x00, 0x00, 0x00, 0x00, 0x00, 0x00, 0x00, 0x00, 0x00, 0x00, 0x00, 0x00,
    0x00, 0x00, 0x00, 0x00, 0x00, 0x00, 0x00, 0x00, 0x00, 0x00, 0x00, 0x00, 0x00, 0x00, 0x00, 0x00,
    0x00, 0x00, 0x00, 0x00, 0x00, 0x00, 0x00, 0x00, 0x00, 0x00, 0x00, 0x00, 0x00, 0x00, 0x00, 0x00,
    0x00, 0x00, 0x00, 0x00, 0x00, 0x00, 0x00, 0x00, 0x00, 0x00, 0x00, 0x00, 0x00, 0x00, 0x00, 0x00,
    0x00, 0x00, 0x00, 0x00, 0x00, 0x00, 0x00, 0x00, 0x00, 0x00, 0x00, 0x00, 0x00, 0x00, 0x00, 0x00,
    0x96, 0xB5, 0x96, 0xB5, 0x96, 0xB5, 0x96, 0xB5, 0x00, 0x00, 0x00, 0x00, 0x00, 0x00, 0x00, 0x00,
    0x00, 0x00, 0x00, 0x00, 0x00, 0x00, 0x00, 0x00, 0x00, 0x00, 0x00, 0x00, 0x00, 0x00, 0x00, 0x00,
    0x00, 0x00, 0x00, 0x00, 0x00, 0x00, 0x00, 0x00, 0x00, 0x00, 0x00, 0x00, 0x00, 0x00, 0x00, 0x00,
    0x00, 0x00, 0x00, 0x00, 0x00, 0x00, 0x00, 0x00, 0x00, 0x00, 0x00, 0x00, 0x00, 0x00, 0x00, 0x00,
    0x00, 0x00, 0x00, 0x00, 0x00, 0x00, 0x00, 0x00, 0x00, 0x00, 0x00, 0x00, 0x00, 0x00, 0x00, 0x00,
    0x00, 0x00, 0x00, 0x00, 0x00, 0x00, 0x00, 0x00, 0x00, 0x00, 0x00, 0x00, 0x00, 0x00, 0x00, 0x00,
    0x00, 0x00, 0x00, 0x00, 0x00, 0x00, 0x00, 0x00, 0x00, 0x00, 0x00, 0x00, 0x00, 0x00, 0x00, 0x00,
    0x00, 0x00, 0x00, 0x00, 0x00, 0x00, 0x00, 0x00, 0x00, 0x00, 0x00, 0x00, 0x00, 0x00, 0x00, 0x00,
    0x00, 0x00, 0x00, 0x00, 0x00, 0x00, 0x00, 0x00, 0x00, 0x00, 0x00, 0x00, 0x00, 0x00, 0x00, 0x00,
    0x00, 0x00, 0x00, 0x00, 0x00, 0x00, 0x00, 0x00, 0x00, 0x00, 0x00, 0x00, 0x00, 0x00, 0x00, 0x00,
    0x00, 0x00, 0x00, 0x00, 0x00, 0x00, 0x00, 0x00, 0x00, 0x00, 0x00, 0x00, 0x00, 0x00, 0x00, 0x00,
    0x00, 0x00, 0x00, 0x00, 0x00, 0x00, 0x00, 0x00, 0x00, 0x00, 0x00, 0x00, 0x00, 0x00, 0x00, 0x00,
    0x00, 0x00, 0x00, 0x00, 0x00, 0x00, 0x00, 0x00, 0x00, 0x00, 0x00, 0x00, 0x00, 0x00, 0x00, 0x00,
    0x00, 0x00, 0x00, 0x00, 0x00, 0x00, 0x00, 0x00, 0x00, 0x00, 0x00, 0x00, 0x00, 0x00, 0x00, 0x00,
    0x00, 0x00, 0x00, 0x00, 0x00, 0x00, 0x00, 0x00, 0x00, 0x00, 0x00, 0x00, 0x00, 0x00, 0x00, 0x00,
    0x00, 0x00, 0x00, 0x00, 0x00, 0x00, 0x00, 0x00, 0x00, 0x00, 0x00, 0x00, 0x00, 0x00, 0x00, 0x00,
    0x00, 0x00, 0x00, 0x00, 0x00, 0x00, 0x00, 0x00, 0x00, 0x00, 0x00, 0x00, 0x00, 0x00, 0x00, 0x00,
};

static const lv_image_dsc_t oc_wordmark_m = {
    .header = {
        .magic = LV_IMAGE_HEADER_MAGIC,
        .cf = LV_COLOR_FORMAT_RGB565,
        .flags = 0,
        .w = 156,
        .h = 28,
        .stride = 156 * 2,
        .reserved_2 = 0,
    },
    .data_size = sizeof(oc_wordmark_m_data),
    .data = oc_wordmark_m_data,
    .reserved = NULL,
    .reserved_2 = NULL,
};

#define OC_WORDMARK_S_W 117   /* 39 cells x 3 px */
#define OC_WORDMARK_S_H 21   /* 7 cells x 3 px */
static const uint8_t oc_wordmark_s_data[4914] = {
    0x00, 0x00, 0x00, 0x00, 0x00, 0x00, 0x00, 0x00, 0x00, 0x00, 0x00, 0x00, 0x00, 0x00, 0x00, 0x00,
    0x00, 0x00, 0x00, 0x00, 0x00, 0x00, 0x00, 0x00, 0x00, 0x00, 0x00, 0x00, 0x00, 0x00, 0x00, 0x00,
    0x00, 0x00, 0x00, 0x00, 0x00, 0x00, 0x00, 0x00, 0x00, 0x00, 0x00, 0x00, 0x00, 0x00, 0x00, 0x00,
    0x00, 0x00, 0x00, 0x00, 0x00, 0x00, 0x00, 0x00, 0x00, 0x00, 0x00, 0x00, 0x00, 0x00, 0x00, 0x00,
    0x00, 0x00, 0x00, 0x00, 0x00, 0x00, 0x00, 0x00, 0x00, 0x00, 0x00, 0x00, 0x00, 0x00, 0x00, 0x00,
    0x00, 0x00, 0x00, 0x00, 0x00, 0x00, 0x00, 0x00, 0x00, 0x00, 0x00, 0x00, 0x00, 0x00, 0x00, 0x00,
    0x00, 0x00, 0x00, 0x00, 0x00, 0x00, 0x00, 0x00, 0x00, 0x00, 0x00, 0x00, 0x00, 0x00, 0x00, 0x00,
    0x00, 0x00, 0x00, 0x00, 0x00, 0x00, 0x00, 0x00, 0x00, 0x00, 0x00, 0x00, 0x00, 0x00, 0x00, 0x00,
    0x00, 0x00, 0x00, 0x00, 0x00, 0x00, 0x00, 0x00, 0x00, 0x00, 0x00, 0x00, 0x00, 0x00, 0x00, 0x00,
    0x00, 0x00, 0x00, 0x00, 0x00, 0x00, 0x00, 0x00, 0x00, 0x00, 0x00, 0x00, 0x00, 0x00, 0x00, 0x00,
    0x00, 0x00, 0x00, 0x00, 0x00, 0x00, 0x00, 0x00, 0x00, 0x00, 0x00, 0x00, 0x00, 0x00, 0x00, 0x00,
    0x00, 0x00, 0x00, 0x00, 0x00, 0x00, 0x00, 0x00, 0x00, 0x00, 0x00, 0x00, 0x00, 0x00, 0x00, 0x00,
    0x00, 0x00, 0x00, 0x00, 0x00, 0x00, 0x7D, 0xF7, 0x7D, 0xF7, 0x7D, 0xF7, 0x00, 0x00, 0x00, 0x00,
    0x00, 0x00, 0x00, 0x00, 0x00, 0x00, 0x00, 0x00, 0x00, 0x00, 0x00, 0x00, 0x00, 0x00, 0x00, 0x00,
    0x00, 0x00, 0x00, 0x00, 0x00, 0x00, 0x00, 0x00, 0x00, 0x00, 0x00, 0x00, 0x00, 0x00, 0x00, 0x00,
    0x00, 0x00, 0x00, 0x00, 0x00, 0x00, 0x00, 0x00, 0x00, 0x00, 0x00, 0x00, 0x00, 0x00, 0x00, 0x00,
    0x00, 0x00, 0x00, 0x00, 0x00, 0x00, 0x00, 0x00, 0x00, 0x00, 0x00, 0x00, 0x00, 0x00, 0x00, 0x00,
    0x00, 0x00, 0x00, 0x00, 0x00, 0x00, 0x00, 0x00, 0x00, 0x00, 0x00, 0x00, 0x00, 0x00, 0x00, 0x00,
    0x00, 0x00, 0x00, 0x00, 0x00, 0x00, 0x00, 0x00, 0x00, 0x00, 0x00, 0x00, 0x00, 0x00, 0x00, 0x00,
    0x00, 0x00, 0x00, 0x00, 0x00, 0x00, 0x00, 0x00, 0x00, 0x00, 0x00, 0x00, 0x00, 0x00, 0x00, 0x00,
    0x00, 0x00, 0x00, 0x00, 0x00, 0x00, 0x00, 0x00, 0x00, 0x00, 0x00, 0x00, 0x00, 0x00, 0x00, 0x00,
    0x00, 0x00, 0x00, 0x00, 0x00, 0x00, 0x00, 0x00, 0x00, 0x00, 0x00, 0x00, 0x00, 0x00, 0x00, 0x00,
    0x00, 0x00, 0x00, 0x00, 0x00, 0x00, 0x00, 0x00, 0x00, 0x00, 0x00, 0x00, 0x00, 0x00, 0x00, 0x00,
    0x00, 0x00, 0x00, 0x00, 0x00, 0x00, 0x00, 0x00, 0x00, 0x00, 0x00, 0x00, 0x00, 0x00, 0x00, 0x00,
    0x00, 0x00, 0x00, 0x00, 0x00, 0x00, 0x00, 0x00, 0x00, 0x00, 0x00, 0x00, 0x00, 0x00, 0x00, 0x00,
    0x00, 0x00, 0x00, 0x00, 0x00, 0x00, 0x00, 0x00, 0x00, 0x00, 0x00, 0x00, 0x00, 0x00, 0x00, 0x00,
    0x00, 0x00, 0x00, 0x00, 0x00, 0x00, 0x00, 0x00, 0x00, 0x00, 0x00, 0x00, 0x00, 0x00, 0x00, 0x00,
    0x7D, 0xF7, 0x7D, 0xF7, 0x7D, 0xF7, 0x00, 0x00, 0x00, 0x00, 0x00, 0x00, 0x00, 0x00, 0x00, 0x00,
    0x00, 0x00, 0x00, 0x00, 0x00, 0x00, 0x00, 0x00, 0x00, 0x00, 0x00, 0x00, 0x00, 0x00, 0x00, 0x00,
    0x00, 0x00, 0x00, 0x00, 0x00, 0x00, 0x00, 0x00, 0x00, 0x00, 0x00, 0x00, 0x00, 0x00, 0x00, 0x00,
    0x00, 0x00, 0x00, 0x00, 0x00, 0x00, 0x00, 0x00, 0x00, 0x00, 0x00, 0x00, 0x00, 0x00, 0x00, 0x00,
    0x00, 0x00, 0x00, 0x00, 0x00, 0x00, 0x00, 0x00, 0x00, 0x00, 0x00, 0x00, 0x00, 0x00, 0x00, 0x00,
    0x00, 0x00, 0x00, 0x00, 0x00, 0x00, 0x00, 0x00, 0x00, 0x00, 0x00, 0x00, 0x00, 0x00, 0x00, 0x00,
    0x00, 0x00, 0x00, 0x00, 0x00, 0x00, 0x00, 0x00, 0x00, 0x00, 0x00, 0x00, 0x00, 0x00, 0x00, 0x00,
    0x00, 0x00, 0x00, 0x00, 0x00, 0x00, 0x00, 0x00, 0x00, 0x00, 0x00, 0x00, 0x00, 0x00, 0x00, 0x00,
    0x00, 0x00, 0x00, 0x00, 0x00, 0x00, 0x00, 0x00, 0x00, 0x00, 0x00, 0x00, 0x00, 0x00, 0x00, 0x00,
    0x00, 0x00, 0x00, 0x00, 0x00, 0x00, 0x00, 0x00, 0x00, 0x00, 0x00, 0x00, 0x00, 0x00, 0x00, 0x00,
    0x00, 0x00, 0x00, 0x00, 0x00, 0x00, 0x00, 0x00, 0x00, 0x00, 0x00, 0x00, 0x00, 0x00, 0x00, 0x00,
    0x00, 0x00, 0x00, 0x00, 0x00, 0x00, 0x00, 0x00, 0x00, 0x00, 0x00, 0x00, 0x00, 0x00, 0x00, 0x00,
    0x00, 0x00, 0x00, 0x00, 0x00, 0x00, 0x00, 0x00, 0x00, 0x00, 0x00, 0x00, 0x00, 0x00, 0x00, 0x00,
    0x00, 0x00, 0x00, 0x00, 0x00, 0x00, 0x00, 0x00, 0x00, 0x00, 0x00, 0x00, 0x00, 0x00, 0x00, 0x00,
    0x00, 0x00, 0x00, 0x00, 0x00, 0x00, 0x00, 0x00, 0x00, 0x00, 0x7D, 0xF7, 0x7D, 0xF7, 0x7D, 0xF7,
    0x00, 0x00, 0x00, 0x00, 0x00, 0x00, 0x00, 0x00, 0x00, 0x00, 0x00, 0x00, 0x00, 0x00, 0x00, 0x00,
    0x00, 0x00, 0x00, 0x00, 0x00, 0x00, 0x00, 0x00, 0x00, 0x00, 0x00, 0x00, 0x00, 0x00, 0x96, 0xB5,
    0x96, 0xB5, 0x96, 0xB5, 0x96, 0xB5, 0x96, 0xB5, 0x96, 0xB5, 0x96, 0xB5, 0x96, 0xB5, 0x96, 0xB5,
    0x96, 0xB5, 0x96, 0xB5, 0x96, 0xB5, 0x00, 0x00, 0x00, 0x00, 0x00, 0x00, 0x96, 0xB5, 0x96, 0xB5,
    0x96, 0xB5, 0x96, 0xB5, 0x96, 0xB5, 0x96, 0xB5, 0x96, 0xB5, 0x96, 0xB5, 0x96, 0xB5, 0x96, 0xB5,
    0x96, 0xB5, 0x96, 0xB5, 0x00, 0x00, 0x00, 0x00, 0x00, 0x00, 0x96, 0xB5, 0x96, 0xB5, 0x96, 0xB5,
    0x96, 0xB5, 0x96, 0xB5, 0x96, 0xB5, 0x96, 0xB5, 0x96, 0xB5, 0x96, 0xB5, 0x96, 0xB5, 0x96, 0xB5,
    0x96, 0xB5, 0x00, 0x00, 0x00, 0x00, 0x00, 0x00, 0x96, 0xB5, 0x96, 0xB5, 0x96, 0xB5, 0x96, 0xB5,
    0x96, 0xB5, 0x96, 0xB5, 0x96, 0xB5, 0x96, 0xB5, 0x96, 0xB5, 0x00, 0x00, 0x00, 0x00, 0x00, 0x00,
    0x00, 0x00, 0x00, 0x00, 0x00, 0x00, 0x7D, 0xF7, 0x7D, 0xF7, 0x7D, 0xF7, 0x7D, 0xF7, 0x7D, 0xF7,
    0x7D, 0xF7, 0x7D, 0xF7, 0x7D, 0xF7, 0x7D, 0xF7, 0x7D, 0xF7, 0x7D, 0xF7, 0x7D, 0xF7, 0x00, 0x00,
    0x00, 0x00, 0x00, 0x00, 0x7D, 0xF7, 0x7D, 0xF7, 0x7D, 0xF7, 0x7D, 0xF7, 0x7D, 0xF7, 0x7D, 0xF7,
    0x7D, 0xF7, 0x7D, 0xF7, 0x7D, 0xF7, 0x7D, 0xF7, 0x7D, 0xF7, 0x7D, 0xF7, 0x00, 0x00, 0x00, 0x00,
    0x00, 0x00, 0x7D, 0xF7, 0x7D, 0xF7, 0x7D, 0xF7, 0x7D, 0xF7, 0x7D, 0xF7, 0x7D, 0xF7, 0x7D, 0xF7,
    0x7D, 0xF7, 0x7D, 0xF7, 0x7D, 0xF7, 0x7D, 0xF7, 0x7D, 0xF7, 0x00, 0x00, 0x00, 0x00, 0x00, 0x00,
    0x7D, 0xF7, 0x7D, 0xF7, 0x7D, 0xF7, 0x7D, 0xF7, 0x7D, 0xF7, 0x7D, 0xF7, 0x7D, 0xF7, 0x7D, 0xF7,
    0x7D, 0xF7, 0x7D, 0xF7, 0x7D, 0xF7, 0x7D, 0xF7, 0x96, 0xB5, 0x96, 0xB5, 0x96, 0xB5, 0x96, 0xB5,
    0x96, 0xB5, 0x96, 0xB5, 0x96, 0xB5, 0x96, 0xB5, 0x96, 0xB5, 0x96, 0xB5, 0x96, 0xB5, 0x96, 0xB5,
    0x00, 0x00, 0x00, 0x00, 0x00, 0x00, 0x96, 0xB5, 0x96, 0xB5, 0x96, 0xB5, 0x96, 0xB5, 0x96, 0xB5,
    0x96, 0xB5, 0x96, 0xB5, 0x96, 0xB5, 0x96, 0xB5, 0x96, 0xB5, 0x96, 0xB5, 0x96, 0xB5, 0x00, 0x00,
    0x00, 0x00, 0x00, 0x00, 0x96, 0xB5, 0x96, 0xB5, 0x96, 0xB5, 0x96, 0xB5, 0x96, 0xB5, 0x96, 0xB5,
    0x96, 0xB5, 0x96, 0xB5, 0x96, 0xB5, 0x96, 0xB5, 0x96, 0xB5, 0x96, 0xB5, 0x00, 0x00, 0x00, 0x00,
    0x00, 0x00, 0x96, 0xB5, 0x96, 0xB5, 0x96, 0xB5, 0x96, 0xB5, 0x96, 0xB5, 0x96, 0xB5, 0x96, 0xB5,
    0x96, 0xB5, 0x96, 0xB5, 0x00, 0x00, 0x00, 0x00, 0x00, 0x00, 0x00, 0x00, 0x00, 0x00, 0x00, 0x00,
    0x7D, 0xF7, 0x7D, 0xF7, 0x7D, 0xF7, 0x7D, 0xF7, 0x7D, 0xF7, 0x7D, 0xF7, 0x7D, 0xF7, 0x7D, 0xF7,
    0x7D, 0xF7, 0x7D, 0xF7, 0x7D, 0xF7, 0x7D, 0xF7, 0x00, 0x00, 0x00, 0x00, 0x00, 0x00, 0x7D, 0xF7,
    0x7D, 0xF7, 0x7D, 0xF7, 0x7D, 0xF7, 0x7D, 0xF7, 0x7D, 0xF7, 0x7D, 0xF7, 0x7D, 0xF7, 0x7D, 0xF7,
    0x7D, 0xF7, 0x7D, 0xF7, 0x7D, 0xF7, 0x00, 0x00, 0x00, 0x00, 0x00, 0x00, 0x7D, 0xF7, 0x7D, 0xF7,
    0x7D, 0xF7, 0x7D, 0xF7, 0x7D, 0xF7, 0x7D, 0xF7, 0x7D, 0xF7, 0x7D, 0xF7, 0x7D, 0xF7, 0x7D, 0xF7,
    0x7D, 0xF7, 0x7D, 0xF7, 0x00, 0x00, 0x00, 0x00, 0x00, 0x00, 0x7D, 0xF7, 0x7D, 0xF7, 0x7D, 0xF7,
    0x7D, 0xF7, 0x7D, 0xF7, 0x7D, 0xF7, 0x7D, 0xF7, 0x7D, 0xF7, 0x7D, 0xF7, 0x7D, 0xF7, 0x7D, 0xF7,
    0x7D, 0xF7, 0x96, 0xB5, 0x96, 0xB5, 0x96, 0xB5, 0x96, 0xB5, 0x96, 0xB5, 0x96, 0xB5, 0x96, 0xB5,
    0x96, 0xB5, 0x96, 0xB5, 0x96, 0xB5, 0x96, 0xB5, 0x96, 0xB5, 0x00, 0x00, 0x00, 0x00, 0x00, 0x00,
    0x96, 0xB5, 0x96, 0xB5, 0x96, 0xB5, 0x96, 0xB5, 0x96, 0xB5, 0x96, 0xB5, 0x96, 0xB5, 0x96, 0xB5,
    0x96, 0xB5, 0x96, 0xB5, 0x96, 0xB5, 0x96, 0xB5, 0x00, 0x00, 0x00, 0x00, 0x00, 0x00, 0x96, 0xB5,
    0x96, 0xB5, 0x96, 0xB5, 0x96, 0xB5, 0x96, 0xB5, 0x96, 0xB5, 0x96, 0xB5, 0x96, 0xB5, 0x96, 0xB5,
    0x96, 0xB5, 0x96, 0xB5, 0x96, 0xB5, 0x00, 0x00, 0x00, 0x00, 0x00, 0x00, 0x96, 0xB5, 0x96, 0xB5,
    0x96, 0xB5, 0x96, 0xB5, 0x96, 0xB5, 0x96, 0xB5, 0x96, 0xB5, 0x96, 0xB5, 0x96, 0xB5, 0x00, 0x00,
    0x00, 0x00, 0x00, 0x00, 0x00, 0x00, 0x00, 0x00, 0x00, 0x00, 0x7D, 0xF7, 0x7D, 0xF7, 0x7D, 0xF7,
    0x7D, 0xF7, 0x7D, 0xF7, 0x7D, 0xF7, 0x7D, 0xF7, 0x7D, 0xF7, 0x7D, 0xF7, 0x7D, 0xF7, 0x7D, 0xF7,
    0x7D, 0xF7, 0x00, 0x00, 0x00, 0x00, 0x00, 0x00, 0x7D, 0xF7, 0x7D, 0xF7, 0x7D, 0xF7, 0x7D, 0xF7,
    0x7D, 0xF7, 0x7D, 0xF7, 0x7D, 0xF7, 0x7D, 0xF7, 0x7D, 0xF7, 0x7D, 0xF7, 0x7D, 0xF7, 0x7D, 0xF7,
    0x00, 0x00, 0x00, 0x00, 0x00, 0x00, 0x7D, 0xF7, 0x7D, 0xF7, 0x7D, 0xF7, 0x7D, 0xF7, 0x7D, 0xF7,
    0x7D, 0xF7, 0x7D, 0xF7, 0x7D, 0xF7, 0x7D, 0xF7, 0x7D, 0xF7, 0x7D, 0xF7, 0x7D, 0xF7, 0x00, 0x00,
    0x00, 0x00, 0x00, 0x00, 0x7D, 0xF7, 0x7D, 0xF7, 0x7D, 0xF7, 0x7D, 0xF7, 0x7D, 0xF7, 0x7D, 0xF7,
    0x7D, 0xF7, 0x7D, 0xF7, 0x7D, 0xF7, 0x7D, 0xF7, 0x7D, 0xF7, 0x7D, 0xF7, 0x96, 0xB5, 0x96, 0xB5,
    0x96, 0xB5, 0x00, 0x00, 0x00, 0x00, 0x00, 0x00, 0x00, 0x00, 0x00, 0x00, 0x00, 0x00, 0x96, 0xB5,
    0x96, 0xB5, 0x96, 0xB5, 0x00, 0x00, 0x00, 0x00, 0x00, 0x00, 0x96, 0xB5, 0x96, 0xB5, 0x96, 0xB5,
    0x00, 0x00, 0x00, 0x00, 0x00, 0x00, 0x00, 0x00, 0x00, 0x00, 0x00, 0x00, 0x96, 0xB5, 0x96, 0xB5,
    0x96, 0xB5, 0x00, 0x00, 0x00, 0x00, 0x00, 0x00, 0x96, 0xB5, 0x96, 0xB5, 0x96, 0xB5, 0x00, 0x00,
    0x00, 0x00, 0x00, 0x00, 0x00, 0x00, 0x00, 0x00, 0x00, 0x00, 0x96, 0xB5, 0x96, 0xB5, 0x96, 0xB5,
    0x00, 0x00, 0x00, 0x00, 0x00, 0x00, 0x96, 0xB5, 0x96, 0xB5, 0x96, 0xB5, 0x00, 0x00, 0x00, 0x00,
    0x00, 0x00, 0x00, 0x00, 0x00, 0x00, 0x00, 0x00, 0x96, 0xB5, 0x96, 0xB5, 0x96, 0xB5, 0x00, 0x00,
    0x00, 0x00, 0x00, 0x00, 0x7D, 0xF7, 0x7D, 0xF7, 0x7D, 0xF7, 0x00, 0x00, 0x00, 0x00, 0x00, 0x00,
    0x00, 0x00, 0x00, 0x00, 0x00, 0x00, 0x00, 0x00, 0x00, 0x00, 0x00, 0x00, 0x00, 0x00, 0x00, 0x00,
    0x00, 0x00, 0x7D, 0xF7, 0x7D, 0xF7, 0x7D, 0xF7, 0x00, 0x00, 0x00, 0x00, 0x00, 0x00, 0x00, 0x00,
    0x00, 0x00, 0x00, 0x00, 0x7D, 0xF7, 0x7D, 0xF7, 0x7D, 0xF7, 0x00, 0x00, 0x00, 0x00, 0x00, 0x00,
    0x7D, 0xF7, 0x7D, 0xF7, 0x7D, 0xF7, 0x00, 0x00, 0x00, 0x00, 0x00, 0x00, 0x00, 0x00, 0x00, 0x00,
    0x00, 0x00, 0x7D, 0xF7, 0x7D, 0xF7, 0x7D, 0xF7, 0x00, 0x00, 0x00, 0x00, 0x00, 0x00, 0x7D, 0xF7,
    0x7D, 0xF7, 0x7D, 0xF7, 0x00, 0x00, 0x00, 0x00, 0x00, 0x00, 0x00, 0x00, 0x00, 0x00, 0x00, 0x00,
    0x7D, 0xF7, 0x7D, 0xF7, 0x7D, 0xF7, 0x96, 0xB5, 0x96, 0xB5, 0x96, 0xB5, 0x00, 0x00, 0x00, 0x00,
    0x00, 0x00, 0x00, 0x00, 0x00, 0x00, 0x00, 0x00, 0x96, 0xB5, 0x96, 0xB5, 0x96, 0xB5, 0x00, 0x00,
    0x00, 0x00, 0x00, 0x00, 0x96, 0xB5, 0x96, 0xB5, 0x96, 0xB5, 0x00, 0x00, 0x00, 0x00, 0x00, 0x00,
    0x00, 0x00, 0x00, 0x00, 0x00, 0x00, 0x96, 0xB5, 0x96, 0xB5, 0x96, 0xB5, 0x00, 0x00, 0x00, 0x00,
    0x00, 0x00, 0x96, 0xB5, 0x96, 0xB5, 0x96, 0xB5, 0x00, 0x00, 0x00, 0x00, 0x00, 0x00, 0x00, 0x00,
    0x00, 0x00, 0x00, 0x00, 0x96, 0xB5, 0x96, 0xB5, 0x96, 0xB5, 0x00, 0x00, 0x00, 0x00, 0x00, 0x00,
    0x96, 0xB5, 0x96, 0xB5, 0x96, 0xB5, 0x00, 0x00, 0x00, 0x00, 0x00, 0x00, 0x00, 0x00, 0x00, 0x00,
    0x00, 0x00, 0x96, 0xB5, 0x96, 0xB5, 0x96, 0xB5, 0x00, 0x00, 0x00, 0x00, 0x00, 0x00, 0x7D, 0xF7,
    0x7D, 0xF7, 0x7D, 0xF7, 0x00, 0x00, 0x00, 0x00, 0x00, 0x00, 0x00, 0x00, 0x00, 0x00, 0x00, 0x00,
    0x00, 0x00, 0x00, 0x00, 0x00, 0x00, 0x00, 0x00, 0x00, 0x00, 0x00, 0x00, 0x7D, 0xF7, 0x7D, 0xF7,
    0x7D, 0xF7, 0x00, 0x00, 0x00, 0x00, 0x00, 0x00, 0x00, 0x00, 0x00, 0x00, 0x00, 0x00, 0x7D, 0xF7,
    0x7D, 0xF7, 0x7D, 0xF7, 0x00, 0x00, 0x00, 0x00, 0x00, 0x00, 0x7D, 0xF7, 0x7D, 0xF7, 0x7D, 0xF7,
    0x00, 0x00, 0x00, 0x00, 0x00, 0x00, 0x00, 0x00, 0x00, 0x00, 0x00, 0x00, 0x7D, 0xF7, 0x7D, 0xF7,
    0x7D, 0xF7, 0x00, 0x00, 0x00, 0x00, 0x00, 0x00, 0x7D, 0xF7, 0x7D, 0xF7, 0x7D, 0xF7, 0x00, 0x00,
    0x00, 0x00, 0x00, 0x00, 0x00, 0x00, 0x00, 0x00, 0x00, 0x00, 0x7D, 0xF7, 0x7D, 0xF7, 0x7D, 0xF7,
    0x96, 0xB5, 0x96, 0xB5, 0x96, 0xB5, 0x00, 0x00, 0x00, 0x00, 0x00, 0x00, 0x00, 0x00, 0x00, 0x00,
    0x00, 0x00, 0x96, 0xB5, 0x96, 0xB5, 0x96, 0xB5, 0x00, 0x00, 0x00, 0x00, 0x00, 0x00, 0x96, 0xB5,
    0x96, 0xB5, 0x96, 0xB5, 0x00, 0x00, 0x00, 0x00, 0x00, 0x00, 0x00, 0x00, 0x00, 0x00, 0x00, 0x00,
    0x96, 0xB5, 0x96, 0xB5, 0x96, 0xB5, 0x00, 0x00, 0x00, 0x00, 0x00, 0x00, 0x96, 0xB5, 0x96, 0xB5,
    0x96, 0xB5, 0x00, 0x00, 0x00, 0x00, 0x00, 0x00, 0x00, 0x00, 0x00, 0x00, 0x00, 0x00, 0x96, 0xB5,
    0x96, 0xB5, 0x96, 0xB5, 0x00, 0x00, 0x00, 0x00, 0x00, 0x00, 0x96, 0xB5, 0x96, 0xB5, 0x96, 0xB5,
    0x00, 0x00, 0x00, 0x00, 0x00, 0x00, 0x00, 0x00, 0x00, 0x00, 0x00, 0x00, 0x96, 0xB5, 0x96, 0xB5,
    0x96, 0xB5, 0x00, 0x00, 0x00, 0x00, 0x00, 0x00, 0x7D, 0xF7, 0x7D, 0xF7, 0x7D, 0xF7, 0x00, 0x00,
    0x00, 0x00, 0x00, 0x00, 0x00, 0x00, 0x00, 0x00, 0x00, 0x00, 0x00, 0x00, 0x00, 0x00, 0x00, 0x00,
    0x00, 0x00, 0x00, 0x00, 0x00, 0x00, 0x7D, 0xF7, 0x7D, 0xF7, 0x7D, 0xF7, 0x00, 0x00, 0x00, 0x00,
    0x00, 0x00, 0x00, 0x00, 0x00, 0x00, 0x00, 0x00, 0x7D, 0xF7, 0x7D, 0xF7, 0x7D, 0xF7, 0x00, 0x00,
    0x00, 0x00, 0x00, 0x00, 0x7D, 0xF7, 0x7D, 0xF7, 0x7D, 0xF7, 0x00, 0x00, 0x00, 0x00, 0x00, 0x00,
    0x00, 0x00, 0x00, 0x00, 0x00, 0x00, 0x7D, 0xF7, 0x7D, 0xF7, 0x7D, 0xF7, 0x00, 0x00, 0x00, 0x00,
    0x00, 0x00, 0x7D, 0xF7, 0x7D, 0xF7, 0x7D, 0xF7, 0x00, 0x00, 0x00, 0x00, 0x00, 0x00, 0x00, 0x00,
    0x00, 0x00, 0x00, 0x00, 0x7D, 0xF7, 0x7D, 0xF7, 0x7D, 0xF7, 0x96, 0xB5, 0x96, 0xB5, 0x96, 0xB5,
    0x28, 0x4A, 0x28, 0x4A, 0x28, 0x4A, 0x28, 0x4A, 0x28, 0x4A, 0x28, 0x4A, 0x96, 0xB5, 0x96, 0xB5,
    0x96, 0xB5, 0x00, 0x00, 0x00, 0x00, 0x00, 0x00, 0x96, 0xB5, 0x96, 0xB5, 0x96, 0xB5, 0x28, 0x4A,
    0x28, 0x4A, 0x28, 0x4A, 0x28, 0x4A, 0x28, 0x4A, 0x28, 0x4A, 0x96, 0xB5, 0x96, 0xB5, 0x96, 0xB5,
    0x00, 0x00, 0x00, 0x00, 0x00, 0x00, 0x96, 0xB5, 0x96, 0xB5, 0x96, 0xB5, 0x96, 0xB5, 0x96, 0xB5,
    0x96, 0xB5, 0x96, 0xB5, 0x96, 0xB5, 0x96, 0xB5, 0x96, 0xB5, 0x96, 0xB5, 0x96, 0xB5, 0x00, 0x00,
    0x00, 0x00, 0x00, 0x00, 0x96, 0xB5, 0x96, 0xB5, 0x96, 0xB5, 0x28, 0x4A, 0x28, 0x4A, 0x28, 0x4A,
    0x28, 0x4A, 0x28, 0x4A, 0x28, 0x4A, 0x96, 0xB5, 0x96, 0xB5, 0x96, 0xB5, 0x00, 0x00, 0x00, 0x00,
    0x00, 0x00, 0x7D, 0xF7, 0x7D, 0xF7, 0x7D, 0xF7, 0x28, 0x4A, 0x28, 0x4A, 0x28, 0x4A, 0x28, 0x4A,
    0x28, 0x4A, 0x28, 0x4A, 0x28, 0x4A, 0x28, 0x4A, 0x28, 0x4A, 0x00, 0x00, 0x00, 0x00, 0x00, 0x00,
    0x7D, 0xF7, 0x7D, 0xF7, 0x7D, 0xF7, 0x28, 0x4A, 0x28, 0x4A, 0x28, 0x4A, 0x28, 0x4A, 0x28, 0x4A,
    0x28, 0x4A, 0x7D, 0xF7, 0x7D, 0xF7, 0x7D, 0xF7, 0x00, 0x00, 0x00, 0x00, 0x00, 0x00, 0x7D, 0xF7,
    0x7D, 0xF7, 0x7D, 0xF7, 0x28, 0x4A, 0x28, 0x4A, 0x28, 0x4A, 0x28, 0x4A, 0x28, 0x4A, 0x28, 0x4A,
    0x7D, 0xF7, 0x7D, 0xF7, 0x7D, 0xF7, 0x00, 0x00, 0x00, 0x00, 0x00, 0x00, 0x7D, 0xF7, 0x7D, 0xF7,
    0x7D, 0xF7, 0x7D, 0xF7, 0x7D, 0xF7, 0x7D, 0xF7, 0x7D, 0xF7, 0x7D, 0xF7, 0x7D, 0xF7, 0x7D, 0xF7,
    0x7D, 0xF7, 0x7D, 0xF7, 0x96, 0xB5, 0x96, 0xB5, 0x96, 0xB5, 0x28, 0x4A, 0x28, 0x4A, 0x28, 0x4A,
    0x28, 0x4A, 0x28, 0x4A, 0x28, 0x4A, 0x96, 0xB5, 0x96, 0xB5, 0x96, 0xB5, 0x00, 0x00, 0x00, 0x00,
    0x00, 0x00, 0x96, 0xB5, 0x96, 0xB5, 0x96, 0xB5, 0x28, 0x4A, 0x28, 0x4A, 0x28, 0x4A, 0x28, 0x4A,
    0x28, 0x4A, 0x28, 0x4A, 0x96, 0xB5, 0x96, 0xB5, 0x96, 0xB5, 0x00, 0x00, 0x00, 0x00, 0x00, 0x00,
    0x96, 0xB5, 0x96, 0xB5, 0x96, 0xB5, 0x96, 0xB5, 0x96, 0xB5, 0x96, 0xB5, 0x96, 0xB5, 0x96, 0xB5,
    0x96, 0xB5, 0x96, 0xB5, 0x96, 0xB5, 0x96, 0xB5, 0x00, 0x00, 0x00, 0x00, 0x00, 0x00, 0x96, 0xB5,
    0x96, 0xB5, 0x96, 0xB5, 0x28, 0x4A, 0x28, 0x4A, 0x28, 0x4A, 0x28, 0x4A, 0x28, 0x4A, 0x28, 0x4A,
    0x96, 0xB5, 0x96, 0xB5, 0x96, 0xB5, 0x00, 0x00, 0x00, 0x00, 0x00, 0x00, 0x7D, 0xF7, 0x7D, 0xF7,
    0x7D, 0xF7, 0x28, 0x4A, 0x28, 0x4A, 0x28, 0x4A, 0x28, 0x4A, 0x28, 0x4A, 0x28, 0x4A, 0x28, 0x4A,
    0x28, 0x4A, 0x28, 0x4A, 0x00, 0x00, 0x00, 0x00, 0x00, 0x00, 0x7D, 0xF7, 0x7D, 0xF7, 0x7D, 0xF7,
    0x28, 0x4A, 0x28, 0x4A, 0x28, 0x4A, 0x28, 0x4A, 0x28, 0x4A, 0x28, 0x4A, 0x7D, 0xF7, 0x7D, 0xF7,
    0x7D, 0xF7, 0x00, 0x00, 0x00, 0x00, 0x00, 0x00, 0x7D, 0xF7, 0x7D, 0xF7, 0x7D, 0xF7, 0x28, 0x4A,
    0x28, 0x4A, 0x28, 0x4A, 0x28, 0x4A, 0x28, 0x4A, 0x28, 0x4A, 0x7D, 0xF7, 0x7D, 0xF7, 0x7D, 0xF7,
    0x00, 0x00, 0x00, 0x00, 0x00, 0x00, 0x7D, 0xF7, 0x7D, 0xF7, 0x7D, 0xF7, 0x7D, 0xF7, 0x7D, 0xF7,
    0x7D, 0xF7, 0x7D, 0xF7, 0x7D, 0xF7, 0x7D, 0xF7, 0x7D, 0xF7, 0x7D, 0xF7, 0x7D, 0xF7, 0x96, 0xB5,
    0x96, 0xB5, 0x96, 0xB5, 0x28, 0x4A, 0x28, 0x4A, 0x28, 0x4A, 0x28, 0x4A, 0x28, 0x4A, 0x28, 0x4A,
    0x96, 0xB5, 0x96, 0xB5, 0x96, 0xB5, 0x00, 0x00, 0x00, 0x00, 0x00, 0x00, 0x96, 0xB5, 0x96, 0xB5,
    0x96, 0xB5, 0x28, 0x4A, 0x28, 0x4A, 0x28, 0x4A, 0x28, 0x4A, 0x28, 0x4A, 0x28, 0x4A, 0x96, 0xB5,
    0x96, 0xB5, 0x96, 0xB5, 0x00, 0x00, 0x00, 0x00, 0x00, 0x00, 0x96, 0xB5, 0x96, 0xB5, 0x96, 0xB5,
    0x96, 0xB5, 0x96, 0xB5, 0x96, 0xB5, 0x96, 0xB5, 0x96, 0xB5, 0x96, 0xB5, 0x96, 0xB5, 0x96, 0xB5,
    0x96, 0xB5, 0x00, 0x00, 0x00, 0x00, 0x00, 0x00, 0x96, 0xB5, 0x96, 0xB5, 0x96, 0xB5, 0x28, 0x4A,
    0x28, 0x4A, 0x28, 0x4A, 0x28, 0x4A, 0x28, 0x4A, 0x28, 0x4A, 0x96, 0xB5, 0x96, 0xB5, 0x96, 0xB5,
    0x00, 0x00, 0x00, 0x00, 0x00, 0x00, 0x7D, 0xF7, 0x7D, 0xF7, 0x7D, 0xF7, 0x28, 0x4A, 0x28, 0x4A,
    0x28, 0x4A, 0x28, 0x4A, 0x28, 0x4A, 0x28, 0x4A, 0x28, 0x4A, 0x28, 0x4A, 0x28, 0x4A, 0x00, 0x00,
    0x00, 0x00, 0x00, 0x00, 0x7D, 0xF7, 0x7D, 0xF7, 0x7D, 0xF7, 0x28, 0x4A, 0x28, 0x4A, 0x28, 0x4A,
    0x28, 0x4A, 0x28, 0x4A, 0x28, 0x4A, 0x7D, 0xF7, 0x7D, 0xF7, 0x7D, 0xF7, 0x00, 0x00, 0x00, 0x00,
    0x00, 0x00, 0x7D, 0xF7, 0x7D, 0xF7, 0x7D, 0xF7, 0x28, 0x4A, 0x28, 0x4A, 0x28, 0x4A, 0x28, 0x4A,
    0x28, 0x4A, 0x28, 0x4A, 0x7D, 0xF7, 0x7D, 0xF7, 0x7D, 0xF7, 0x00, 0x00, 0x00, 0x00, 0x00, 0x00,
    0x7D, 0xF7, 0x7D, 0xF7, 0x7D, 0xF7, 0x7D, 0xF7, 0x7D, 0xF7, 0x7D, 0xF7, 0x7D, 0xF7, 0x7D, 0xF7,
    0x7D, 0xF7, 0x7D, 0xF7, 0x7D, 0xF7, 0x7D, 0xF7, 0x96, 0xB5, 0x96, 0xB5, 0x96, 0xB5, 0x28, 0x4A,
    0x28, 0x4A, 0x28, 0x4A, 0x28, 0x4A, 0x28, 0x4A, 0x28, 0x4A, 0x96, 0xB5, 0x96, 0xB5, 0x96, 0xB5,
    0x00, 0x00, 0x00, 0x00, 0x00, 0x00, 0x96, 0xB5, 0x96, 0xB5, 0x96, 0xB5, 0x28, 0x4A, 0x28, 0x4A,
    0x28, 0x4A, 0x28, 0x4A, 0x28, 0x4A, 0x28, 0x4A, 0x96, 0xB5, 0x96, 0xB5, 0x96, 0xB5, 0x00, 0x00,
    0x00, 0x00, 0x00, 0x00, 0x96, 0xB5, 0x96, 0xB5, 0x96, 0xB5, 0x28, 0x4A, 0x28, 0x4A, 0x28, 0x4A,
    0x28, 0x4A, 0x28, 0x4A, 0x28, 0x4A, 0x28, 0x4A, 0x28, 0x4A, 0x28, 0x4A, 0x00, 0x00, 0x00, 0x00,
    0x00, 0x00, 0x96, 0xB5, 0x96, 0xB5, 0x96, 0xB5, 0x28, 0x4A, 0x28, 0x4A, 0x28, 0x4A, 0x28, 0x4A,
    0x28, 0x4A, 0x28, 0x4A, 0x96, 0xB5, 0x96, 0xB5, 0x96, 0xB5, 0x00, 0x00, 0x00, 0x00, 0x00, 0x00,
    0x7D, 0xF7, 0x7D, 0xF7, 0x7D, 0xF7, 0x28, 0x4A, 0x28, 0x4A, 0x28, 0x4A, 0x28, 0x4A, 0x28, 0x4A,
    0x28, 0x4A, 0x28, 0x4A, 0x28, 0x4A, 0x28, 0x4A, 0x00, 0x00, 0x00, 0x00, 0x00, 0x00, 0x7D, 0xF7,
    0x7D, 0xF7, 0x7D, 0xF7, 0x28, 0x4A, 0x28, 0x4A, 0x28, 0x4A, 0x28, 0x4A, 0x28, 0x4A, 0x28, 0x4A,
    0x7D, 0xF7, 0x7D, 0xF7, 0x7D, 0xF7, 0x00, 0x00, 0x00, 0x00, 0x00, 0x00, 0x7D, 0xF7, 0x7D, 0xF7,
    0x7D, 0xF7, 0x28, 0x4A, 0x28, 0x4A, 0x28, 0x4A, 0x28, 0x4A, 0x28, 0x4A, 0x28, 0x4A, 0x7D, 0xF7,
    0x7D, 0xF7, 0x7D, 0xF7, 0x00, 0x00, 0x00, 0x00, 0x00, 0x00, 0x7D, 0xF7, 0x7D, 0xF7, 0x7D, 0xF7,
    0x28, 0x4A, 0x28, 0x4A, 0x28, 0x4A, 0x28, 0x4A, 0x28, 0x4A, 0x28, 0x4A, 0x28, 0x4A, 0x28, 0x4A,
    0x28, 0x4A, 0x96, 0xB5, 0x96, 0xB5, 0x96, 0xB5, 0x28, 0x4A, 0x28, 0x4A, 0x28, 0x4A, 0x28, 0x4A,
    0x28, 0x4A, 0x28, 0x4A, 0x96, 0xB5, 0x96, 0xB5, 0x96, 0xB5, 0x00, 0x00, 0x00, 0x00, 0x00, 0x00,
    0x96, 0xB5, 0x96, 0xB5, 0x96, 0xB5, 0x28, 0x4A, 0x28, 0x4A, 0x28, 0x4A, 0x28, 0x4A, 0x28, 0x4A,
    0x28, 0x4A, 0x96, 0xB5, 0x96, 0xB5, 0x96, 0xB5, 0x00, 0x00, 0x00, 0x00, 0x00, 0x00, 0x96, 0xB5,
    0x96, 0xB5, 0x96, 0xB5, 0x28, 0x4A, 0x28, 0x4A, 0x28, 0x4A, 0x28, 0x4A, 0x28, 0x4A, 0x28, 0x4A,
    0x28, 0x4A, 0x28, 0x4A, 0x28, 0x4A, 0x00, 0x00, 0x00, 0x00, 0x00, 0x00, 0x96, 0xB5, 0x96, 0xB5,
    0x96, 0xB5, 0x28, 0x4A, 0x28, 0x4A, 0x28, 0x4A, 0x28, 0x4A, 0x28, 0x4A, 0x28, 0x4A, 0x96, 0xB5,
    0x96, 0xB5, 0x96, 0xB5, 0x00, 0x00, 0x00, 0x00, 0x00, 0x00, 0x7D, 0xF7, 0x7D, 0xF7, 0x7D, 0xF7,
    0x28, 0x4A, 0x28, 0x4A, 0x28, 0x4A, 0x28, 0x4A, 0x28, 0x4A, 0x28, 0x4A, 0x28, 0x4A, 0x28, 0x4A,
    0x28, 0x4A, 0x00, 0x00, 0x00, 0x00, 0x00, 0x00, 0x7D, 0xF7, 0x7D, 0xF7, 0x7D, 0xF7, 0x28, 0x4A,
    0x28, 0x4A, 0x28, 0x4A, 0x28, 0x4A, 0x28, 0x4A, 0x28, 0x4A, 0x7D, 0xF7, 0x7D, 0xF7, 0x7D, 0xF7,
    0x00, 0x00, 0x00, 0x00, 0x00, 0x00, 0x7D, 0xF7, 0x7D, 0xF7, 0x7D, 0xF7, 0x28, 0x4A, 0x28, 0x4A,
    0x28, 0x4A, 0x28, 0x4A, 0x28, 0x4A, 0x28, 0x4A, 0x7D, 0xF7, 0x7D, 0xF7, 0x7D, 0xF7, 0x00, 0x00,
    0x00, 0x00, 0x00, 0x00, 0x7D, 0xF7, 0x7D, 0xF7, 0x7D, 0xF7, 0x28, 0x4A, 0x28, 0x4A, 0x28, 0x4A,
    0x28, 0x4A, 0x28, 0x4A, 0x28, 0x4A, 0x28, 0x4A, 0x28, 0x4A, 0x28, 0x4A, 0x96, 0xB5, 0x96, 0xB5,
    0x96, 0xB5, 0x28, 0x4A, 0x28, 0x4A, 0x28, 0x4A, 0x28, 0x4A, 0x28, 0x4A, 0x28, 0x4A, 0x96, 0xB5,
    0x96, 0xB5, 0x96, 0xB5, 0x00, 0x00, 0x00, 0x00, 0x00, 0x00, 0x96, 0xB5, 0x96, 0xB5, 0x96, 0xB5,
    0x28, 0x4A, 0x28, 0x4A, 0x28, 0x4A, 0x28, 0x4A, 0x28, 0x4A, 0x28, 0x4A, 0x96, 0xB5, 0x96, 0xB5,
    0x96, 0xB5, 0x00, 0x00, 0x00, 0x00, 0x00, 0x00, 0x96, 0xB5, 0x96, 0xB5, 0x96, 0xB5, 0x28, 0x4A,
    0x28, 0x4A, 0x28, 0x4A, 0x28, 0x4A, 0x28, 0x4A, 0x28, 0x4A, 0x28, 0x4A, 0x28, 0x4A, 0x28, 0x4A,
    0x00, 0x00, 0x00, 0x00, 0x00, 0x00, 0x96, 0xB5, 0x96, 0xB5, 0x96, 0xB5, 0x28, 0x4A, 0x28, 0x4A,
    0x28, 0x4A, 0x28, 0x4A, 0x28, 0x4A, 0x28, 0x4A, 0x96, 0xB5, 0x96, 0xB5, 0x96, 0xB5, 0x00, 0x00,
    0x00, 0x00, 0x00, 0x00, 0x7D, 0xF7, 0x7D, 0xF7, 0x7D, 0xF7, 0x28, 0x4A, 0x28, 0x4A, 0x28, 0x4A,
    0x28, 0x4A, 0x28, 0x4A, 0x28, 0x4A, 0x28, 0x4A, 0x28, 0x4A, 0x28, 0x4A, 0x00, 0x00, 0x00, 0x00,
    0x00, 0x00, 0x7D, 0xF7, 0x7D, 0xF7, 0x7D, 0xF7, 0x28, 0x4A, 0x28, 0x4A, 0x28, 0x4A, 0x28, 0x4A,
    0x28, 0x4A, 0x28, 0x4A, 0x7D, 0xF7, 0x7D, 0xF7, 0x7D, 0xF7, 0x00, 0x00, 0x00, 0x00, 0x00, 0x00,
    0x7D, 0xF7, 0x7D, 0xF7, 0x7D, 0xF7, 0x28, 0x4A, 0x28, 0x4A, 0x28, 0x4A, 0x28, 0x4A, 0x28, 0x4A,
    0x28, 0x4A, 0x7D, 0xF7, 0x7D, 0xF7, 0x7D, 0xF7, 0x00, 0x00, 0x00, 0x00, 0x00, 0x00, 0x7D, 0xF7,
    0x7D, 0xF7, 0x7D, 0xF7, 0x28, 0x4A, 0x28, 0x4A, 0x28, 0x4A, 0x28, 0x4A, 0x28, 0x4A, 0x28, 0x4A,
    0x28, 0x4A, 0x28, 0x4A, 0x28, 0x4A, 0x96, 0xB5, 0x96, 0xB5, 0x96, 0xB5, 0x96, 0xB5, 0x96, 0xB5,
    0x96, 0xB5, 0x96, 0xB5, 0x96, 0xB5, 0x96, 0xB5, 0x96, 0xB5, 0x96, 0xB5, 0x96, 0xB5, 0x00, 0x00,
    0x00, 0x00, 0x00, 0x00, 0x96, 0xB5, 0x96, 0xB5, 0x96, 0xB5, 0x96, 0xB5, 0x96, 0xB5, 0x96, 0xB5,
    0x96, 0xB5, 0x96, 0xB5, 0x96, 0xB5, 0x96, 0xB5, 0x96, 0xB5, 0x96, 0xB5, 0x00, 0x00, 0x00, 0x00,
    0x00, 0x00, 0x96, 0xB5, 0x96, 0xB5, 0x96, 0xB5, 0x96, 0xB5, 0x96, 0xB5, 0x96, 0xB5, 0x96, 0xB5,
    0x96, 0xB5, 0x96, 0xB5, 0x96, 0xB5, 0x96, 0xB5, 0x96, 0xB5, 0x00, 0x00, 0x00, 0x00, 0x00, 0x00,
    0x96, 0xB5, 0x96, 0xB5, 0x96, 0xB5, 0x28, 0x4A, 0x28, 0x4A, 0x28, 0x4A, 0x28, 0x4A, 0x28, 0x4A,
    0x28, 0x4A, 0x96, 0xB5, 0x96, 0xB5, 0x96, 0xB5, 0x00, 0x00, 0x00, 0x00, 0x00, 0x00, 0x7D, 0xF7,
    0x7D, 0xF7, 0x7D, 0xF7, 0x7D, 0xF7, 0x7D, 0xF7, 0x7D, 0xF7, 0x7D, 0xF7, 0x7D, 0xF7, 0x7D, 0xF7,
    0x7D, 0xF7, 0x7D, 0xF7, 0x7D, 0xF7, 0x00, 0x00, 0x00, 0x00, 0x00, 0x00, 0x7D, 0xF7, 0x7D, 0xF7,
    0x7D, 0xF7, 0x7D, 0xF7, 0x7D, 0xF7, 0x7D, 0xF7, 0x7D, 0xF7, 0x7D, 0xF7, 0x7D, 0xF7, 0x7D, 0xF7,
    0x7D, 0xF7, 0x7D, 0xF7, 0x00, 0x00, 0x00, 0x00, 0x00, 0x00, 0x7D, 0xF7, 0x7D, 0xF7, 0x7D, 0xF7,
    0x7D, 0xF7, 0x7D, 0xF7, 0x7D, 0xF7, 0x7D, 0xF7, 0x7D, 0xF7, 0x7D, 0xF7, 0x7D, 0xF7, 0x7D, 0xF7,
    0x7D, 0xF7, 0x00, 0x00, 0x00, 0x00, 0x00, 0x00, 0x7D, 0xF7, 0x7D, 0xF7, 0x7D, 0xF7, 0x7D, 0xF7,
    0x7D, 0xF7, 0x7D, 0xF7, 0x7D, 0xF7, 0x7D, 0xF7, 0x7D, 0xF7, 0x7D, 0xF7, 0x7D, 0xF7, 0x7D, 0xF7,
    0x96, 0xB5, 0x96, 0xB5, 0x96, 0xB5, 0x96, 0xB5, 0x96, 0xB5, 0x96, 0xB5, 0x96, 0xB5, 0x96, 0xB5,
    0x96, 0xB5, 0x96, 0xB5, 0x96, 0xB5, 0x96, 0xB5, 0x00, 0x00, 0x00, 0x00, 0x00, 0x00, 0x96, 0xB5,
    0x96, 0xB5, 0x96, 0xB5, 0x96, 0xB5, 0x96, 0xB5, 0x96, 0xB5, 0x96, 0xB5, 0x96, 0xB5, 0x96, 0xB5,
    0x96, 0xB5, 0x96, 0xB5, 0x96, 0xB5, 0x00, 0x00, 0x00, 0x00, 0x00, 0x00, 0x96, 0xB5, 0x96, 0xB5,
    0x96, 0xB5, 0x96, 0xB5, 0x96, 0xB5, 0x96, 0xB5, 0x96, 0xB5, 0x96, 0xB5, 0x96, 0xB5, 0x96, 0xB5,
    0x96, 0xB5, 0x96, 0xB5, 0x00, 0x00, 0x00, 0x00, 0x00, 0x00, 0x96, 0xB5, 0x96, 0xB5, 0x96, 0xB5,
    0x28, 0x4A, 0x28, 0x4A, 0x28, 0x4A, 0x28, 0x4A, 0x28, 0x4A, 0x28, 0x4A, 0x96, 0xB5, 0x96, 0xB5,
    0x96, 0xB5, 0x00, 0x00, 0x00, 0x00, 0x00, 0x00, 0x7D, 0xF7, 0x7D, 0xF7, 0x7D, 0xF7, 0x7D, 0xF7,
    0x7D, 0xF7, 0x7D, 0xF7, 0x7D, 0xF7, 0x7D, 0xF7, 0x7D, 0xF7, 0x7D, 0xF7, 0x7D, 0xF7, 0x7D, 0xF7,
    0x00, 0x00, 0x00, 0x00, 0x00, 0x00, 0x7D, 0xF7, 0x7D, 0xF7, 0x7D, 0xF7, 0x7D, 0xF7, 0x7D, 0xF7,
    0x7D, 0xF7, 0x7D, 0xF7, 0x7D, 0xF7, 0x7D, 0xF7, 0x7D, 0xF7, 0x7D, 0xF7, 0x7D, 0xF7, 0x00, 0x00,
    0x00, 0x00, 0x00, 0x00, 0x7D, 0xF7, 0x7D, 0xF7, 0x7D, 0xF7, 0x7D, 0xF7, 0x7D, 0xF7, 0x7D, 0xF7,
    0x7D, 0xF7, 0x7D, 0xF7, 0x7D, 0xF7, 0x7D, 0xF7, 0x7D, 0xF7, 0x7D, 0xF7, 0x00, 0x00, 0x00, 0x00,
    0x00, 0x00, 0x7D, 0xF7, 0x7D, 0xF7, 0x7D, 0xF7, 0x7D, 0xF7, 0x7D, 0xF7, 0x7D, 0xF7, 0x7D, 0xF7,
    0x7D, 0xF7, 0x7D, 0xF7, 0x7D, 0xF7, 0x7D, 0xF7, 0x7D, 0xF7, 0x96, 0xB5, 0x96, 0xB5, 0x96, 0xB5,
    0x96, 0xB5, 0x96, 0xB5, 0x96, 0xB5, 0x96, 0xB5, 0x96, 0xB5, 0x96, 0xB5, 0x96, 0xB5, 0x96, 0xB5,
    0x96, 0xB5, 0x00, 0x00, 0x00, 0x00, 0x00, 0x00, 0x96, 0xB5, 0x96, 0xB5, 0x96, 0xB5, 0x96, 0xB5,
    0x96, 0xB5, 0x96, 0xB5, 0x96, 0xB5, 0x96, 0xB5, 0x96, 0xB5, 0x96, 0xB5, 0x96, 0xB5, 0x96, 0xB5,
    0x00, 0x00, 0x00, 0x00, 0x00, 0x00, 0x96, 0xB5, 0x96, 0xB5, 0x96, 0xB5, 0x96, 0xB5, 0x96, 0xB5,
    0x96, 0xB5, 0x96, 0xB5, 0x96, 0xB5, 0x96, 0xB5, 0x96, 0xB5, 0x96, 0xB5, 0x96, 0xB5, 0x00, 0x00,
    0x00, 0x00, 0x00, 0x00, 0x96, 0xB5, 0x96, 0xB5, 0x96, 0xB5, 0x28, 0x4A, 0x28, 0x4A, 0x28, 0x4A,
    0x28, 0x4A, 0x28, 0x4A, 0x28, 0x4A, 0x96, 0xB5, 0x96, 0xB5, 0x96, 0xB5, 0x00, 0x00, 0x00, 0x00,
    0x00, 0x00, 0x7D, 0xF7, 0x7D, 0xF7, 0x7D, 0xF7, 0x7D, 0xF7, 0x7D, 0xF7, 0x7D, 0xF7, 0x7D, 0xF7,
    0x7D, 0xF7, 0x7D, 0xF7, 0x7D, 0xF7, 0x7D, 0xF7, 0x7D, 0xF7, 0x00, 0x00, 0x00, 0x00, 0x00, 0x00,
    0x7D, 0xF7, 0x7D, 0xF7, 0x7D, 0xF7, 0x7D, 0xF7, 0x7D, 0xF7, 0x7D, 0xF7, 0x7D, 0xF7, 0x7D, 0xF7,
    0x7D, 0xF7, 0x7D, 0xF7, 0x7D, 0xF7, 0x7D, 0xF7, 0x00, 0x00, 0x00, 0x00, 0x00, 0x00, 0x7D, 0xF7,
    0x7D, 0xF7, 0x7D, 0xF7, 0x7D, 0xF7, 0x7D, 0xF7, 0x7D, 0xF7, 0x7D, 0xF7, 0x7D, 0xF7, 0x7D, 0xF7,
    0x7D, 0xF7, 0x7D, 0xF7, 0x7D, 0xF7, 0x00, 0x00, 0x00, 0x00, 0x00, 0x00, 0x7D, 0xF7, 0x7D, 0xF7,
    0x7D, 0xF7, 0x7D, 0xF7, 0x7D, 0xF7, 0x7D, 0xF7, 0x7D, 0xF7, 0x7D, 0xF7, 0x7D, 0xF7, 0x7D, 0xF7,
    0x7D, 0xF7, 0x7D, 0xF7, 0x00, 0x00, 0x00, 0x00, 0x00, 0x00, 0x00, 0x00, 0x00, 0x00, 0x00, 0x00,
    0x00, 0x00, 0x00, 0x00, 0x00, 0x00, 0x00, 0x00, 0x00, 0x00, 0x00, 0x00, 0x00, 0x00, 0x00, 0x00,
    0x00, 0x00, 0x96, 0xB5, 0x96, 0xB5, 0x96, 0xB5, 0x00, 0x00, 0x00, 0x00, 0x00, 0x00, 0x00, 0x00,
    0x00, 0x00, 0x00, 0x00, 0x00, 0x00, 0x00, 0x00, 0x00, 0x00, 0x00, 0x00, 0x00, 0x00, 0x00, 0x00,
    0x00, 0x00, 0x00, 0x00, 0x00, 0x00, 0x00, 0x00, 0x00, 0x00, 0x00, 0x00, 0x00, 0x00, 0x00, 0x00,
    0x00, 0x00, 0x00, 0x00, 0x00, 0x00, 0x00, 0x00, 0x00, 0x00, 0x00, 0x00, 0x00, 0x00, 0x00, 0x00,
    0x00, 0x00, 0x00, 0x00, 0x00, 0x00, 0x00, 0x00, 0x00, 0x00, 0x00, 0x00, 0x00, 0x00, 0x00, 0x00,
    0x00, 0x00, 0x00, 0x00, 0x00, 0x00, 0x00, 0x00, 0x00, 0x00, 0x00, 0x00, 0x00, 0x00, 0x00, 0x00,
    0x00, 0x00, 0x00, 0x00, 0x00, 0x00, 0x00, 0x00, 0x00, 0x00, 0x00, 0x00, 0x00, 0x00, 0x00, 0x00,
    0x00, 0x00, 0x00, 0x00, 0x00, 0x00, 0x00, 0x00, 0x00, 0x00, 0x00, 0x00, 0x00, 0x00, 0x00, 0x00,
    0x00, 0x00, 0x00, 0x00, 0x00, 0x00, 0x00, 0x00, 0x00, 0x00, 0x00, 0x00, 0x00, 0x00, 0x00, 0x00,
    0x00, 0x00, 0x00, 0x00, 0x00, 0x00, 0x00, 0x00, 0x00, 0x00, 0x00, 0x00, 0x00, 0x00, 0x00, 0x00,
    0x00, 0x00, 0x00, 0x00, 0x00, 0x00, 0x00, 0x00, 0x00, 0x00, 0x00, 0x00, 0x00, 0x00, 0x00, 0x00,
    0x00, 0x00, 0x00, 0x00, 0x00, 0x00, 0x00, 0x00, 0x00, 0x00, 0x00, 0x00, 0x00, 0x00, 0x00, 0x00,
    0x00, 0x00, 0x00, 0x00, 0x00, 0x00, 0x00, 0x00, 0x00, 0x00, 0x00, 0x00, 0x00, 0x00, 0x00, 0x00,
    0x00, 0x00, 0x00, 0x00, 0x00, 0x00, 0x00, 0x00, 0x00, 0x00, 0x00, 0x00, 0x00, 0x00, 0x00, 0x00,
    0x00, 0x00, 0x00, 0x00, 0x00, 0x00, 0x00, 0x00, 0x00, 0x00, 0x00, 0x00, 0x96, 0xB5, 0x96, 0xB5,
    0x96, 0xB5, 0x00, 0x00, 0x00, 0x00, 0x00, 0x00, 0x00, 0x00, 0x00, 0x00, 0x00, 0x00, 0x00, 0x00,
    0x00, 0x00, 0x00, 0x00, 0x00, 0x00, 0x00, 0x00, 0x00, 0x00, 0x00, 0x00, 0x00, 0x00, 0x00, 0x00,
    0x00, 0x00, 0x00, 0x00, 0x00, 0x00, 0x00, 0x00, 0x00, 0x00, 0x00, 0x00, 0x00, 0x00, 0x00, 0x00,
    0x00, 0x00, 0x00, 0x00, 0x00, 0x00, 0x00, 0x00, 0x00, 0x00, 0x00, 0x00, 0x00, 0x00, 0x00, 0x00,
    0x00, 0x00, 0x00, 0x00, 0x00, 0x00, 0x00, 0x00, 0x00, 0x00, 0x00, 0x00, 0x00, 0x00, 0x00, 0x00,
    0x00, 0x00, 0x00, 0x00, 0x00, 0x00, 0x00, 0x00, 0x00, 0x00, 0x00, 0x00, 0x00, 0x00, 0x00, 0x00,
    0x00, 0x00, 0x00, 0x00, 0x00, 0x00, 0x00, 0x00, 0x00, 0x00, 0x00, 0x00, 0x00, 0x00, 0x00, 0x00,
    0x00, 0x00, 0x00, 0x00, 0x00, 0x00, 0x00, 0x00, 0x00, 0x00, 0x00, 0x00, 0x00, 0x00, 0x00, 0x00,
    0x00, 0x00, 0x00, 0x00, 0x00, 0x00, 0x00, 0x00, 0x00, 0x00, 0x00, 0x00, 0x00, 0x00, 0x00, 0x00,
    0x00, 0x00, 0x00, 0x00, 0x00, 0x00, 0x00, 0x00, 0x00, 0x00, 0x00, 0x00, 0x00, 0x00, 0x00, 0x00,
    0x00, 0x00, 0x00, 0x00, 0x00, 0x00, 0x00, 0x00, 0x00, 0x00, 0x00, 0x00, 0x00, 0x00, 0x00, 0x00,
    0x00, 0x00, 0x00, 0x00, 0x00, 0x00, 0x00, 0x00, 0x00, 0x00, 0x00, 0x00, 0x00, 0x00, 0x00, 0x00,
    0x00, 0x00, 0x00, 0x00, 0x00, 0x00, 0x00, 0x00, 0x00, 0x00, 0x00, 0x00, 0x00, 0x00, 0x00, 0x00,
    0x00, 0x00, 0x00, 0x00, 0x00, 0x00, 0x00, 0x00, 0x00, 0x00, 0x00, 0x00, 0x00, 0x00, 0x00, 0x00,
    0x00, 0x00, 0x00, 0x00, 0x00, 0x00, 0x96, 0xB5, 0x96, 0xB5, 0x96, 0xB5, 0x00, 0x00, 0x00, 0x00,
    0x00, 0x00, 0x00, 0x00, 0x00, 0x00, 0x00, 0x00, 0x00, 0x00, 0x00, 0x00, 0x00, 0x00, 0x00, 0x00,
    0x00, 0x00, 0x00, 0x00, 0x00, 0x00, 0x00, 0x00, 0x00, 0x00, 0x00, 0x00, 0x00, 0x00, 0x00, 0x00,
    0x00, 0x00, 0x00, 0x00, 0x00, 0x00, 0x00, 0x00, 0x00, 0x00, 0x00, 0x00, 0x00, 0x00, 0x00, 0x00,
    0x00, 0x00, 0x00, 0x00, 0x00, 0x00, 0x00, 0x00, 0x00, 0x00, 0x00, 0x00, 0x00, 0x00, 0x00, 0x00,
    0x00, 0x00, 0x00, 0x00, 0x00, 0x00, 0x00, 0x00, 0x00, 0x00, 0x00, 0x00, 0x00, 0x00, 0x00, 0x00,
    0x00, 0x00, 0x00, 0x00, 0x00, 0x00, 0x00, 0x00, 0x00, 0x00, 0x00, 0x00, 0x00, 0x00, 0x00, 0x00,
    0x00, 0x00, 0x00, 0x00, 0x00, 0x00, 0x00, 0x00, 0x00, 0x00, 0x00, 0x00, 0x00, 0x00, 0x00, 0x00,
    0x00, 0x00, 0x00, 0x00, 0x00, 0x00, 0x00, 0x00, 0x00, 0x00, 0x00, 0x00, 0x00, 0x00, 0x00, 0x00,
    0x00, 0x00, 0x00, 0x00, 0x00, 0x00, 0x00, 0x00, 0x00, 0x00, 0x00, 0x00, 0x00, 0x00, 0x00, 0x00,
    0x00, 0x00, 0x00, 0x00, 0x00, 0x00, 0x00, 0x00, 0x00, 0x00, 0x00, 0x00, 0x00, 0x00, 0x00, 0x00,
    0x00, 0x00, 0x00, 0x00, 0x00, 0x00, 0x00, 0x00, 0x00, 0x00, 0x00, 0x00, 0x00, 0x00, 0x00, 0x00,
    0x00, 0x00, 0x00, 0x00, 0x00, 0x00, 0x00, 0x00, 0x00, 0x00, 0x00, 0x00, 0x00, 0x00, 0x00, 0x00,
    0x00, 0x00,
};

static const lv_image_dsc_t oc_wordmark_s = {
    .header = {
        .magic = LV_IMAGE_HEADER_MAGIC,
        .cf = LV_COLOR_FORMAT_RGB565,
        .flags = 0,
        .w = 117,
        .h = 21,
        .stride = 117 * 2,
        .reserved_2 = 0,
    },
    .data_size = sizeof(oc_wordmark_s_data),
    .data = oc_wordmark_s_data,
    .reserved = NULL,
    .reserved_2 = NULL,
};

